ISO-10303-21;
HEADER;
FILE_DESCRIPTION( ( 'Unknown' ), '1' );
FILE_NAME( 'C:/Users/anthony.segadaes/Documents/0-CAD-3D 2D/6912539100xx - MRT5P7.5/Construction_data/6912539100xx/691253910002/691253910002.stp', 'Unknown', ( 'Unknown' ), ( 'Unknown' ), 'PSStep 17.0.49', 'Unknown', '  ' );
FILE_SCHEMA( ( 'AUTOMOTIVE_DESIGN { 1 0 10303 214 1 1 1 1 }' ) );
ENDSEC;
DATA;
#1 = PRODUCT_DEFINITION_CONTEXT( '', #22, 'design' );
#2 = APPLICATION_PROTOCOL_DEFINITION( 'international standard', 'automotive_design', 2001, #22 );
#3 = PRODUCT_CATEGORY_RELATIONSHIP( 'NONE', 'NONE', #23, #24 );
#4 = SHAPE_DEFINITION_REPRESENTATION( #25, #26 );
#5 = PRODUCT_CATEGORY_RELATIONSHIP( 'NONE', 'NONE', #23, #27 );
#6 = CONTEXT_DEPENDENT_SHAPE_REPRESENTATION( #28, #29 );
#7 = SHAPE_DEFINITION_REPRESENTATION( #30, #31 );
#8 = SHAPE_REPRESENTATION_RELATIONSHIP( 'NONE', 'NONE', #31, #32 );
#9 = PRODUCT_CATEGORY_RELATIONSHIP( 'NONE', 'NONE', #23, #33 );
#10 = CONTEXT_DEPENDENT_SHAPE_REPRESENTATION( #34, #35 );
#11 = SHAPE_DEFINITION_REPRESENTATION( #36, #37 );
#12 = SHAPE_REPRESENTATION_RELATIONSHIP( 'NONE', 'NONE', #37, #38 );
#13 = PRODUCT_CATEGORY_RELATIONSHIP( 'NONE', 'NONE', #23, #39 );
#14 = CONTEXT_DEPENDENT_SHAPE_REPRESENTATION( #40, #41 );
#15 = SHAPE_DEFINITION_REPRESENTATION( #42, #43 );
#16 = SHAPE_REPRESENTATION_RELATIONSHIP( 'NONE', 'NONE', #43, #44 );
#17 = MECHANICAL_DESIGN_GEOMETRIC_PRESENTATION_REPRESENTATION( ' ', ( #45, #46, #47, #48, #49, #50, #51, #52, #53, #54, #55, #56, #57, #58, #59, #60, #61, #62, #63, #64, #65, #66, #67, #68, #69, #70, #71, #72, #73, #74, #75, #76, #77, #78, #79, #80, #81, #82, #83, #84, #85, #86, #87, #88, #89, #90, #91, #92, #93, #94, #95, #96, #97, #98, #99, #100, #101, #102, #103, #104, #105, #106, #107, #108, #109, #110, #111, #112, #113, #114, #115, #116, #117, #118, #119, #120, #121, #122, #123, #124, #125, #126, #127, #128, #129, #130, #131, #132, #133, #134, #135, #136, #137, #138, #139, #140, #141, #142, #143, #144, #145, #146, #147, #148, #149, #150, #151, #152, #153, #154, #155, #156, #157, #158, #159, #160, #161, #162, #163, #164, #165, #166, #167, #168, #169, #170, #171, #172, #173, #174, #175, #176, #177, #178, #179, #180, #181, #182, #183, #184, #185, #186, #187, #188, #189, #190, #191, #192, #193 ), #18 );
#18 =  ( GEOMETRIC_REPRESENTATION_CONTEXT( 3 )GLOBAL_UNCERTAINTY_ASSIGNED_CONTEXT( ( #196 ) )GLOBAL_UNIT_ASSIGNED_CONTEXT( ( #198, #199, #200 ) )REPRESENTATION_CONTEXT( 'NONE', 'WORKSPACE' ) );
#22 = APPLICATION_CONTEXT( 'core data for automotive mechanical design processes' );
#23 = PRODUCT_CATEGORY( 'part', 'NONE' );
#24 = PRODUCT_RELATED_PRODUCT_CATEGORY( 'detail', ' ', ( #202 ) );
#25 = PRODUCT_DEFINITION_SHAPE( 'NONE', 'NONE', #203 );
#26 = SHAPE_REPRESENTATION( 'Assem1', ( #204, #205, #206, #207 ), #208 );
#27 = PRODUCT_RELATED_PRODUCT_CATEGORY( 'detail', ' ', ( #209 ) );
#28 = ( REPRESENTATION_RELATIONSHIP( '', '', #31, #26 )REPRESENTATION_RELATIONSHIP_WITH_TRANSFORMATION( #212 )SHAPE_REPRESENTATION_RELATIONSHIP(  ) );
#29 = PRODUCT_DEFINITION_SHAPE( 'NAUO-PROD-DEF', 'NAUO-PROD-DEF', #214 );
#30 = PRODUCT_DEFINITION_SHAPE( 'NONE', 'NONE', #215 );
#31 = SHAPE_REPRESENTATION( 'MRT5P7.5_SX', ( #204 ), #208 );
#32 = ADVANCED_BREP_SHAPE_REPRESENTATION( 'MRT5P7.5_SX', ( #216 ), #18 );
#33 = PRODUCT_RELATED_PRODUCT_CATEGORY( 'detail', ' ', ( #217 ) );
#34 = ( REPRESENTATION_RELATIONSHIP( '', '', #37, #26 )REPRESENTATION_RELATIONSHIP_WITH_TRANSFORMATION( #220 )SHAPE_REPRESENTATION_RELATIONSHIP(  ) );
#35 = PRODUCT_DEFINITION_SHAPE( 'NAUO-PROD-DEF', 'NAUO-PROD-DEF', #222 );
#36 = PRODUCT_DEFINITION_SHAPE( 'NONE', 'NONE', #223 );
#37 = SHAPE_REPRESENTATION( 'MRT5P7.5_CNT', ( #204 ), #208 );
#38 = ADVANCED_BREP_SHAPE_REPRESENTATION( 'MRT5P7.5_CNT', ( #224 ), #18 );
#39 = PRODUCT_RELATED_PRODUCT_CATEGORY( 'detail', ' ', ( #225 ) );
#40 = ( REPRESENTATION_RELATIONSHIP( '', '', #43, #26 )REPRESENTATION_RELATIONSHIP_WITH_TRANSFORMATION( #228 )SHAPE_REPRESENTATION_RELATIONSHIP(  ) );
#41 = PRODUCT_DEFINITION_SHAPE( 'NAUO-PROD-DEF', 'NAUO-PROD-DEF', #230 );
#42 = PRODUCT_DEFINITION_SHAPE( 'NONE', 'NONE', #231 );
#43 = SHAPE_REPRESENTATION( 'MRT5P7.5_DX', ( #204 ), #208 );
#44 = ADVANCED_BREP_SHAPE_REPRESENTATION( 'MRT5P7.5_DX', ( #232 ), #18 );
#45 = STYLED_ITEM( '', ( #233 ), #234 );
#46 = STYLED_ITEM( '', ( #235 ), #236 );
#47 = STYLED_ITEM( '', ( #237 ), #238 );
#48 = STYLED_ITEM( '', ( #239 ), #240 );
#49 = STYLED_ITEM( '', ( #241 ), #242 );
#50 = STYLED_ITEM( '', ( #243 ), #244 );
#51 = STYLED_ITEM( '', ( #245 ), #246 );
#52 = STYLED_ITEM( '', ( #247 ), #248 );
#53 = STYLED_ITEM( '', ( #249 ), #250 );
#54 = STYLED_ITEM( '', ( #251 ), #252 );
#55 = STYLED_ITEM( '', ( #253 ), #254 );
#56 = STYLED_ITEM( '', ( #255 ), #256 );
#57 = STYLED_ITEM( '', ( #257 ), #258 );
#58 = STYLED_ITEM( '', ( #259 ), #260 );
#59 = STYLED_ITEM( '', ( #261 ), #262 );
#60 = STYLED_ITEM( '', ( #263 ), #264 );
#61 = STYLED_ITEM( '', ( #265 ), #266 );
#62 = STYLED_ITEM( '', ( #267 ), #268 );
#63 = STYLED_ITEM( '', ( #269 ), #270 );
#64 = STYLED_ITEM( '', ( #271 ), #272 );
#65 = STYLED_ITEM( '', ( #273 ), #274 );
#66 = STYLED_ITEM( '', ( #275 ), #276 );
#67 = STYLED_ITEM( '', ( #277 ), #278 );
#68 = STYLED_ITEM( '', ( #279 ), #280 );
#69 = STYLED_ITEM( '', ( #281 ), #282 );
#70 = STYLED_ITEM( '', ( #283 ), #284 );
#71 = STYLED_ITEM( '', ( #285 ), #286 );
#72 = STYLED_ITEM( '', ( #287 ), #288 );
#73 = STYLED_ITEM( '', ( #289 ), #290 );
#74 = STYLED_ITEM( '', ( #291 ), #292 );
#75 = STYLED_ITEM( '', ( #293 ), #294 );
#76 = STYLED_ITEM( '', ( #295 ), #296 );
#77 = STYLED_ITEM( '', ( #297 ), #298 );
#78 = STYLED_ITEM( '', ( #299 ), #300 );
#79 = STYLED_ITEM( '', ( #301 ), #302 );
#80 = STYLED_ITEM( '', ( #303 ), #304 );
#81 = STYLED_ITEM( '', ( #305 ), #306 );
#82 = STYLED_ITEM( '', ( #307 ), #308 );
#83 = STYLED_ITEM( '', ( #309 ), #310 );
#84 = STYLED_ITEM( '', ( #311 ), #312 );
#85 = STYLED_ITEM( '', ( #313 ), #314 );
#86 = STYLED_ITEM( '', ( #315 ), #316 );
#87 = STYLED_ITEM( '', ( #317 ), #318 );
#88 = STYLED_ITEM( '', ( #319 ), #320 );
#89 = STYLED_ITEM( '', ( #321 ), #322 );
#90 = STYLED_ITEM( '', ( #323 ), #324 );
#91 = STYLED_ITEM( '', ( #325 ), #326 );
#92 = STYLED_ITEM( '', ( #327 ), #328 );
#93 = STYLED_ITEM( '', ( #329 ), #330 );
#94 = STYLED_ITEM( '', ( #331 ), #332 );
#95 = STYLED_ITEM( '', ( #333 ), #334 );
#96 = STYLED_ITEM( '', ( #335 ), #336 );
#97 = STYLED_ITEM( '', ( #337 ), #338 );
#98 = STYLED_ITEM( '', ( #339 ), #340 );
#99 = STYLED_ITEM( '', ( #341 ), #342 );
#100 = STYLED_ITEM( '', ( #343 ), #344 );
#101 = STYLED_ITEM( '', ( #345 ), #346 );
#102 = STYLED_ITEM( '', ( #347 ), #348 );
#103 = STYLED_ITEM( '', ( #349 ), #350 );
#104 = STYLED_ITEM( '', ( #351 ), #352 );
#105 = STYLED_ITEM( '', ( #353 ), #354 );
#106 = STYLED_ITEM( '', ( #355 ), #356 );
#107 = STYLED_ITEM( '', ( #357 ), #358 );
#108 = STYLED_ITEM( '', ( #359 ), #360 );
#109 = STYLED_ITEM( '', ( #361 ), #362 );
#110 = STYLED_ITEM( '', ( #363 ), #364 );
#111 = STYLED_ITEM( '', ( #365 ), #366 );
#112 = STYLED_ITEM( '', ( #367 ), #368 );
#113 = STYLED_ITEM( '', ( #369 ), #370 );
#114 = STYLED_ITEM( '', ( #371 ), #372 );
#115 = STYLED_ITEM( '', ( #373 ), #374 );
#116 = STYLED_ITEM( '', ( #375 ), #376 );
#117 = STYLED_ITEM( '', ( #377 ), #378 );
#118 = STYLED_ITEM( '', ( #379 ), #380 );
#119 = STYLED_ITEM( '', ( #381 ), #382 );
#120 = STYLED_ITEM( '', ( #383 ), #384 );
#121 = STYLED_ITEM( '', ( #385 ), #386 );
#122 = STYLED_ITEM( '', ( #387 ), #388 );
#123 = STYLED_ITEM( '', ( #389 ), #390 );
#124 = STYLED_ITEM( '', ( #391 ), #392 );
#125 = STYLED_ITEM( '', ( #393 ), #394 );
#126 = STYLED_ITEM( '', ( #395 ), #396 );
#127 = STYLED_ITEM( '', ( #397 ), #398 );
#128 = STYLED_ITEM( '', ( #399 ), #400 );
#129 = STYLED_ITEM( '', ( #401 ), #402 );
#130 = STYLED_ITEM( '', ( #403 ), #404 );
#131 = STYLED_ITEM( '', ( #405 ), #406 );
#132 = STYLED_ITEM( '', ( #407 ), #408 );
#133 = STYLED_ITEM( '', ( #409 ), #410 );
#134 = STYLED_ITEM( '', ( #411 ), #412 );
#135 = STYLED_ITEM( '', ( #413 ), #414 );
#136 = STYLED_ITEM( '', ( #415 ), #416 );
#137 = STYLED_ITEM( '', ( #417 ), #418 );
#138 = STYLED_ITEM( '', ( #419 ), #420 );
#139 = STYLED_ITEM( '', ( #421 ), #422 );
#140 = STYLED_ITEM( '', ( #423 ), #424 );
#141 = STYLED_ITEM( '', ( #425 ), #426 );
#142 = STYLED_ITEM( '', ( #427 ), #428 );
#143 = STYLED_ITEM( '', ( #429 ), #430 );
#144 = STYLED_ITEM( '', ( #431 ), #432 );
#145 = STYLED_ITEM( '', ( #433 ), #434 );
#146 = STYLED_ITEM( '', ( #435 ), #436 );
#147 = STYLED_ITEM( '', ( #437 ), #438 );
#148 = STYLED_ITEM( '', ( #439 ), #440 );
#149 = STYLED_ITEM( '', ( #441 ), #442 );
#150 = STYLED_ITEM( '', ( #443 ), #444 );
#151 = STYLED_ITEM( '', ( #445 ), #446 );
#152 = STYLED_ITEM( '', ( #447 ), #448 );
#153 = STYLED_ITEM( '', ( #449 ), #450 );
#154 = STYLED_ITEM( '', ( #451 ), #452 );
#155 = STYLED_ITEM( '', ( #453 ), #454 );
#156 = STYLED_ITEM( '', ( #455 ), #456 );
#157 = STYLED_ITEM( '', ( #457 ), #458 );
#158 = STYLED_ITEM( '', ( #459 ), #460 );
#159 = STYLED_ITEM( '', ( #461 ), #462 );
#160 = STYLED_ITEM( '', ( #463 ), #464 );
#161 = STYLED_ITEM( '', ( #465 ), #466 );
#162 = STYLED_ITEM( '', ( #467 ), #468 );
#163 = STYLED_ITEM( '', ( #469 ), #470 );
#164 = STYLED_ITEM( '', ( #471 ), #472 );
#165 = STYLED_ITEM( '', ( #473 ), #474 );
#166 = STYLED_ITEM( '', ( #475 ), #476 );
#167 = STYLED_ITEM( '', ( #477 ), #478 );
#168 = STYLED_ITEM( '', ( #479 ), #480 );
#169 = STYLED_ITEM( '', ( #481 ), #482 );
#170 = STYLED_ITEM( '', ( #483 ), #484 );
#171 = STYLED_ITEM( '', ( #485 ), #486 );
#172 = STYLED_ITEM( '', ( #487 ), #488 );
#173 = STYLED_ITEM( '', ( #489 ), #490 );
#174 = STYLED_ITEM( '', ( #491 ), #492 );
#175 = STYLED_ITEM( '', ( #493 ), #494 );
#176 = STYLED_ITEM( '', ( #495 ), #496 );
#177 = STYLED_ITEM( '', ( #497 ), #498 );
#178 = STYLED_ITEM( '', ( #499 ), #500 );
#179 = STYLED_ITEM( '', ( #501 ), #502 );
#180 = STYLED_ITEM( '', ( #503 ), #504 );
#181 = STYLED_ITEM( '', ( #505 ), #506 );
#182 = STYLED_ITEM( '', ( #507 ), #508 );
#183 = STYLED_ITEM( '', ( #509 ), #510 );
#184 = STYLED_ITEM( '', ( #511 ), #512 );
#185 = STYLED_ITEM( '', ( #513 ), #514 );
#186 = STYLED_ITEM( '', ( #515 ), #516 );
#187 = STYLED_ITEM( '', ( #517 ), #518 );
#188 = STYLED_ITEM( '', ( #519 ), #520 );
#189 = STYLED_ITEM( '', ( #521 ), #522 );
#190 = STYLED_ITEM( '', ( #523 ), #524 );
#191 = STYLED_ITEM( '', ( #525 ), #526 );
#192 = STYLED_ITEM( '', ( #527 ), #528 );
#193 = STYLED_ITEM( '', ( #529 ), #530 );
#196 = UNCERTAINTY_MEASURE_WITH_UNIT( LENGTH_MEASURE( 0.00100000000000000 ), #198, '', '' );
#198 =  ( CONVERSION_BASED_UNIT( 'MILLIMETRE', #533 )LENGTH_UNIT(  )NAMED_UNIT( #536 ) );
#199 =  ( NAMED_UNIT( #538 )PLANE_ANGLE_UNIT(  )SI_UNIT( $, .RADIAN. ) );
#200 =  ( NAMED_UNIT( #538 )SI_UNIT( $, .STERADIAN. )SOLID_ANGLE_UNIT(  ) );
#202 = PRODUCT( 'Assem1', 'Assem1', 'PART-Assem1-DESC', ( #544 ) );
#203 = PRODUCT_DEFINITION( 'NONE', 'NONE', #545, #1 );
#204 = AXIS2_PLACEMENT_3D( '', #546, #547, #548 );
#205 = AXIS2_PLACEMENT_3D( '', #549, #550, #551 );
#206 = AXIS2_PLACEMENT_3D( '', #552, #553, #554 );
#207 = AXIS2_PLACEMENT_3D( '', #555, #556, #557 );
#208 =  ( GEOMETRIC_REPRESENTATION_CONTEXT( 3 )GLOBAL_UNCERTAINTY_ASSIGNED_CONTEXT( ( #560 ) )GLOBAL_UNIT_ASSIGNED_CONTEXT( ( #562, #563, #564 ) )REPRESENTATION_CONTEXT( 'NONE', 'WORKSPACE' ) );
#209 = PRODUCT( 'MRT5P7.5_SX', 'MRT5P7.5_SX', 'PART-MRT5P7.5_SX-DESC', ( #544 ) );
#212 = ITEM_DEFINED_TRANSFORMATION( '', '', #204, #205 );
#214 = NEXT_ASSEMBLY_USAGE_OCCURRENCE( 'NAUO1', 'MRT5P7.5_SX', 'MRT5P7.5_SX', #203, #215, $ );
#215 = PRODUCT_DEFINITION( 'MRT5P7.5_SX', 'MRT5P7.5_SX', #566, #1 );
#216 = MANIFOLD_SOLID_BREP( 'MRT5P7.5_SX', #567 );
#217 = PRODUCT( 'MRT5P7.5_CNT', 'MRT5P7.5_CNT', 'PART-MRT5P7.5_CNT-DESC', ( #544 ) );
#220 = ITEM_DEFINED_TRANSFORMATION( '', '', #204, #206 );
#222 = NEXT_ASSEMBLY_USAGE_OCCURRENCE( 'NAUO2', 'MRT5P7.5_CNT', 'MRT5P7.5_CNT', #203, #223, $ );
#223 = PRODUCT_DEFINITION( 'MRT5P7.5_CNT', 'MRT5P7.5_CNT', #568, #1 );
#224 = MANIFOLD_SOLID_BREP( 'MRT5P7.5_CNT', #569 );
#225 = PRODUCT( 'MRT5P7.5_DX', 'MRT5P7.5_DX', 'PART-MRT5P7.5_DX-DESC', ( #544 ) );
#228 = ITEM_DEFINED_TRANSFORMATION( '', '', #204, #207 );
#230 = NEXT_ASSEMBLY_USAGE_OCCURRENCE( 'NAUO3', 'MRT5P7.5_DX', 'MRT5P7.5_DX', #203, #231, $ );
#231 = PRODUCT_DEFINITION( 'MRT5P7.5_DX', 'MRT5P7.5_DX', #570, #1 );
#232 = MANIFOLD_SOLID_BREP( 'MRT5P7.5_DX', #571 );
#233 = PRESENTATION_STYLE_ASSIGNMENT( ( #572 ) );
#234 = ADVANCED_FACE( '', ( #573 ), #574, .T. );
#235 = PRESENTATION_STYLE_ASSIGNMENT( ( #575 ) );
#236 = ADVANCED_FACE( 'F11', ( #576 ), #577, .T. );
#237 = PRESENTATION_STYLE_ASSIGNMENT( ( #578 ) );
#238 = ADVANCED_FACE( '', ( #579 ), #580, .F. );
#239 = PRESENTATION_STYLE_ASSIGNMENT( ( #581 ) );
#240 = ADVANCED_FACE( '', ( #582 ), #583, .F. );
#241 = PRESENTATION_STYLE_ASSIGNMENT( ( #584 ) );
#242 = ADVANCED_FACE( '', ( #585 ), #586, .T. );
#243 = PRESENTATION_STYLE_ASSIGNMENT( ( #587 ) );
#244 = ADVANCED_FACE( '', ( #588 ), #589, .F. );
#245 = PRESENTATION_STYLE_ASSIGNMENT( ( #590 ) );
#246 = ADVANCED_FACE( 'F1142', ( #591 ), #592, .F. );
#247 = PRESENTATION_STYLE_ASSIGNMENT( ( #593 ) );
#248 = ADVANCED_FACE( '', ( #594 ), #595, .F. );
#249 = PRESENTATION_STYLE_ASSIGNMENT( ( #596 ) );
#250 = ADVANCED_FACE( '', ( #597 ), #598, .F. );
#251 = PRESENTATION_STYLE_ASSIGNMENT( ( #599 ) );
#252 = ADVANCED_FACE( 'F1037', ( #600 ), #601, .F. );
#253 = PRESENTATION_STYLE_ASSIGNMENT( ( #602 ) );
#254 = ADVANCED_FACE( '', ( #603 ), #604, .F. );
#255 = PRESENTATION_STYLE_ASSIGNMENT( ( #605 ) );
#256 = ADVANCED_FACE( '', ( #606 ), #607, .F. );
#257 = PRESENTATION_STYLE_ASSIGNMENT( ( #608 ) );
#258 = ADVANCED_FACE( '', ( #609 ), #610, .T. );
#259 = PRESENTATION_STYLE_ASSIGNMENT( ( #611 ) );
#260 = ADVANCED_FACE( '', ( #612 ), #613, .T. );
#261 = PRESENTATION_STYLE_ASSIGNMENT( ( #614 ) );
#262 = ADVANCED_FACE( '', ( #615 ), #616, .T. );
#263 = PRESENTATION_STYLE_ASSIGNMENT( ( #617 ) );
#264 = ADVANCED_FACE( 'F11', ( #618 ), #619, .T. );
#265 = PRESENTATION_STYLE_ASSIGNMENT( ( #620 ) );
#266 = ADVANCED_FACE( '', ( #621 ), #622, .T. );
#267 = PRESENTATION_STYLE_ASSIGNMENT( ( #623 ) );
#268 = ADVANCED_FACE( '', ( #624 ), #625, .F. );
#269 = PRESENTATION_STYLE_ASSIGNMENT( ( #626 ) );
#270 = ADVANCED_FACE( '', ( #627 ), #628, .T. );
#271 = PRESENTATION_STYLE_ASSIGNMENT( ( #629 ) );
#272 = ADVANCED_FACE( '', ( #630 ), #631, .T. );
#273 = PRESENTATION_STYLE_ASSIGNMENT( ( #632 ) );
#274 = ADVANCED_FACE( '', ( #633 ), #634, .T. );
#275 = PRESENTATION_STYLE_ASSIGNMENT( ( #635 ) );
#276 = ADVANCED_FACE( '', ( #636 ), #637, .T. );
#277 = PRESENTATION_STYLE_ASSIGNMENT( ( #638 ) );
#278 = ADVANCED_FACE( '', ( #639 ), #640, .T. );
#279 = PRESENTATION_STYLE_ASSIGNMENT( ( #641 ) );
#280 = ADVANCED_FACE( 'F1313', ( #642 ), #643, .F. );
#281 = PRESENTATION_STYLE_ASSIGNMENT( ( #644 ) );
#282 = ADVANCED_FACE( 'F1223', ( #645 ), #646, .T. );
#283 = PRESENTATION_STYLE_ASSIGNMENT( ( #647 ) );
#284 = ADVANCED_FACE( '', ( #648 ), #649, .T. );
#285 = PRESENTATION_STYLE_ASSIGNMENT( ( #650 ) );
#286 = ADVANCED_FACE( '', ( #651 ), #652, .T. );
#287 = PRESENTATION_STYLE_ASSIGNMENT( ( #653 ) );
#288 = ADVANCED_FACE( '', ( #654 ), #655, .T. );
#289 = PRESENTATION_STYLE_ASSIGNMENT( ( #656 ) );
#290 = ADVANCED_FACE( '', ( #657 ), #658, .T. );
#291 = PRESENTATION_STYLE_ASSIGNMENT( ( #659 ) );
#292 = ADVANCED_FACE( '', ( #660 ), #661, .T. );
#293 = PRESENTATION_STYLE_ASSIGNMENT( ( #662 ) );
#294 = ADVANCED_FACE( '', ( #663 ), #664, .F. );
#295 = PRESENTATION_STYLE_ASSIGNMENT( ( #665 ) );
#296 = ADVANCED_FACE( '', ( #666 ), #667, .T. );
#297 = PRESENTATION_STYLE_ASSIGNMENT( ( #668 ) );
#298 = ADVANCED_FACE( '', ( #669 ), #670, .F. );
#299 = PRESENTATION_STYLE_ASSIGNMENT( ( #671 ) );
#300 = ADVANCED_FACE( '', ( #672 ), #673, .T. );
#301 = PRESENTATION_STYLE_ASSIGNMENT( ( #674 ) );
#302 = ADVANCED_FACE( '', ( #675 ), #676, .T. );
#303 = PRESENTATION_STYLE_ASSIGNMENT( ( #677 ) );
#304 = ADVANCED_FACE( '', ( #678 ), #679, .T. );
#305 = PRESENTATION_STYLE_ASSIGNMENT( ( #680 ) );
#306 = ADVANCED_FACE( '', ( #681 ), #682, .T. );
#307 = PRESENTATION_STYLE_ASSIGNMENT( ( #683 ) );
#308 = ADVANCED_FACE( '', ( #684 ), #685, .F. );
#309 = PRESENTATION_STYLE_ASSIGNMENT( ( #686 ) );
#310 = ADVANCED_FACE( '', ( #687 ), #688, .T. );
#311 = PRESENTATION_STYLE_ASSIGNMENT( ( #689 ) );
#312 = ADVANCED_FACE( '', ( #690 ), #691, .T. );
#313 = PRESENTATION_STYLE_ASSIGNMENT( ( #692 ) );
#314 = ADVANCED_FACE( 'F190', ( #693 ), #694, .F. );
#315 = PRESENTATION_STYLE_ASSIGNMENT( ( #695 ) );
#316 = ADVANCED_FACE( '', ( #696 ), #697, .T. );
#317 = PRESENTATION_STYLE_ASSIGNMENT( ( #698 ) );
#318 = ADVANCED_FACE( '', ( #699 ), #700, .T. );
#319 = PRESENTATION_STYLE_ASSIGNMENT( ( #701 ) );
#320 = ADVANCED_FACE( '', ( #702 ), #703, .T. );
#321 = PRESENTATION_STYLE_ASSIGNMENT( ( #704 ) );
#322 = ADVANCED_FACE( '', ( #705 ), #706, .T. );
#323 = PRESENTATION_STYLE_ASSIGNMENT( ( #707 ) );
#324 = ADVANCED_FACE( '', ( #708 ), #709, .T. );
#325 = PRESENTATION_STYLE_ASSIGNMENT( ( #710 ) );
#326 = ADVANCED_FACE( '', ( #711 ), #712, .T. );
#327 = PRESENTATION_STYLE_ASSIGNMENT( ( #713 ) );
#328 = ADVANCED_FACE( '', ( #714 ), #715, .T. );
#329 = PRESENTATION_STYLE_ASSIGNMENT( ( #716 ) );
#330 = ADVANCED_FACE( '', ( #717 ), #718, .F. );
#331 = PRESENTATION_STYLE_ASSIGNMENT( ( #719 ) );
#332 = ADVANCED_FACE( 'F190', ( #720 ), #721, .F. );
#333 = PRESENTATION_STYLE_ASSIGNMENT( ( #722 ) );
#334 = ADVANCED_FACE( '', ( #723 ), #724, .T. );
#335 = PRESENTATION_STYLE_ASSIGNMENT( ( #725 ) );
#336 = ADVANCED_FACE( '', ( #726 ), #727, .F. );
#337 = PRESENTATION_STYLE_ASSIGNMENT( ( #728 ) );
#338 = ADVANCED_FACE( '', ( #729 ), #730, .F. );
#339 = PRESENTATION_STYLE_ASSIGNMENT( ( #731 ) );
#340 = ADVANCED_FACE( '', ( #732 ), #733, .T. );
#341 = PRESENTATION_STYLE_ASSIGNMENT( ( #734 ) );
#342 = ADVANCED_FACE( '', ( #735 ), #736, .F. );
#343 = PRESENTATION_STYLE_ASSIGNMENT( ( #737 ) );
#344 = ADVANCED_FACE( 'F886', ( #738 ), #739, .F. );
#345 = PRESENTATION_STYLE_ASSIGNMENT( ( #740 ) );
#346 = ADVANCED_FACE( '', ( #741 ), #742, .T. );
#347 = PRESENTATION_STYLE_ASSIGNMENT( ( #743 ) );
#348 = ADVANCED_FACE( '', ( #744 ), #745, .F. );
#349 = PRESENTATION_STYLE_ASSIGNMENT( ( #746 ) );
#350 = ADVANCED_FACE( '', ( #747 ), #748, .T. );
#351 = PRESENTATION_STYLE_ASSIGNMENT( ( #749 ) );
#352 = ADVANCED_FACE( '', ( #750 ), #751, .F. );
#353 = PRESENTATION_STYLE_ASSIGNMENT( ( #752 ) );
#354 = ADVANCED_FACE( '', ( #753 ), #754, .T. );
#355 = PRESENTATION_STYLE_ASSIGNMENT( ( #755 ) );
#356 = ADVANCED_FACE( '', ( #756 ), #757, .F. );
#357 = PRESENTATION_STYLE_ASSIGNMENT( ( #758 ) );
#358 = ADVANCED_FACE( '', ( #759 ), #760, .T. );
#359 = PRESENTATION_STYLE_ASSIGNMENT( ( #761 ) );
#360 = ADVANCED_FACE( '', ( #762 ), #763, .F. );
#361 = PRESENTATION_STYLE_ASSIGNMENT( ( #764 ) );
#362 = ADVANCED_FACE( 'F12', ( #765 ), #766, .T. );
#363 = PRESENTATION_STYLE_ASSIGNMENT( ( #767 ) );
#364 = ADVANCED_FACE( '', ( #768 ), #769, .F. );
#365 = PRESENTATION_STYLE_ASSIGNMENT( ( #770 ) );
#366 = ADVANCED_FACE( '', ( #771 ), #772, .T. );
#367 = PRESENTATION_STYLE_ASSIGNMENT( ( #773 ) );
#368 = ADVANCED_FACE( '', ( #774 ), #775, .F. );
#369 = PRESENTATION_STYLE_ASSIGNMENT( ( #776 ) );
#370 = ADVANCED_FACE( '', ( #777 ), #778, .T. );
#371 = PRESENTATION_STYLE_ASSIGNMENT( ( #779 ) );
#372 = ADVANCED_FACE( '', ( #780 ), #781, .T. );
#373 = PRESENTATION_STYLE_ASSIGNMENT( ( #782 ) );
#374 = ADVANCED_FACE( '', ( #783 ), #784, .T. );
#375 = PRESENTATION_STYLE_ASSIGNMENT( ( #785 ) );
#376 = ADVANCED_FACE( '', ( #786 ), #787, .T. );
#377 = PRESENTATION_STYLE_ASSIGNMENT( ( #788 ) );
#378 = ADVANCED_FACE( '', ( #789 ), #790, .T. );
#379 = PRESENTATION_STYLE_ASSIGNMENT( ( #791 ) );
#380 = ADVANCED_FACE( '', ( #792 ), #793, .T. );
#381 = PRESENTATION_STYLE_ASSIGNMENT( ( #794 ) );
#382 = ADVANCED_FACE( 'F192', ( #795 ), #796, .F. );
#383 = PRESENTATION_STYLE_ASSIGNMENT( ( #797 ) );
#384 = ADVANCED_FACE( '', ( #798 ), #799, .T. );
#385 = PRESENTATION_STYLE_ASSIGNMENT( ( #800 ) );
#386 = ADVANCED_FACE( '', ( #801 ), #802, .T. );
#387 = PRESENTATION_STYLE_ASSIGNMENT( ( #803 ) );
#388 = ADVANCED_FACE( '', ( #804 ), #805, .F. );
#389 = PRESENTATION_STYLE_ASSIGNMENT( ( #806 ) );
#390 = ADVANCED_FACE( 'F12', ( #807 ), #808, .T. );
#391 = PRESENTATION_STYLE_ASSIGNMENT( ( #809 ) );
#392 = ADVANCED_FACE( '', ( #810 ), #811, .T. );
#393 = PRESENTATION_STYLE_ASSIGNMENT( ( #812 ) );
#394 = ADVANCED_FACE( '', ( #813 ), #814, .T. );
#395 = PRESENTATION_STYLE_ASSIGNMENT( ( #815 ) );
#396 = ADVANCED_FACE( '', ( #816 ), #817, .F. );
#397 = PRESENTATION_STYLE_ASSIGNMENT( ( #818 ) );
#398 = ADVANCED_FACE( '', ( #819 ), #820, .T. );
#399 = PRESENTATION_STYLE_ASSIGNMENT( ( #821 ) );
#400 = ADVANCED_FACE( '', ( #822 ), #823, .T. );
#401 = PRESENTATION_STYLE_ASSIGNMENT( ( #824 ) );
#402 = ADVANCED_FACE( 'F191', ( #825 ), #826, .F. );
#403 = PRESENTATION_STYLE_ASSIGNMENT( ( #827 ) );
#404 = ADVANCED_FACE( '', ( #828 ), #829, .T. );
#405 = PRESENTATION_STYLE_ASSIGNMENT( ( #830 ) );
#406 = ADVANCED_FACE( '', ( #831 ), #832, .T. );
#407 = PRESENTATION_STYLE_ASSIGNMENT( ( #833 ) );
#408 = ADVANCED_FACE( '', ( #834 ), #835, .F. );
#409 = PRESENTATION_STYLE_ASSIGNMENT( ( #836 ) );
#410 = ADVANCED_FACE( '', ( #837 ), #838, .T. );
#411 = PRESENTATION_STYLE_ASSIGNMENT( ( #839 ) );
#412 = ADVANCED_FACE( '', ( #840 ), #841, .T. );
#413 = PRESENTATION_STYLE_ASSIGNMENT( ( #842 ) );
#414 = ADVANCED_FACE( '', ( #843 ), #844, .T. );
#415 = PRESENTATION_STYLE_ASSIGNMENT( ( #845 ) );
#416 = ADVANCED_FACE( 'F1303', ( #846 ), #847, .F. );
#417 = PRESENTATION_STYLE_ASSIGNMENT( ( #848 ) );
#418 = ADVANCED_FACE( '', ( #849 ), #850, .F. );
#419 = PRESENTATION_STYLE_ASSIGNMENT( ( #851 ) );
#420 = ADVANCED_FACE( '', ( #852 ), #853, .F. );
#421 = PRESENTATION_STYLE_ASSIGNMENT( ( #854 ) );
#422 = ADVANCED_FACE( '', ( #855 ), #856, .T. );
#423 = PRESENTATION_STYLE_ASSIGNMENT( ( #857 ) );
#424 = ADVANCED_FACE( '', ( #858 ), #859, .T. );
#425 = PRESENTATION_STYLE_ASSIGNMENT( ( #860 ) );
#426 = ADVANCED_FACE( '', ( #861 ), #862, .F. );
#427 = PRESENTATION_STYLE_ASSIGNMENT( ( #863 ) );
#428 = ADVANCED_FACE( '', ( #864 ), #865, .F. );
#429 = PRESENTATION_STYLE_ASSIGNMENT( ( #866 ) );
#430 = ADVANCED_FACE( '', ( #867 ), #868, .F. );
#431 = PRESENTATION_STYLE_ASSIGNMENT( ( #869 ) );
#432 = ADVANCED_FACE( '', ( #870, #871 ), #872, .T. );
#433 = PRESENTATION_STYLE_ASSIGNMENT( ( #873 ) );
#434 = ADVANCED_FACE( '', ( #874 ), #875, .F. );
#435 = PRESENTATION_STYLE_ASSIGNMENT( ( #876 ) );
#436 = ADVANCED_FACE( '', ( #877 ), #878, .T. );
#437 = PRESENTATION_STYLE_ASSIGNMENT( ( #879 ) );
#438 = ADVANCED_FACE( '', ( #880 ), #881, .F. );
#439 = PRESENTATION_STYLE_ASSIGNMENT( ( #882 ) );
#440 = ADVANCED_FACE( '', ( #883 ), #884, .F. );
#441 = PRESENTATION_STYLE_ASSIGNMENT( ( #885 ) );
#442 = ADVANCED_FACE( '', ( #886 ), #887, .T. );
#443 = PRESENTATION_STYLE_ASSIGNMENT( ( #888 ) );
#444 = ADVANCED_FACE( '', ( #889 ), #890, .F. );
#445 = PRESENTATION_STYLE_ASSIGNMENT( ( #891 ) );
#446 = ADVANCED_FACE( '', ( #892 ), #893, .T. );
#447 = PRESENTATION_STYLE_ASSIGNMENT( ( #894 ) );
#448 = ADVANCED_FACE( '', ( #895 ), #896, .T. );
#449 = PRESENTATION_STYLE_ASSIGNMENT( ( #897 ) );
#450 = ADVANCED_FACE( '', ( #898 ), #899, .T. );
#451 = PRESENTATION_STYLE_ASSIGNMENT( ( #900 ) );
#452 = ADVANCED_FACE( '', ( #901 ), #902, .T. );
#453 = PRESENTATION_STYLE_ASSIGNMENT( ( #903 ) );
#454 = ADVANCED_FACE( 'F887', ( #904 ), #905, .F. );
#455 = PRESENTATION_STYLE_ASSIGNMENT( ( #906 ) );
#456 = ADVANCED_FACE( '', ( #907 ), #908, .F. );
#457 = PRESENTATION_STYLE_ASSIGNMENT( ( #909 ) );
#458 = ADVANCED_FACE( '', ( #910 ), #911, .T. );
#459 = PRESENTATION_STYLE_ASSIGNMENT( ( #912 ) );
#460 = ADVANCED_FACE( '', ( #913 ), #914, .T. );
#461 = PRESENTATION_STYLE_ASSIGNMENT( ( #915 ) );
#462 = ADVANCED_FACE( '', ( #916 ), #917, .F. );
#463 = PRESENTATION_STYLE_ASSIGNMENT( ( #918 ) );
#464 = ADVANCED_FACE( '', ( #919 ), #920, .T. );
#465 = PRESENTATION_STYLE_ASSIGNMENT( ( #921 ) );
#466 = ADVANCED_FACE( '', ( #922 ), #923, .F. );
#467 = PRESENTATION_STYLE_ASSIGNMENT( ( #924 ) );
#468 = ADVANCED_FACE( '', ( #925 ), #926, .F. );
#469 = PRESENTATION_STYLE_ASSIGNMENT( ( #927 ) );
#470 = ADVANCED_FACE( '', ( #928, #929 ), #930, .T. );
#471 = PRESENTATION_STYLE_ASSIGNMENT( ( #931 ) );
#472 = ADVANCED_FACE( '', ( #932 ), #933, .T. );
#473 = PRESENTATION_STYLE_ASSIGNMENT( ( #934 ) );
#474 = ADVANCED_FACE( '', ( #935 ), #936, .F. );
#475 = PRESENTATION_STYLE_ASSIGNMENT( ( #937 ) );
#476 = ADVANCED_FACE( '', ( #938 ), #939, .T. );
#477 = PRESENTATION_STYLE_ASSIGNMENT( ( #940 ) );
#478 = ADVANCED_FACE( '', ( #941 ), #942, .F. );
#479 = PRESENTATION_STYLE_ASSIGNMENT( ( #943 ) );
#480 = ADVANCED_FACE( '', ( #944 ), #945, .T. );
#481 = PRESENTATION_STYLE_ASSIGNMENT( ( #946 ) );
#482 = ADVANCED_FACE( '', ( #947 ), #948, .T. );
#483 = PRESENTATION_STYLE_ASSIGNMENT( ( #949 ) );
#484 = ADVANCED_FACE( '', ( #950 ), #951, .T. );
#485 = PRESENTATION_STYLE_ASSIGNMENT( ( #952 ) );
#486 = ADVANCED_FACE( '', ( #953 ), #954, .T. );
#487 = PRESENTATION_STYLE_ASSIGNMENT( ( #955 ) );
#488 = ADVANCED_FACE( 'F191', ( #956 ), #957, .F. );
#489 = PRESENTATION_STYLE_ASSIGNMENT( ( #958 ) );
#490 = ADVANCED_FACE( 'F192', ( #959 ), #960, .F. );
#491 = PRESENTATION_STYLE_ASSIGNMENT( ( #961 ) );
#492 = ADVANCED_FACE( '', ( #962 ), #963, .F. );
#493 = PRESENTATION_STYLE_ASSIGNMENT( ( #964 ) );
#494 = ADVANCED_FACE( '', ( #965 ), #966, .T. );
#495 = PRESENTATION_STYLE_ASSIGNMENT( ( #967 ) );
#496 = ADVANCED_FACE( '', ( #968 ), #969, .T. );
#497 = PRESENTATION_STYLE_ASSIGNMENT( ( #970 ) );
#498 = ADVANCED_FACE( '', ( #971 ), #972, .F. );
#499 = PRESENTATION_STYLE_ASSIGNMENT( ( #973 ) );
#500 = ADVANCED_FACE( '', ( #974 ), #975, .T. );
#501 = PRESENTATION_STYLE_ASSIGNMENT( ( #976 ) );
#502 = ADVANCED_FACE( '', ( #977 ), #978, .T. );
#503 = PRESENTATION_STYLE_ASSIGNMENT( ( #979 ) );
#504 = ADVANCED_FACE( '', ( #980 ), #981, .T. );
#505 = PRESENTATION_STYLE_ASSIGNMENT( ( #982 ) );
#506 = ADVANCED_FACE( '', ( #983 ), #984, .F. );
#507 = PRESENTATION_STYLE_ASSIGNMENT( ( #985 ) );
#508 = ADVANCED_FACE( '', ( #986 ), #987, .T. );
#509 = PRESENTATION_STYLE_ASSIGNMENT( ( #988 ) );
#510 = ADVANCED_FACE( '', ( #989 ), #990, .T. );
#511 = PRESENTATION_STYLE_ASSIGNMENT( ( #991 ) );
#512 = ADVANCED_FACE( '', ( #992 ), #993, .F. );
#513 = PRESENTATION_STYLE_ASSIGNMENT( ( #994 ) );
#514 = ADVANCED_FACE( '', ( #995 ), #996, .T. );
#515 = PRESENTATION_STYLE_ASSIGNMENT( ( #997 ) );
#516 = ADVANCED_FACE( '', ( #998 ), #999, .T. );
#517 = PRESENTATION_STYLE_ASSIGNMENT( ( #1000 ) );
#518 = ADVANCED_FACE( '', ( #1001 ), #1002, .F. );
#519 = PRESENTATION_STYLE_ASSIGNMENT( ( #1003 ) );
#520 = ADVANCED_FACE( '', ( #1004 ), #1005, .F. );
#521 = PRESENTATION_STYLE_ASSIGNMENT( ( #1006 ) );
#522 = ADVANCED_FACE( '', ( #1007 ), #1008, .T. );
#523 = PRESENTATION_STYLE_ASSIGNMENT( ( #1009 ) );
#524 = ADVANCED_FACE( '', ( #1010 ), #1011, .F. );
#525 = PRESENTATION_STYLE_ASSIGNMENT( ( #1012 ) );
#526 = ADVANCED_FACE( '', ( #1013 ), #1014, .F. );
#527 = PRESENTATION_STYLE_ASSIGNMENT( ( #1015 ) );
#528 = ADVANCED_FACE( '', ( #1016 ), #1017, .T. );
#529 = PRESENTATION_STYLE_ASSIGNMENT( ( #1018 ) );
#530 = ADVANCED_FACE( '', ( #1019 ), #1020, .F. );
#533 = LENGTH_MEASURE_WITH_UNIT( LENGTH_MEASURE( 1.00000000000000 ), #1021 );
#536 = DIMENSIONAL_EXPONENTS( 1.00000000000000, 0.000000000000000, 0.000000000000000, 0.000000000000000, 0.000000000000000, 0.000000000000000, 0.000000000000000 );
#538 = DIMENSIONAL_EXPONENTS( 0.000000000000000, 0.000000000000000, 0.000000000000000, 0.000000000000000, 0.000000000000000, 0.000000000000000, 0.000000000000000 );
#544 = PRODUCT_CONTEXT( '', #22, 'mechanical' );
#545 = PRODUCT_DEFINITION_FORMATION_WITH_SPECIFIED_SOURCE( ' ', 'NONE', #202, .NOT_KNOWN. );
#546 = CARTESIAN_POINT( '', ( 0.000000000000000, 0.000000000000000, 0.000000000000000 ) );
#547 = DIRECTION( '', ( 0.000000000000000, 0.000000000000000, 1.00000000000000 ) );
#548 = DIRECTION( '', ( 1.00000000000000, 0.000000000000000, 0.000000000000000 ) );
#549 = CARTESIAN_POINT( '', ( 0.000000000000000, 0.000000000000000, 0.000000000000000 ) );
#550 = DIRECTION( '', ( 0.000000000000000, 0.000000000000000, 1.00000000000000 ) );
#551 = DIRECTION( '', ( 1.00000000000000, 0.000000000000000, 0.000000000000000 ) );
#552 = CARTESIAN_POINT( '', ( 1.57165946923499E-015, -3.75000000000000, 1.30104260698260E-015 ) );
#553 = DIRECTION( '', ( 0.000000000000000, 0.000000000000000, 1.00000000000000 ) );
#554 = DIRECTION( '', ( 1.00000000000000, 0.000000000000000, 0.000000000000000 ) );
#555 = CARTESIAN_POINT( '', ( -1.73472347597680E-015, -11.2500000000000, -2.18611961345394E-015 ) );
#556 = DIRECTION( '', ( 0.000000000000000, 0.000000000000000, 1.00000000000000 ) );
#557 = DIRECTION( '', ( 1.00000000000000, 0.000000000000000, 0.000000000000000 ) );
#560 = UNCERTAINTY_MEASURE_WITH_UNIT( LENGTH_MEASURE( 0.00100000000000000 ), #562, '', '' );
#562 =  ( CONVERSION_BASED_UNIT( 'MILLIMETRE', #1024 )LENGTH_UNIT(  )NAMED_UNIT( #1027 ) );
#563 =  ( NAMED_UNIT( #1029 )PLANE_ANGLE_UNIT(  )SI_UNIT( $, .RADIAN. ) );
#564 =  ( NAMED_UNIT( #1029 )SI_UNIT( $, .STERADIAN. )SOLID_ANGLE_UNIT(  ) );
#566 = PRODUCT_DEFINITION_FORMATION_WITH_SPECIFIED_SOURCE( ' ', 'NONE', #209, .NOT_KNOWN. );
#567 = CLOSED_SHELL( '', ( #264, #490, #282, #362, #332, #344, #522, #386, #258, #436, #526, #408, #380, #442, #418, #238, #322, #270, #302, #428, #290, #480, #510, #324, #346, #304, #462, #398, #272, #404, #524, #240, #438, #440, #504, #376, #326, #318, #406, #328, #446, #378, #478, #358 ) );
#568 = PRODUCT_DEFINITION_FORMATION_WITH_SPECIFIED_SOURCE( ' ', 'NONE', #217, .NOT_KNOWN. );
#569 = CLOSED_SHELL( '', ( #486, #530, #336, #256, #384, #298, #498, #364, #330, #306, #286, #334, #460, #248, #394, #242, #484, #314, #472, #244, #310, #354, #294, #390, #500, #254, #234, #366, #236, #514, #520, #474, #488, #448, #266, #420, #400, #246, #316, #262, #426, #410, #348, #382, #412, #516, #466, #432, #268, #470, #342, #464, #296, #368, #492, #320, #292, #374, #388, #450, #260 ) );
#570 = PRODUCT_DEFINITION_FORMATION_WITH_SPECIFIED_SOURCE( ' ', 'NONE', #225, .NOT_KNOWN. );
#571 = CLOSED_SHELL( '', ( #452, #528, #496, #312, #360, #308, #422, #356, #280, #278, #276, #454, #274, #252, #506, #512, #338, #284, #430, #350, #508, #300, #414, #340, #494, #288, #250, #444, #396, #456, #402, #370, #482, #458, #434, #502, #372, #392, #424, #416, #518, #476, #468, #352 ) );
#572 = SURFACE_STYLE_USAGE( .BOTH., #1035 );
#573 = FACE_OUTER_BOUND( '', #1036, .T. );
#574 = PLANE( '', #1037 );
#575 = SURFACE_STYLE_USAGE( .BOTH., #1038 );
#576 = FACE_OUTER_BOUND( '', #1039, .T. );
#577 = PLANE( '', #1040 );
#578 = SURFACE_STYLE_USAGE( .BOTH., #1041 );
#579 = FACE_OUTER_BOUND( '', #1042, .T. );
#580 = CYLINDRICAL_SURFACE( '', #1043, 2.00000000000000 );
#581 = SURFACE_STYLE_USAGE( .BOTH., #1044 );
#582 = FACE_OUTER_BOUND( '', #1045, .T. );
#583 = PLANE( '', #1046 );
#584 = SURFACE_STYLE_USAGE( .BOTH., #1047 );
#585 = FACE_OUTER_BOUND( '', #1048, .T. );
#586 = PLANE( '', #1049 );
#587 = SURFACE_STYLE_USAGE( .BOTH., #1050 );
#588 = FACE_OUTER_BOUND( '', #1051, .T. );
#589 = PLANE( '', #1052 );
#590 = SURFACE_STYLE_USAGE( .BOTH., #1053 );
#591 = FACE_OUTER_BOUND( '', #1054, .T. );
#592 = CYLINDRICAL_SURFACE( '', #1055, 2.00000000000000 );
#593 = SURFACE_STYLE_USAGE( .BOTH., #1056 );
#594 = FACE_OUTER_BOUND( '', #1057, .T. );
#595 = PLANE( '', #1058 );
#596 = SURFACE_STYLE_USAGE( .BOTH., #1059 );
#597 = FACE_OUTER_BOUND( '', #1060, .T. );
#598 = PLANE( '', #1061 );
#599 = SURFACE_STYLE_USAGE( .BOTH., #1062 );
#600 = FACE_OUTER_BOUND( '', #1063, .T. );
#601 = PLANE( '', #1064 );
#602 = SURFACE_STYLE_USAGE( .BOTH., #1065 );
#603 = FACE_OUTER_BOUND( '', #1066, .T. );
#604 = PLANE( '', #1067 );
#605 = SURFACE_STYLE_USAGE( .BOTH., #1068 );
#606 = FACE_OUTER_BOUND( '', #1069, .T. );
#607 = PLANE( '', #1070 );
#608 = SURFACE_STYLE_USAGE( .BOTH., #1071 );
#609 = FACE_OUTER_BOUND( '', #1072, .T. );
#610 = PLANE( '', #1073 );
#611 = SURFACE_STYLE_USAGE( .BOTH., #1074 );
#612 = FACE_OUTER_BOUND( '', #1075, .T. );
#613 = PLANE( '', #1076 );
#614 = SURFACE_STYLE_USAGE( .BOTH., #1077 );
#615 = FACE_OUTER_BOUND( '', #1078, .T. );
#616 = PLANE( '', #1079 );
#617 = SURFACE_STYLE_USAGE( .BOTH., #1080 );
#618 = FACE_OUTER_BOUND( '', #1081, .T. );
#619 = PLANE( '', #1082 );
#620 = SURFACE_STYLE_USAGE( .BOTH., #1083 );
#621 = FACE_OUTER_BOUND( '', #1084, .T. );
#622 = PLANE( '', #1085 );
#623 = SURFACE_STYLE_USAGE( .BOTH., #1086 );
#624 = FACE_OUTER_BOUND( '', #1087, .T. );
#625 = PLANE( '', #1088 );
#626 = SURFACE_STYLE_USAGE( .BOTH., #1089 );
#627 = FACE_OUTER_BOUND( '', #1090, .T. );
#628 = PLANE( '', #1091 );
#629 = SURFACE_STYLE_USAGE( .BOTH., #1092 );
#630 = FACE_OUTER_BOUND( '', #1093, .T. );
#631 = PLANE( '', #1094 );
#632 = SURFACE_STYLE_USAGE( .BOTH., #1095 );
#633 = FACE_OUTER_BOUND( '', #1096, .T. );
#634 = PLANE( '', #1097 );
#635 = SURFACE_STYLE_USAGE( .BOTH., #1098 );
#636 = FACE_OUTER_BOUND( '', #1099, .T. );
#637 = PLANE( '', #1100 );
#638 = SURFACE_STYLE_USAGE( .BOTH., #1101 );
#639 = FACE_OUTER_BOUND( '', #1102, .T. );
#640 = PLANE( '', #1103 );
#641 = SURFACE_STYLE_USAGE( .BOTH., #1104 );
#642 = FACE_OUTER_BOUND( '', #1105, .T. );
#643 = CYLINDRICAL_SURFACE( '', #1106, 2.00000000000000 );
#644 = SURFACE_STYLE_USAGE( .BOTH., #1107 );
#645 = FACE_OUTER_BOUND( '', #1108, .T. );
#646 = PLANE( '', #1109 );
#647 = SURFACE_STYLE_USAGE( .BOTH., #1110 );
#648 = FACE_OUTER_BOUND( '', #1111, .T. );
#649 = PLANE( '', #1112 );
#650 = SURFACE_STYLE_USAGE( .BOTH., #1113 );
#651 = FACE_OUTER_BOUND( '', #1114, .T. );
#652 = PLANE( '', #1115 );
#653 = SURFACE_STYLE_USAGE( .BOTH., #1116 );
#654 = FACE_OUTER_BOUND( '', #1117, .T. );
#655 = PLANE( '', #1118 );
#656 = SURFACE_STYLE_USAGE( .BOTH., #1119 );
#657 = FACE_OUTER_BOUND( '', #1120, .T. );
#658 = PLANE( '', #1121 );
#659 = SURFACE_STYLE_USAGE( .BOTH., #1122 );
#660 = FACE_OUTER_BOUND( '', #1123, .T. );
#661 = PLANE( '', #1124 );
#662 = SURFACE_STYLE_USAGE( .BOTH., #1125 );
#663 = FACE_OUTER_BOUND( '', #1126, .T. );
#664 = PLANE( '', #1127 );
#665 = SURFACE_STYLE_USAGE( .BOTH., #1128 );
#666 = FACE_OUTER_BOUND( '', #1129, .T. );
#667 = PLANE( '', #1130 );
#668 = SURFACE_STYLE_USAGE( .BOTH., #1131 );
#669 = FACE_OUTER_BOUND( '', #1132, .T. );
#670 = PLANE( '', #1133 );
#671 = SURFACE_STYLE_USAGE( .BOTH., #1134 );
#672 = FACE_OUTER_BOUND( '', #1135, .T. );
#673 = PLANE( '', #1136 );
#674 = SURFACE_STYLE_USAGE( .BOTH., #1137 );
#675 = FACE_OUTER_BOUND( '', #1138, .T. );
#676 = PLANE( '', #1139 );
#677 = SURFACE_STYLE_USAGE( .BOTH., #1140 );
#678 = FACE_OUTER_BOUND( '', #1141, .T. );
#679 = CYLINDRICAL_SURFACE( '', #1142, 0.100000000000000 );
#680 = SURFACE_STYLE_USAGE( .BOTH., #1143 );
#681 = FACE_OUTER_BOUND( '', #1144, .T. );
#682 = PLANE( '', #1145 );
#683 = SURFACE_STYLE_USAGE( .BOTH., #1146 );
#684 = FACE_OUTER_BOUND( '', #1147, .T. );
#685 = PLANE( '', #1148 );
#686 = SURFACE_STYLE_USAGE( .BOTH., #1149 );
#687 = FACE_OUTER_BOUND( '', #1150, .T. );
#688 = PLANE( '', #1151 );
#689 = SURFACE_STYLE_USAGE( .BOTH., #1152 );
#690 = FACE_OUTER_BOUND( '', #1153, .T. );
#691 = PLANE( '', #1154 );
#692 = SURFACE_STYLE_USAGE( .BOTH., #1155 );
#693 = FACE_OUTER_BOUND( '', #1156, .T. );
#694 = PLANE( '', #1157 );
#695 = SURFACE_STYLE_USAGE( .BOTH., #1158 );
#696 = FACE_OUTER_BOUND( '', #1159, .T. );
#697 = PLANE( '', #1160 );
#698 = SURFACE_STYLE_USAGE( .BOTH., #1161 );
#699 = FACE_OUTER_BOUND( '', #1162, .T. );
#700 = PLANE( '', #1163 );
#701 = SURFACE_STYLE_USAGE( .BOTH., #1164 );
#702 = FACE_OUTER_BOUND( '', #1165, .T. );
#703 = PLANE( '', #1166 );
#704 = SURFACE_STYLE_USAGE( .BOTH., #1167 );
#705 = FACE_OUTER_BOUND( '', #1168, .T. );
#706 = PLANE( '', #1169 );
#707 = SURFACE_STYLE_USAGE( .BOTH., #1170 );
#708 = FACE_OUTER_BOUND( '', #1171, .T. );
#709 = CYLINDRICAL_SURFACE( '', #1172, 0.100000000000000 );
#710 = SURFACE_STYLE_USAGE( .BOTH., #1173 );
#711 = FACE_OUTER_BOUND( '', #1174, .T. );
#712 = PLANE( '', #1175 );
#713 = SURFACE_STYLE_USAGE( .BOTH., #1176 );
#714 = FACE_OUTER_BOUND( '', #1177, .T. );
#715 = PLANE( '', #1178 );
#716 = SURFACE_STYLE_USAGE( .BOTH., #1179 );
#717 = FACE_OUTER_BOUND( '', #1180, .T. );
#718 = PLANE( '', #1181 );
#719 = SURFACE_STYLE_USAGE( .BOTH., #1182 );
#720 = FACE_OUTER_BOUND( '', #1183, .T. );
#721 = PLANE( '', #1184 );
#722 = SURFACE_STYLE_USAGE( .BOTH., #1185 );
#723 = FACE_OUTER_BOUND( '', #1186, .T. );
#724 = PLANE( '', #1187 );
#725 = SURFACE_STYLE_USAGE( .BOTH., #1188 );
#726 = FACE_OUTER_BOUND( '', #1189, .T. );
#727 = CYLINDRICAL_SURFACE( '', #1190, 2.00000000000000 );
#728 = SURFACE_STYLE_USAGE( .BOTH., #1191 );
#729 = FACE_OUTER_BOUND( '', #1192, .T. );
#730 = CYLINDRICAL_SURFACE( '', #1193, 0.100000000000000 );
#731 = SURFACE_STYLE_USAGE( .BOTH., #1194 );
#732 = FACE_OUTER_BOUND( '', #1195, .T. );
#733 = PLANE( '', #1196 );
#734 = SURFACE_STYLE_USAGE( .BOTH., #1197 );
#735 = FACE_OUTER_BOUND( '', #1198, .T. );
#736 = PLANE( '', #1199 );
#737 = SURFACE_STYLE_USAGE( .BOTH., #1200 );
#738 = FACE_OUTER_BOUND( '', #1201, .T. );
#739 = PLANE( '', #1202 );
#740 = SURFACE_STYLE_USAGE( .BOTH., #1203 );
#741 = FACE_OUTER_BOUND( '', #1204, .T. );
#742 = PLANE( '', #1205 );
#743 = SURFACE_STYLE_USAGE( .BOTH., #1206 );
#744 = FACE_OUTER_BOUND( '', #1207, .T. );
#745 = PLANE( '', #1208 );
#746 = SURFACE_STYLE_USAGE( .BOTH., #1209 );
#747 = FACE_OUTER_BOUND( '', #1210, .T. );
#748 = PLANE( '', #1211 );
#749 = SURFACE_STYLE_USAGE( .BOTH., #1212 );
#750 = FACE_OUTER_BOUND( '', #1213, .T. );
#751 = PLANE( '', #1214 );
#752 = SURFACE_STYLE_USAGE( .BOTH., #1215 );
#753 = FACE_OUTER_BOUND( '', #1216, .T. );
#754 = PLANE( '', #1217 );
#755 = SURFACE_STYLE_USAGE( .BOTH., #1218 );
#756 = FACE_OUTER_BOUND( '', #1219, .T. );
#757 = PLANE( '', #1220 );
#758 = SURFACE_STYLE_USAGE( .BOTH., #1221 );
#759 = FACE_OUTER_BOUND( '', #1222, .T. );
#760 = PLANE( '', #1223 );
#761 = SURFACE_STYLE_USAGE( .BOTH., #1224 );
#762 = FACE_OUTER_BOUND( '', #1225, .T. );
#763 = PLANE( '', #1226 );
#764 = SURFACE_STYLE_USAGE( .BOTH., #1227 );
#765 = FACE_OUTER_BOUND( '', #1228, .T. );
#766 = PLANE( '', #1229 );
#767 = SURFACE_STYLE_USAGE( .BOTH., #1230 );
#768 = FACE_OUTER_BOUND( '', #1231, .T. );
#769 = PLANE( '', #1232 );
#770 = SURFACE_STYLE_USAGE( .BOTH., #1233 );
#771 = FACE_OUTER_BOUND( '', #1234, .T. );
#772 = PLANE( '', #1235 );
#773 = SURFACE_STYLE_USAGE( .BOTH., #1236 );
#774 = FACE_OUTER_BOUND( '', #1237, .T. );
#775 = PLANE( '', #1238 );
#776 = SURFACE_STYLE_USAGE( .BOTH., #1239 );
#777 = FACE_OUTER_BOUND( '', #1240, .T. );
#778 = PLANE( '', #1241 );
#779 = SURFACE_STYLE_USAGE( .BOTH., #1242 );
#780 = FACE_OUTER_BOUND( '', #1243, .T. );
#781 = PLANE( '', #1244 );
#782 = SURFACE_STYLE_USAGE( .BOTH., #1245 );
#783 = FACE_OUTER_BOUND( '', #1246, .T. );
#784 = PLANE( '', #1247 );
#785 = SURFACE_STYLE_USAGE( .BOTH., #1248 );
#786 = FACE_OUTER_BOUND( '', #1249, .T. );
#787 = PLANE( '', #1250 );
#788 = SURFACE_STYLE_USAGE( .BOTH., #1251 );
#789 = FACE_OUTER_BOUND( '', #1252, .T. );
#790 = PLANE( '', #1253 );
#791 = SURFACE_STYLE_USAGE( .BOTH., #1254 );
#792 = FACE_OUTER_BOUND( '', #1255, .T. );
#793 = PLANE( '', #1256 );
#794 = SURFACE_STYLE_USAGE( .BOTH., #1257 );
#795 = FACE_OUTER_BOUND( '', #1258, .T. );
#796 = PLANE( '', #1259 );
#797 = SURFACE_STYLE_USAGE( .BOTH., #1260 );
#798 = FACE_OUTER_BOUND( '', #1261, .T. );
#799 = PLANE( '', #1262 );
#800 = SURFACE_STYLE_USAGE( .BOTH., #1263 );
#801 = FACE_OUTER_BOUND( '', #1264, .T. );
#802 = PLANE( '', #1265 );
#803 = SURFACE_STYLE_USAGE( .BOTH., #1266 );
#804 = FACE_OUTER_BOUND( '', #1267, .T. );
#805 = PLANE( '', #1268 );
#806 = SURFACE_STYLE_USAGE( .BOTH., #1269 );
#807 = FACE_OUTER_BOUND( '', #1270, .T. );
#808 = PLANE( '', #1271 );
#809 = SURFACE_STYLE_USAGE( .BOTH., #1272 );
#810 = FACE_OUTER_BOUND( '', #1273, .T. );
#811 = PLANE( '', #1274 );
#812 = SURFACE_STYLE_USAGE( .BOTH., #1275 );
#813 = FACE_OUTER_BOUND( '', #1276, .T. );
#814 = PLANE( '', #1277 );
#815 = SURFACE_STYLE_USAGE( .BOTH., #1278 );
#816 = FACE_OUTER_BOUND( '', #1279, .T. );
#817 = PLANE( '', #1280 );
#818 = SURFACE_STYLE_USAGE( .BOTH., #1281 );
#819 = FACE_OUTER_BOUND( '', #1282, .T. );
#820 = PLANE( '', #1283 );
#821 = SURFACE_STYLE_USAGE( .BOTH., #1284 );
#822 = FACE_OUTER_BOUND( '', #1285, .T. );
#823 = PLANE( '', #1286 );
#824 = SURFACE_STYLE_USAGE( .BOTH., #1287 );
#825 = FACE_OUTER_BOUND( '', #1288, .T. );
#826 = PLANE( '', #1289 );
#827 = SURFACE_STYLE_USAGE( .BOTH., #1290 );
#828 = FACE_OUTER_BOUND( '', #1291, .T. );
#829 = PLANE( '', #1292 );
#830 = SURFACE_STYLE_USAGE( .BOTH., #1293 );
#831 = FACE_OUTER_BOUND( '', #1294, .T. );
#832 = PLANE( '', #1295 );
#833 = SURFACE_STYLE_USAGE( .BOTH., #1296 );
#834 = FACE_OUTER_BOUND( '', #1297, .T. );
#835 = PLANE( '', #1298 );
#836 = SURFACE_STYLE_USAGE( .BOTH., #1299 );
#837 = FACE_OUTER_BOUND( '', #1300, .T. );
#838 = PLANE( '', #1301 );
#839 = SURFACE_STYLE_USAGE( .BOTH., #1302 );
#840 = FACE_OUTER_BOUND( '', #1303, .T. );
#841 = PLANE( '', #1304 );
#842 = SURFACE_STYLE_USAGE( .BOTH., #1305 );
#843 = FACE_OUTER_BOUND( '', #1306, .T. );
#844 = PLANE( '', #1307 );
#845 = SURFACE_STYLE_USAGE( .BOTH., #1308 );
#846 = FACE_OUTER_BOUND( '', #1309, .T. );
#847 = PLANE( '', #1310 );
#848 = SURFACE_STYLE_USAGE( .BOTH., #1311 );
#849 = FACE_OUTER_BOUND( '', #1312, .T. );
#850 = PLANE( '', #1313 );
#851 = SURFACE_STYLE_USAGE( .BOTH., #1314 );
#852 = FACE_OUTER_BOUND( '', #1315, .T. );
#853 = PLANE( '', #1316 );
#854 = SURFACE_STYLE_USAGE( .BOTH., #1317 );
#855 = FACE_OUTER_BOUND( '', #1318, .T. );
#856 = PLANE( '', #1319 );
#857 = SURFACE_STYLE_USAGE( .BOTH., #1320 );
#858 = FACE_OUTER_BOUND( '', #1321, .T. );
#859 = PLANE( '', #1322 );
#860 = SURFACE_STYLE_USAGE( .BOTH., #1323 );
#861 = FACE_OUTER_BOUND( '', #1324, .T. );
#862 = PLANE( '', #1325 );
#863 = SURFACE_STYLE_USAGE( .BOTH., #1326 );
#864 = FACE_OUTER_BOUND( '', #1327, .T. );
#865 = PLANE( '', #1328 );
#866 = SURFACE_STYLE_USAGE( .BOTH., #1329 );
#867 = FACE_OUTER_BOUND( '', #1330, .T. );
#868 = PLANE( '', #1331 );
#869 = SURFACE_STYLE_USAGE( .BOTH., #1332 );
#870 = FACE_OUTER_BOUND( '', #1333, .T. );
#871 = FACE_BOUND( '', #1334, .T. );
#872 = PLANE( '', #1335 );
#873 = SURFACE_STYLE_USAGE( .BOTH., #1336 );
#874 = FACE_OUTER_BOUND( '', #1337, .T. );
#875 = PLANE( '', #1338 );
#876 = SURFACE_STYLE_USAGE( .BOTH., #1339 );
#877 = FACE_OUTER_BOUND( '', #1340, .T. );
#878 = PLANE( '', #1341 );
#879 = SURFACE_STYLE_USAGE( .BOTH., #1342 );
#880 = FACE_OUTER_BOUND( '', #1343, .T. );
#881 = PLANE( '', #1344 );
#882 = SURFACE_STYLE_USAGE( .BOTH., #1345 );
#883 = FACE_OUTER_BOUND( '', #1346, .T. );
#884 = PLANE( '', #1347 );
#885 = SURFACE_STYLE_USAGE( .BOTH., #1348 );
#886 = FACE_OUTER_BOUND( '', #1349, .T. );
#887 = PLANE( '', #1350 );
#888 = SURFACE_STYLE_USAGE( .BOTH., #1351 );
#889 = FACE_OUTER_BOUND( '', #1352, .T. );
#890 = PLANE( '', #1353 );
#891 = SURFACE_STYLE_USAGE( .BOTH., #1354 );
#892 = FACE_OUTER_BOUND( '', #1355, .T. );
#893 = PLANE( '', #1356 );
#894 = SURFACE_STYLE_USAGE( .BOTH., #1357 );
#895 = FACE_OUTER_BOUND( '', #1358, .T. );
#896 = PLANE( '', #1359 );
#897 = SURFACE_STYLE_USAGE( .BOTH., #1360 );
#898 = FACE_OUTER_BOUND( '', #1361, .T. );
#899 = PLANE( '', #1362 );
#900 = SURFACE_STYLE_USAGE( .BOTH., #1363 );
#901 = FACE_OUTER_BOUND( '', #1364, .T. );
#902 = PLANE( '', #1365 );
#903 = SURFACE_STYLE_USAGE( .BOTH., #1366 );
#904 = FACE_OUTER_BOUND( '', #1367, .T. );
#905 = PLANE( '', #1368 );
#906 = SURFACE_STYLE_USAGE( .BOTH., #1369 );
#907 = FACE_OUTER_BOUND( '', #1370, .T. );
#908 = CYLINDRICAL_SURFACE( '', #1371, 0.100000000000000 );
#909 = SURFACE_STYLE_USAGE( .BOTH., #1372 );
#910 = FACE_OUTER_BOUND( '', #1373, .T. );
#911 = PLANE( '', #1374 );
#912 = SURFACE_STYLE_USAGE( .BOTH., #1375 );
#913 = FACE_OUTER_BOUND( '', #1376, .T. );
#914 = PLANE( '', #1377 );
#915 = SURFACE_STYLE_USAGE( .BOTH., #1378 );
#916 = FACE_OUTER_BOUND( '', #1379, .T. );
#917 = PLANE( '', #1380 );
#918 = SURFACE_STYLE_USAGE( .BOTH., #1381 );
#919 = FACE_OUTER_BOUND( '', #1382, .T. );
#920 = PLANE( '', #1383 );
#921 = SURFACE_STYLE_USAGE( .BOTH., #1384 );
#922 = FACE_OUTER_BOUND( '', #1385, .T. );
#923 = PLANE( '', #1386 );
#924 = SURFACE_STYLE_USAGE( .BOTH., #1387 );
#925 = FACE_OUTER_BOUND( '', #1388, .T. );
#926 = PLANE( '', #1389 );
#927 = SURFACE_STYLE_USAGE( .BOTH., #1390 );
#928 = FACE_OUTER_BOUND( '', #1391, .T. );
#929 = FACE_BOUND( '', #1392, .T. );
#930 = PLANE( '', #1393 );
#931 = SURFACE_STYLE_USAGE( .BOTH., #1394 );
#932 = FACE_OUTER_BOUND( '', #1395, .T. );
#933 = PLANE( '', #1396 );
#934 = SURFACE_STYLE_USAGE( .BOTH., #1397 );
#935 = FACE_OUTER_BOUND( '', #1398, .T. );
#936 = PLANE( '', #1399 );
#937 = SURFACE_STYLE_USAGE( .BOTH., #1400 );
#938 = FACE_OUTER_BOUND( '', #1401, .T. );
#939 = PLANE( '', #1402 );
#940 = SURFACE_STYLE_USAGE( .BOTH., #1403 );
#941 = FACE_OUTER_BOUND( '', #1404, .T. );
#942 = PLANE( '', #1405 );
#943 = SURFACE_STYLE_USAGE( .BOTH., #1406 );
#944 = FACE_OUTER_BOUND( '', #1407, .T. );
#945 = PLANE( '', #1408 );
#946 = SURFACE_STYLE_USAGE( .BOTH., #1409 );
#947 = FACE_OUTER_BOUND( '', #1410, .T. );
#948 = PLANE( '', #1411 );
#949 = SURFACE_STYLE_USAGE( .BOTH., #1412 );
#950 = FACE_OUTER_BOUND( '', #1413, .T. );
#951 = PLANE( '', #1414 );
#952 = SURFACE_STYLE_USAGE( .BOTH., #1415 );
#953 = FACE_OUTER_BOUND( '', #1416, .T. );
#954 = PLANE( '', #1417 );
#955 = SURFACE_STYLE_USAGE( .BOTH., #1418 );
#956 = FACE_OUTER_BOUND( '', #1419, .T. );
#957 = PLANE( '', #1420 );
#958 = SURFACE_STYLE_USAGE( .BOTH., #1421 );
#959 = FACE_OUTER_BOUND( '', #1422, .T. );
#960 = PLANE( '', #1423 );
#961 = SURFACE_STYLE_USAGE( .BOTH., #1424 );
#962 = FACE_OUTER_BOUND( '', #1425, .T. );
#963 = PLANE( '', #1426 );
#964 = SURFACE_STYLE_USAGE( .BOTH., #1427 );
#965 = FACE_OUTER_BOUND( '', #1428, .T. );
#966 = PLANE( '', #1429 );
#967 = SURFACE_STYLE_USAGE( .BOTH., #1430 );
#968 = FACE_OUTER_BOUND( '', #1431, .T. );
#969 = PLANE( '', #1432 );
#970 = SURFACE_STYLE_USAGE( .BOTH., #1433 );
#971 = FACE_OUTER_BOUND( '', #1434, .T. );
#972 = PLANE( '', #1435 );
#973 = SURFACE_STYLE_USAGE( .BOTH., #1436 );
#974 = FACE_OUTER_BOUND( '', #1437, .T. );
#975 = PLANE( '', #1438 );
#976 = SURFACE_STYLE_USAGE( .BOTH., #1439 );
#977 = FACE_OUTER_BOUND( '', #1440, .T. );
#978 = PLANE( '', #1441 );
#979 = SURFACE_STYLE_USAGE( .BOTH., #1442 );
#980 = FACE_OUTER_BOUND( '', #1443, .T. );
#981 = PLANE( '', #1444 );
#982 = SURFACE_STYLE_USAGE( .BOTH., #1445 );
#983 = FACE_OUTER_BOUND( '', #1446, .T. );
#984 = PLANE( '', #1447 );
#985 = SURFACE_STYLE_USAGE( .BOTH., #1448 );
#986 = FACE_OUTER_BOUND( '', #1449, .T. );
#987 = PLANE( '', #1450 );
#988 = SURFACE_STYLE_USAGE( .BOTH., #1451 );
#989 = FACE_OUTER_BOUND( '', #1452, .T. );
#990 = PLANE( '', #1453 );
#991 = SURFACE_STYLE_USAGE( .BOTH., #1454 );
#992 = FACE_OUTER_BOUND( '', #1455, .T. );
#993 = PLANE( '', #1456 );
#994 = SURFACE_STYLE_USAGE( .BOTH., #1457 );
#995 = FACE_OUTER_BOUND( '', #1458, .T. );
#996 = PLANE( '', #1459 );
#997 = SURFACE_STYLE_USAGE( .BOTH., #1460 );
#998 = FACE_OUTER_BOUND( '', #1461, .T. );
#999 = PLANE( '', #1462 );
#1000 = SURFACE_STYLE_USAGE( .BOTH., #1463 );
#1001 = FACE_OUTER_BOUND( '', #1464, .T. );
#1002 = PLANE( '', #1465 );
#1003 = SURFACE_STYLE_USAGE( .BOTH., #1466 );
#1004 = FACE_OUTER_BOUND( '', #1467, .T. );
#1005 = PLANE( '', #1468 );
#1006 = SURFACE_STYLE_USAGE( .BOTH., #1469 );
#1007 = FACE_OUTER_BOUND( '', #1470, .T. );
#1008 = PLANE( '', #1471 );
#1009 = SURFACE_STYLE_USAGE( .BOTH., #1472 );
#1010 = FACE_OUTER_BOUND( '', #1473, .T. );
#1011 = PLANE( '', #1474 );
#1012 = SURFACE_STYLE_USAGE( .BOTH., #1475 );
#1013 = FACE_OUTER_BOUND( '', #1476, .T. );
#1014 = PLANE( '', #1477 );
#1015 = SURFACE_STYLE_USAGE( .BOTH., #1478 );
#1016 = FACE_OUTER_BOUND( '', #1479, .T. );
#1017 = PLANE( '', #1480 );
#1018 = SURFACE_STYLE_USAGE( .BOTH., #1481 );
#1019 = FACE_OUTER_BOUND( '', #1482, .T. );
#1020 = PLANE( '', #1483 );
#1021 =  ( LENGTH_UNIT(  )NAMED_UNIT( #536 )SI_UNIT( .MILLI., .METRE. ) );
#1024 = LENGTH_MEASURE_WITH_UNIT( LENGTH_MEASURE( 1.00000000000000 ), #1485 );
#1027 = DIMENSIONAL_EXPONENTS( 1.00000000000000, 0.000000000000000, 0.000000000000000, 0.000000000000000, 0.000000000000000, 0.000000000000000, 0.000000000000000 );
#1029 = DIMENSIONAL_EXPONENTS( 0.000000000000000, 0.000000000000000, 0.000000000000000, 0.000000000000000, 0.000000000000000, 0.000000000000000, 0.000000000000000 );
#1035 = SURFACE_SIDE_STYLE( '', ( #1486 ) );
#1036 = EDGE_LOOP( '', ( #1487, #1488, #1489, #1490 ) );
#1037 = AXIS2_PLACEMENT_3D( '', #1491, #1492, #1493 );
#1038 = SURFACE_SIDE_STYLE( '', ( #1494 ) );
#1039 = EDGE_LOOP( '', ( #1495, #1496, #1497, #1498, #1499 ) );
#1040 = AXIS2_PLACEMENT_3D( '', #1500, #1501, #1502 );
#1041 = SURFACE_SIDE_STYLE( '', ( #1503 ) );
#1042 = EDGE_LOOP( '', ( #1504, #1505, #1506, #1507, #1508, #1509, #1510, #1511 ) );
#1043 = AXIS2_PLACEMENT_3D( '', #1512, #1513, #1514 );
#1044 = SURFACE_SIDE_STYLE( '', ( #1515 ) );
#1045 = EDGE_LOOP( '', ( #1516, #1517, #1518, #1519, #1520 ) );
#1046 = AXIS2_PLACEMENT_3D( '', #1521, #1522, #1523 );
#1047 = SURFACE_SIDE_STYLE( '', ( #1524 ) );
#1048 = EDGE_LOOP( '', ( #1525, #1526, #1527, #1528 ) );
#1049 = AXIS2_PLACEMENT_3D( '', #1529, #1530, #1531 );
#1050 = SURFACE_SIDE_STYLE( '', ( #1532 ) );
#1051 = EDGE_LOOP( '', ( #1533, #1534, #1535, #1536 ) );
#1052 = AXIS2_PLACEMENT_3D( '', #1537, #1538, #1539 );
#1053 = SURFACE_SIDE_STYLE( '', ( #1540 ) );
#1054 = EDGE_LOOP( '', ( #1541, #1542, #1543, #1544, #1545, #1546, #1547, #1548 ) );
#1055 = AXIS2_PLACEMENT_3D( '', #1549, #1550, #1551 );
#1056 = SURFACE_SIDE_STYLE( '', ( #1552 ) );
#1057 = EDGE_LOOP( '', ( #1553, #1554, #1555, #1556 ) );
#1058 = AXIS2_PLACEMENT_3D( '', #1557, #1558, #1559 );
#1059 = SURFACE_SIDE_STYLE( '', ( #1560 ) );
#1060 = EDGE_LOOP( '', ( #1561, #1562, #1563, #1564 ) );
#1061 = AXIS2_PLACEMENT_3D( '', #1565, #1566, #1567 );
#1062 = SURFACE_SIDE_STYLE( '', ( #1568 ) );
#1063 = EDGE_LOOP( '', ( #1569, #1570, #1571, #1572 ) );
#1064 = AXIS2_PLACEMENT_3D( '', #1573, #1574, #1575 );
#1065 = SURFACE_SIDE_STYLE( '', ( #1576 ) );
#1066 = EDGE_LOOP( '', ( #1577, #1578, #1579, #1580 ) );
#1067 = AXIS2_PLACEMENT_3D( '', #1581, #1582, #1583 );
#1068 = SURFACE_SIDE_STYLE( '', ( #1584 ) );
#1069 = EDGE_LOOP( '', ( #1585, #1586, #1587, #1588 ) );
#1070 = AXIS2_PLACEMENT_3D( '', #1589, #1590, #1591 );
#1071 = SURFACE_SIDE_STYLE( '', ( #1592 ) );
#1072 = EDGE_LOOP( '', ( #1593, #1594, #1595, #1596 ) );
#1073 = AXIS2_PLACEMENT_3D( '', #1597, #1598, #1599 );
#1074 = SURFACE_SIDE_STYLE( '', ( #1600 ) );
#1075 = EDGE_LOOP( '', ( #1601, #1602, #1603, #1604 ) );
#1076 = AXIS2_PLACEMENT_3D( '', #1605, #1606, #1607 );
#1077 = SURFACE_SIDE_STYLE( '', ( #1608 ) );
#1078 = EDGE_LOOP( '', ( #1609, #1610 ) );
#1079 = AXIS2_PLACEMENT_3D( '', #1611, #1612, #1613 );
#1080 = SURFACE_SIDE_STYLE( '', ( #1614 ) );
#1081 = EDGE_LOOP( '', ( #1615, #1616, #1617, #1618, #1619 ) );
#1082 = AXIS2_PLACEMENT_3D( '', #1620, #1621, #1622 );
#1083 = SURFACE_SIDE_STYLE( '', ( #1623 ) );
#1084 = EDGE_LOOP( '', ( #1624, #1625, #1626, #1627, #1628 ) );
#1085 = AXIS2_PLACEMENT_3D( '', #1629, #1630, #1631 );
#1086 = SURFACE_SIDE_STYLE( '', ( #1632 ) );
#1087 = EDGE_LOOP( '', ( #1633, #1634, #1635, #1636, #1637, #1638, #1639, #1640 ) );
#1088 = AXIS2_PLACEMENT_3D( '', #1641, #1642, #1643 );
#1089 = SURFACE_SIDE_STYLE( '', ( #1644 ) );
#1090 = EDGE_LOOP( '', ( #1645, #1646, #1647, #1648, #1649, #1650, #1651, #1652, #1653, #1654 ) );
#1091 = AXIS2_PLACEMENT_3D( '', #1655, #1656, #1657 );
#1092 = SURFACE_SIDE_STYLE( '', ( #1658 ) );
#1093 = EDGE_LOOP( '', ( #1659, #1660, #1661, #1662 ) );
#1094 = AXIS2_PLACEMENT_3D( '', #1663, #1664, #1665 );
#1095 = SURFACE_SIDE_STYLE( '', ( #1666 ) );
#1096 = EDGE_LOOP( '', ( #1667, #1668, #1669, #1670, #1671, #1672, #1673, #1674, #1675, #1676, #1677, #1678, #1679, #1680, #1681, #1682, #1683, #1684 ) );
#1097 = AXIS2_PLACEMENT_3D( '', #1685, #1686, #1687 );
#1098 = SURFACE_SIDE_STYLE( '', ( #1688 ) );
#1099 = EDGE_LOOP( '', ( #1689, #1690, #1691, #1692 ) );
#1100 = AXIS2_PLACEMENT_3D( '', #1693, #1694, #1695 );
#1101 = SURFACE_SIDE_STYLE( '', ( #1696 ) );
#1102 = EDGE_LOOP( '', ( #1697, #1698, #1699, #1700, #1701, #1702 ) );
#1103 = AXIS2_PLACEMENT_3D( '', #1703, #1704, #1705 );
#1104 = SURFACE_SIDE_STYLE( '', ( #1706 ) );
#1105 = EDGE_LOOP( '', ( #1707, #1708, #1709, #1710, #1711, #1712, #1713, #1714 ) );
#1106 = AXIS2_PLACEMENT_3D( '', #1715, #1716, #1717 );
#1107 = SURFACE_SIDE_STYLE( '', ( #1718 ) );
#1108 = EDGE_LOOP( '', ( #1719, #1720, #1721, #1722, #1723, #1724, #1725, #1726, #1727, #1728, #1729, #1730, #1731, #1732, #1733, #1734, #1735, #1736 ) );
#1109 = AXIS2_PLACEMENT_3D( '', #1737, #1738, #1739 );
#1110 = SURFACE_SIDE_STYLE( '', ( #1740 ) );
#1111 = EDGE_LOOP( '', ( #1741, #1742, #1743, #1744 ) );
#1112 = AXIS2_PLACEMENT_3D( '', #1745, #1746, #1747 );
#1113 = SURFACE_SIDE_STYLE( '', ( #1748 ) );
#1114 = EDGE_LOOP( '', ( #1749, #1750, #1751, #1752 ) );
#1115 = AXIS2_PLACEMENT_3D( '', #1753, #1754, #1755 );
#1116 = SURFACE_SIDE_STYLE( '', ( #1756 ) );
#1117 = EDGE_LOOP( '', ( #1757, #1758, #1759, #1760 ) );
#1118 = AXIS2_PLACEMENT_3D( '', #1761, #1762, #1763 );
#1119 = SURFACE_SIDE_STYLE( '', ( #1764 ) );
#1120 = EDGE_LOOP( '', ( #1765, #1766, #1767, #1768 ) );
#1121 = AXIS2_PLACEMENT_3D( '', #1769, #1770, #1771 );
#1122 = SURFACE_SIDE_STYLE( '', ( #1772 ) );
#1123 = EDGE_LOOP( '', ( #1773, #1774, #1775, #1776, #1777, #1778 ) );
#1124 = AXIS2_PLACEMENT_3D( '', #1779, #1780, #1781 );
#1125 = SURFACE_SIDE_STYLE( '', ( #1782 ) );
#1126 = EDGE_LOOP( '', ( #1783, #1784, #1785, #1786 ) );
#1127 = AXIS2_PLACEMENT_3D( '', #1787, #1788, #1789 );
#1128 = SURFACE_SIDE_STYLE( '', ( #1790 ) );
#1129 = EDGE_LOOP( '', ( #1791, #1792, #1793, #1794, #1795 ) );
#1130 = AXIS2_PLACEMENT_3D( '', #1796, #1797, #1798 );
#1131 = SURFACE_SIDE_STYLE( '', ( #1799 ) );
#1132 = EDGE_LOOP( '', ( #1800, #1801, #1802, #1803, #1804 ) );
#1133 = AXIS2_PLACEMENT_3D( '', #1805, #1806, #1807 );
#1134 = SURFACE_SIDE_STYLE( '', ( #1808 ) );
#1135 = EDGE_LOOP( '', ( #1809, #1810, #1811, #1812, #1813, #1814 ) );
#1136 = AXIS2_PLACEMENT_3D( '', #1815, #1816, #1817 );
#1137 = SURFACE_SIDE_STYLE( '', ( #1818 ) );
#1138 = EDGE_LOOP( '', ( #1819, #1820, #1821, #1822 ) );
#1139 = AXIS2_PLACEMENT_3D( '', #1823, #1824, #1825 );
#1140 = SURFACE_SIDE_STYLE( '', ( #1826 ) );
#1141 = EDGE_LOOP( '', ( #1827, #1828, #1829, #1830 ) );
#1142 = AXIS2_PLACEMENT_3D( '', #1831, #1832, #1833 );
#1143 = SURFACE_SIDE_STYLE( '', ( #1834 ) );
#1144 = EDGE_LOOP( '', ( #1835, #1836, #1837, #1838 ) );
#1145 = AXIS2_PLACEMENT_3D( '', #1839, #1840, #1841 );
#1146 = SURFACE_SIDE_STYLE( '', ( #1842 ) );
#1147 = EDGE_LOOP( '', ( #1843, #1844, #1845, #1846, #1847 ) );
#1148 = AXIS2_PLACEMENT_3D( '', #1848, #1849, #1850 );
#1149 = SURFACE_SIDE_STYLE( '', ( #1851 ) );
#1150 = EDGE_LOOP( '', ( #1852, #1853, #1854, #1855, #1856, #1857 ) );
#1151 = AXIS2_PLACEMENT_3D( '', #1858, #1859, #1860 );
#1152 = SURFACE_SIDE_STYLE( '', ( #1861 ) );
#1153 = EDGE_LOOP( '', ( #1862, #1863, #1864, #1865 ) );
#1154 = AXIS2_PLACEMENT_3D( '', #1866, #1867, #1868 );
#1155 = SURFACE_SIDE_STYLE( '', ( #1869 ) );
#1156 = EDGE_LOOP( '', ( #1870, #1871, #1872, #1873 ) );
#1157 = AXIS2_PLACEMENT_3D( '', #1874, #1875, #1876 );
#1158 = SURFACE_SIDE_STYLE( '', ( #1877 ) );
#1159 = EDGE_LOOP( '', ( #1878, #1879, #1880, #1881, #1882, #1883 ) );
#1160 = AXIS2_PLACEMENT_3D( '', #1884, #1885, #1886 );
#1161 = SURFACE_SIDE_STYLE( '', ( #1887 ) );
#1162 = EDGE_LOOP( '', ( #1888, #1889, #1890, #1891 ) );
#1163 = AXIS2_PLACEMENT_3D( '', #1892, #1893, #1894 );
#1164 = SURFACE_SIDE_STYLE( '', ( #1895 ) );
#1165 = EDGE_LOOP( '', ( #1896, #1897, #1898, #1899, #1900, #1901 ) );
#1166 = AXIS2_PLACEMENT_3D( '', #1902, #1903, #1904 );
#1167 = SURFACE_SIDE_STYLE( '', ( #1905 ) );
#1168 = EDGE_LOOP( '', ( #1906, #1907, #1908, #1909 ) );
#1169 = AXIS2_PLACEMENT_3D( '', #1910, #1911, #1912 );
#1170 = SURFACE_SIDE_STYLE( '', ( #1913 ) );
#1171 = EDGE_LOOP( '', ( #1914, #1915, #1916, #1917 ) );
#1172 = AXIS2_PLACEMENT_3D( '', #1918, #1919, #1920 );
#1173 = SURFACE_SIDE_STYLE( '', ( #1921 ) );
#1174 = EDGE_LOOP( '', ( #1922, #1923, #1924, #1925 ) );
#1175 = AXIS2_PLACEMENT_3D( '', #1926, #1927, #1928 );
#1176 = SURFACE_SIDE_STYLE( '', ( #1929 ) );
#1177 = EDGE_LOOP( '', ( #1930, #1931, #1932, #1933 ) );
#1178 = AXIS2_PLACEMENT_3D( '', #1934, #1935, #1936 );
#1179 = SURFACE_SIDE_STYLE( '', ( #1937 ) );
#1180 = EDGE_LOOP( '', ( #1938, #1939, #1940, #1941 ) );
#1181 = AXIS2_PLACEMENT_3D( '', #1942, #1943, #1944 );
#1182 = SURFACE_SIDE_STYLE( '', ( #1945 ) );
#1183 = EDGE_LOOP( '', ( #1946, #1947, #1948, #1949 ) );
#1184 = AXIS2_PLACEMENT_3D( '', #1950, #1951, #1952 );
#1185 = SURFACE_SIDE_STYLE( '', ( #1953 ) );
#1186 = EDGE_LOOP( '', ( #1954, #1955, #1956, #1957, #1958, #1959 ) );
#1187 = AXIS2_PLACEMENT_3D( '', #1960, #1961, #1962 );
#1188 = SURFACE_SIDE_STYLE( '', ( #1963 ) );
#1189 = EDGE_LOOP( '', ( #1964, #1965, #1966, #1967, #1968, #1969, #1970, #1971 ) );
#1190 = AXIS2_PLACEMENT_3D( '', #1972, #1973, #1974 );
#1191 = SURFACE_SIDE_STYLE( '', ( #1975 ) );
#1192 = EDGE_LOOP( '', ( #1976, #1977, #1978, #1979 ) );
#1193 = AXIS2_PLACEMENT_3D( '', #1980, #1981, #1982 );
#1194 = SURFACE_SIDE_STYLE( '', ( #1983 ) );
#1195 = EDGE_LOOP( '', ( #1984, #1985, #1986, #1987 ) );
#1196 = AXIS2_PLACEMENT_3D( '', #1988, #1989, #1990 );
#1197 = SURFACE_SIDE_STYLE( '', ( #1991 ) );
#1198 = EDGE_LOOP( '', ( #1992, #1993, #1994, #1995 ) );
#1199 = AXIS2_PLACEMENT_3D( '', #1996, #1997, #1998 );
#1200 = SURFACE_SIDE_STYLE( '', ( #1999 ) );
#1201 = EDGE_LOOP( '', ( #2000, #2001, #2002, #2003 ) );
#1202 = AXIS2_PLACEMENT_3D( '', #2004, #2005, #2006 );
#1203 = SURFACE_SIDE_STYLE( '', ( #2007 ) );
#1204 = EDGE_LOOP( '', ( #2008, #2009, #2010, #2011 ) );
#1205 = AXIS2_PLACEMENT_3D( '', #2012, #2013, #2014 );
#1206 = SURFACE_SIDE_STYLE( '', ( #2015 ) );
#1207 = EDGE_LOOP( '', ( #2016, #2017, #2018, #2019, #2020 ) );
#1208 = AXIS2_PLACEMENT_3D( '', #2021, #2022, #2023 );
#1209 = SURFACE_SIDE_STYLE( '', ( #2024 ) );
#1210 = EDGE_LOOP( '', ( #2025, #2026, #2027, #2028 ) );
#1211 = AXIS2_PLACEMENT_3D( '', #2029, #2030, #2031 );
#1212 = SURFACE_SIDE_STYLE( '', ( #2032 ) );
#1213 = EDGE_LOOP( '', ( #2033, #2034, #2035, #2036, #2037, #2038 ) );
#1214 = AXIS2_PLACEMENT_3D( '', #2039, #2040, #2041 );
#1215 = SURFACE_SIDE_STYLE( '', ( #2042 ) );
#1216 = EDGE_LOOP( '', ( #2043, #2044, #2045, #2046, #2047, #2048, #2049, #2050 ) );
#1217 = AXIS2_PLACEMENT_3D( '', #2051, #2052, #2053 );
#1218 = SURFACE_SIDE_STYLE( '', ( #2054 ) );
#1219 = EDGE_LOOP( '', ( #2055, #2056, #2057, #2058 ) );
#1220 = AXIS2_PLACEMENT_3D( '', #2059, #2060, #2061 );
#1221 = SURFACE_SIDE_STYLE( '', ( #2062 ) );
#1222 = EDGE_LOOP( '', ( #2063, #2064, #2065, #2066, #2067, #2068, #2069, #2070 ) );
#1223 = AXIS2_PLACEMENT_3D( '', #2071, #2072, #2073 );
#1224 = SURFACE_SIDE_STYLE( '', ( #2074 ) );
#1225 = EDGE_LOOP( '', ( #2075, #2076, #2077, #2078, #2079, #2080, #2081, #2082, #2083, #2084, #2085, #2086 ) );
#1226 = AXIS2_PLACEMENT_3D( '', #2087, #2088, #2089 );
#1227 = SURFACE_SIDE_STYLE( '', ( #2090 ) );
#1228 = EDGE_LOOP( '', ( #2091, #2092, #2093, #2094 ) );
#1229 = AXIS2_PLACEMENT_3D( '', #2095, #2096, #2097 );
#1230 = SURFACE_SIDE_STYLE( '', ( #2098 ) );
#1231 = EDGE_LOOP( '', ( #2099, #2100, #2101, #2102 ) );
#1232 = AXIS2_PLACEMENT_3D( '', #2103, #2104, #2105 );
#1233 = SURFACE_SIDE_STYLE( '', ( #2106 ) );
#1234 = EDGE_LOOP( '', ( #2107, #2108, #2109, #2110, #2111, #2112, #2113, #2114, #2115, #2116, #2117, #2118, #2119, #2120, #2121, #2122, #2123, #2124, #2125, #2126, #2127, #2128, #2129, #2130, #2131, #2132, #2133 ) );
#1235 = AXIS2_PLACEMENT_3D( '', #2134, #2135, #2136 );
#1236 = SURFACE_SIDE_STYLE( '', ( #2137 ) );
#1237 = EDGE_LOOP( '', ( #2138, #2139, #2140, #2141, #2142 ) );
#1238 = AXIS2_PLACEMENT_3D( '', #2143, #2144, #2145 );
#1239 = SURFACE_SIDE_STYLE( '', ( #2146 ) );
#1240 = EDGE_LOOP( '', ( #2147, #2148, #2149, #2150, #2151, #2152 ) );
#1241 = AXIS2_PLACEMENT_3D( '', #2153, #2154, #2155 );
#1242 = SURFACE_SIDE_STYLE( '', ( #2156 ) );
#1243 = EDGE_LOOP( '', ( #2157, #2158 ) );
#1244 = AXIS2_PLACEMENT_3D( '', #2159, #2160, #2161 );
#1245 = SURFACE_SIDE_STYLE( '', ( #2162 ) );
#1246 = EDGE_LOOP( '', ( #2163, #2164, #2165, #2166 ) );
#1247 = AXIS2_PLACEMENT_3D( '', #2167, #2168, #2169 );
#1248 = SURFACE_SIDE_STYLE( '', ( #2170 ) );
#1249 = EDGE_LOOP( '', ( #2171, #2172, #2173, #2174 ) );
#1250 = AXIS2_PLACEMENT_3D( '', #2175, #2176, #2177 );
#1251 = SURFACE_SIDE_STYLE( '', ( #2178 ) );
#1252 = EDGE_LOOP( '', ( #2179, #2180, #2181, #2182 ) );
#1253 = AXIS2_PLACEMENT_3D( '', #2183, #2184, #2185 );
#1254 = SURFACE_SIDE_STYLE( '', ( #2186 ) );
#1255 = EDGE_LOOP( '', ( #2187, #2188 ) );
#1256 = AXIS2_PLACEMENT_3D( '', #2189, #2190, #2191 );
#1257 = SURFACE_SIDE_STYLE( '', ( #2192 ) );
#1258 = EDGE_LOOP( '', ( #2193, #2194, #2195, #2196 ) );
#1259 = AXIS2_PLACEMENT_3D( '', #2197, #2198, #2199 );
#1260 = SURFACE_SIDE_STYLE( '', ( #2200 ) );
#1261 = EDGE_LOOP( '', ( #2201, #2202, #2203, #2204 ) );
#1262 = AXIS2_PLACEMENT_3D( '', #2205, #2206, #2207 );
#1263 = SURFACE_SIDE_STYLE( '', ( #2208 ) );
#1264 = EDGE_LOOP( '', ( #2209, #2210, #2211, #2212 ) );
#1265 = AXIS2_PLACEMENT_3D( '', #2213, #2214, #2215 );
#1266 = SURFACE_SIDE_STYLE( '', ( #2216 ) );
#1267 = EDGE_LOOP( '', ( #2217, #2218, #2219, #2220 ) );
#1268 = AXIS2_PLACEMENT_3D( '', #2221, #2222, #2223 );
#1269 = SURFACE_SIDE_STYLE( '', ( #2224 ) );
#1270 = EDGE_LOOP( '', ( #2225, #2226, #2227, #2228 ) );
#1271 = AXIS2_PLACEMENT_3D( '', #2229, #2230, #2231 );
#1272 = SURFACE_SIDE_STYLE( '', ( #2232 ) );
#1273 = EDGE_LOOP( '', ( #2233, #2234, #2235, #2236, #2237, #2238 ) );
#1274 = AXIS2_PLACEMENT_3D( '', #2239, #2240, #2241 );
#1275 = SURFACE_SIDE_STYLE( '', ( #2242 ) );
#1276 = EDGE_LOOP( '', ( #2243, #2244 ) );
#1277 = AXIS2_PLACEMENT_3D( '', #2245, #2246, #2247 );
#1278 = SURFACE_SIDE_STYLE( '', ( #2248 ) );
#1279 = EDGE_LOOP( '', ( #2249, #2250, #2251, #2252 ) );
#1280 = AXIS2_PLACEMENT_3D( '', #2253, #2254, #2255 );
#1281 = SURFACE_SIDE_STYLE( '', ( #2256 ) );
#1282 = EDGE_LOOP( '', ( #2257, #2258, #2259, #2260 ) );
#1283 = AXIS2_PLACEMENT_3D( '', #2261, #2262, #2263 );
#1284 = SURFACE_SIDE_STYLE( '', ( #2264 ) );
#1285 = EDGE_LOOP( '', ( #2265, #2266, #2267, #2268 ) );
#1286 = AXIS2_PLACEMENT_3D( '', #2269, #2270, #2271 );
#1287 = SURFACE_SIDE_STYLE( '', ( #2272 ) );
#1288 = EDGE_LOOP( '', ( #2273, #2274, #2275, #2276 ) );
#1289 = AXIS2_PLACEMENT_3D( '', #2277, #2278, #2279 );
#1290 = SURFACE_SIDE_STYLE( '', ( #2280 ) );
#1291 = EDGE_LOOP( '', ( #2281, #2282, #2283, #2284 ) );
#1292 = AXIS2_PLACEMENT_3D( '', #2285, #2286, #2287 );
#1293 = SURFACE_SIDE_STYLE( '', ( #2288 ) );
#1294 = EDGE_LOOP( '', ( #2289, #2290, #2291, #2292, #2293, #2294 ) );
#1295 = AXIS2_PLACEMENT_3D( '', #2295, #2296, #2297 );
#1296 = SURFACE_SIDE_STYLE( '', ( #2298 ) );
#1297 = EDGE_LOOP( '', ( #2299, #2300, #2301, #2302 ) );
#1298 = AXIS2_PLACEMENT_3D( '', #2303, #2304, #2305 );
#1299 = SURFACE_SIDE_STYLE( '', ( #2306 ) );
#1300 = EDGE_LOOP( '', ( #2307, #2308, #2309, #2310 ) );
#1301 = AXIS2_PLACEMENT_3D( '', #2311, #2312, #2313 );
#1302 = SURFACE_SIDE_STYLE( '', ( #2314 ) );
#1303 = EDGE_LOOP( '', ( #2315, #2316, #2317, #2318 ) );
#1304 = AXIS2_PLACEMENT_3D( '', #2319, #2320, #2321 );
#1305 = SURFACE_SIDE_STYLE( '', ( #2322 ) );
#1306 = EDGE_LOOP( '', ( #2323, #2324, #2325, #2326 ) );
#1307 = AXIS2_PLACEMENT_3D( '', #2327, #2328, #2329 );
#1308 = SURFACE_SIDE_STYLE( '', ( #2330 ) );
#1309 = EDGE_LOOP( '', ( #2331, #2332, #2333, #2334 ) );
#1310 = AXIS2_PLACEMENT_3D( '', #2335, #2336, #2337 );
#1311 = SURFACE_SIDE_STYLE( '', ( #2338 ) );
#1312 = EDGE_LOOP( '', ( #2339, #2340, #2341, #2342 ) );
#1313 = AXIS2_PLACEMENT_3D( '', #2343, #2344, #2345 );
#1314 = SURFACE_SIDE_STYLE( '', ( #2346 ) );
#1315 = EDGE_LOOP( '', ( #2347, #2348, #2349, #2350 ) );
#1316 = AXIS2_PLACEMENT_3D( '', #2351, #2352, #2353 );
#1317 = SURFACE_SIDE_STYLE( '', ( #2354 ) );
#1318 = EDGE_LOOP( '', ( #2355, #2356, #2357, #2358 ) );
#1319 = AXIS2_PLACEMENT_3D( '', #2359, #2360, #2361 );
#1320 = SURFACE_SIDE_STYLE( '', ( #2362 ) );
#1321 = EDGE_LOOP( '', ( #2363, #2364, #2365, #2366 ) );
#1322 = AXIS2_PLACEMENT_3D( '', #2367, #2368, #2369 );
#1323 = SURFACE_SIDE_STYLE( '', ( #2370 ) );
#1324 = EDGE_LOOP( '', ( #2371, #2372, #2373, #2374 ) );
#1325 = AXIS2_PLACEMENT_3D( '', #2375, #2376, #2377 );
#1326 = SURFACE_SIDE_STYLE( '', ( #2378 ) );
#1327 = EDGE_LOOP( '', ( #2379, #2380, #2381, #2382, #2383, #2384 ) );
#1328 = AXIS2_PLACEMENT_3D( '', #2385, #2386, #2387 );
#1329 = SURFACE_SIDE_STYLE( '', ( #2388 ) );
#1330 = EDGE_LOOP( '', ( #2389, #2390, #2391, #2392 ) );
#1331 = AXIS2_PLACEMENT_3D( '', #2393, #2394, #2395 );
#1332 = SURFACE_SIDE_STYLE( '', ( #2396 ) );
#1333 = EDGE_LOOP( '', ( #2397, #2398, #2399, #2400, #2401, #2402, #2403, #2404, #2405, #2406, #2407, #2408 ) );
#1334 = EDGE_LOOP( '', ( #2409, #2410, #2411, #2412 ) );
#1335 = AXIS2_PLACEMENT_3D( '', #2413, #2414, #2415 );
#1336 = SURFACE_SIDE_STYLE( '', ( #2416 ) );
#1337 = EDGE_LOOP( '', ( #2417, #2418, #2419, #2420 ) );
#1338 = AXIS2_PLACEMENT_3D( '', #2421, #2422, #2423 );
#1339 = SURFACE_SIDE_STYLE( '', ( #2424 ) );
#1340 = EDGE_LOOP( '', ( #2425, #2426, #2427, #2428, #2429, #2430, #2431, #2432, #2433, #2434, #2435, #2436 ) );
#1341 = AXIS2_PLACEMENT_3D( '', #2437, #2438, #2439 );
#1342 = SURFACE_SIDE_STYLE( '', ( #2440 ) );
#1343 = EDGE_LOOP( '', ( #2441, #2442, #2443, #2444, #2445 ) );
#1344 = AXIS2_PLACEMENT_3D( '', #2446, #2447, #2448 );
#1345 = SURFACE_SIDE_STYLE( '', ( #2449 ) );
#1346 = EDGE_LOOP( '', ( #2450, #2451, #2452, #2453 ) );
#1347 = AXIS2_PLACEMENT_3D( '', #2454, #2455, #2456 );
#1348 = SURFACE_SIDE_STYLE( '', ( #2457 ) );
#1349 = EDGE_LOOP( '', ( #2458, #2459, #2460, #2461 ) );
#1350 = AXIS2_PLACEMENT_3D( '', #2462, #2463, #2464 );
#1351 = SURFACE_SIDE_STYLE( '', ( #2465 ) );
#1352 = EDGE_LOOP( '', ( #2466, #2467, #2468, #2469 ) );
#1353 = AXIS2_PLACEMENT_3D( '', #2470, #2471, #2472 );
#1354 = SURFACE_SIDE_STYLE( '', ( #2473 ) );
#1355 = EDGE_LOOP( '', ( #2474, #2475, #2476, #2477, #2478, #2479 ) );
#1356 = AXIS2_PLACEMENT_3D( '', #2480, #2481, #2482 );
#1357 = SURFACE_SIDE_STYLE( '', ( #2483 ) );
#1358 = EDGE_LOOP( '', ( #2484, #2485, #2486, #2487, #2488, #2489, #2490, #2491, #2492, #2493, #2494, #2495 ) );
#1359 = AXIS2_PLACEMENT_3D( '', #2496, #2497, #2498 );
#1360 = SURFACE_SIDE_STYLE( '', ( #2499 ) );
#1361 = EDGE_LOOP( '', ( #2500, #2501, #2502, #2503 ) );
#1362 = AXIS2_PLACEMENT_3D( '', #2504, #2505, #2506 );
#1363 = SURFACE_SIDE_STYLE( '', ( #2507 ) );
#1364 = EDGE_LOOP( '', ( #2508, #2509, #2510, #2511 ) );
#1365 = AXIS2_PLACEMENT_3D( '', #2512, #2513, #2514 );
#1366 = SURFACE_SIDE_STYLE( '', ( #2515 ) );
#1367 = EDGE_LOOP( '', ( #2516, #2517, #2518, #2519 ) );
#1368 = AXIS2_PLACEMENT_3D( '', #2520, #2521, #2522 );
#1369 = SURFACE_SIDE_STYLE( '', ( #2523 ) );
#1370 = EDGE_LOOP( '', ( #2524, #2525, #2526, #2527 ) );
#1371 = AXIS2_PLACEMENT_3D( '', #2528, #2529, #2530 );
#1372 = SURFACE_SIDE_STYLE( '', ( #2531 ) );
#1373 = EDGE_LOOP( '', ( #2532, #2533, #2534, #2535, #2536 ) );
#1374 = AXIS2_PLACEMENT_3D( '', #2537, #2538, #2539 );
#1375 = SURFACE_SIDE_STYLE( '', ( #2540 ) );
#1376 = EDGE_LOOP( '', ( #2541, #2542, #2543, #2544 ) );
#1377 = AXIS2_PLACEMENT_3D( '', #2545, #2546, #2547 );
#1378 = SURFACE_SIDE_STYLE( '', ( #2548 ) );
#1379 = EDGE_LOOP( '', ( #2549, #2550, #2551, #2552 ) );
#1380 = AXIS2_PLACEMENT_3D( '', #2553, #2554, #2555 );
#1381 = SURFACE_SIDE_STYLE( '', ( #2556 ) );
#1382 = EDGE_LOOP( '', ( #2557, #2558, #2559, #2560, #2561 ) );
#1383 = AXIS2_PLACEMENT_3D( '', #2562, #2563, #2564 );
#1384 = SURFACE_SIDE_STYLE( '', ( #2565 ) );
#1385 = EDGE_LOOP( '', ( #2566, #2567, #2568, #2569 ) );
#1386 = AXIS2_PLACEMENT_3D( '', #2570, #2571, #2572 );
#1387 = SURFACE_SIDE_STYLE( '', ( #2573 ) );
#1388 = EDGE_LOOP( '', ( #2574, #2575, #2576, #2577, #2578 ) );
#1389 = AXIS2_PLACEMENT_3D( '', #2579, #2580, #2581 );
#1390 = SURFACE_SIDE_STYLE( '', ( #2582 ) );
#1391 = EDGE_LOOP( '', ( #2583, #2584, #2585, #2586, #2587, #2588, #2589, #2590 ) );
#1392 = EDGE_LOOP( '', ( #2591, #2592, #2593, #2594 ) );
#1393 = AXIS2_PLACEMENT_3D( '', #2595, #2596, #2597 );
#1394 = SURFACE_SIDE_STYLE( '', ( #2598 ) );
#1395 = EDGE_LOOP( '', ( #2599, #2600, #2601, #2602 ) );
#1396 = AXIS2_PLACEMENT_3D( '', #2603, #2604, #2605 );
#1397 = SURFACE_SIDE_STYLE( '', ( #2606 ) );
#1398 = EDGE_LOOP( '', ( #2607, #2608, #2609, #2610 ) );
#1399 = AXIS2_PLACEMENT_3D( '', #2611, #2612, #2613 );
#1400 = SURFACE_SIDE_STYLE( '', ( #2614 ) );
#1401 = EDGE_LOOP( '', ( #2615, #2616, #2617, #2618 ) );
#1402 = AXIS2_PLACEMENT_3D( '', #2619, #2620, #2621 );
#1403 = SURFACE_SIDE_STYLE( '', ( #2622 ) );
#1404 = EDGE_LOOP( '', ( #2623, #2624, #2625, #2626, #2627, #2628, #2629, #2630, #2631, #2632, #2633, #2634, #2635, #2636, #2637, #2638, #2639, #2640, #2641, #2642, #2643, #2644, #2645, #2646, #2647, #2648, #2649 ) );
#1405 = AXIS2_PLACEMENT_3D( '', #2650, #2651, #2652 );
#1406 = SURFACE_SIDE_STYLE( '', ( #2653 ) );
#1407 = EDGE_LOOP( '', ( #2654, #2655, #2656, #2657, #2658, #2659, #2660 ) );
#1408 = AXIS2_PLACEMENT_3D( '', #2661, #2662, #2663 );
#1409 = SURFACE_SIDE_STYLE( '', ( #2664 ) );
#1410 = EDGE_LOOP( '', ( #2665, #2666, #2667, #2668 ) );
#1411 = AXIS2_PLACEMENT_3D( '', #2669, #2670, #2671 );
#1412 = SURFACE_SIDE_STYLE( '', ( #2672 ) );
#1413 = EDGE_LOOP( '', ( #2673, #2674, #2675, #2676, #2677, #2678, #2679, #2680, #2681, #2682, #2683, #2684, #2685, #2686, #2687, #2688, #2689, #2690, #2691, #2692, #2693, #2694, #2695, #2696, #2697, #2698, #2699 ) );
#1414 = AXIS2_PLACEMENT_3D( '', #2700, #2701, #2702 );
#1415 = SURFACE_SIDE_STYLE( '', ( #2703 ) );
#1416 = EDGE_LOOP( '', ( #2704, #2705, #2706, #2707 ) );
#1417 = AXIS2_PLACEMENT_3D( '', #2708, #2709, #2710 );
#1418 = SURFACE_SIDE_STYLE( '', ( #2711 ) );
#1419 = EDGE_LOOP( '', ( #2712, #2713, #2714, #2715 ) );
#1420 = AXIS2_PLACEMENT_3D( '', #2716, #2717, #2718 );
#1421 = SURFACE_SIDE_STYLE( '', ( #2719 ) );
#1422 = EDGE_LOOP( '', ( #2720, #2721, #2722, #2723 ) );
#1423 = AXIS2_PLACEMENT_3D( '', #2724, #2725, #2726 );
#1424 = SURFACE_SIDE_STYLE( '', ( #2727 ) );
#1425 = EDGE_LOOP( '', ( #2728, #2729, #2730, #2731 ) );
#1426 = AXIS2_PLACEMENT_3D( '', #2732, #2733, #2734 );
#1427 = SURFACE_SIDE_STYLE( '', ( #2735 ) );
#1428 = EDGE_LOOP( '', ( #2736, #2737, #2738, #2739, #2740, #2741, #2742, #2743, #2744, #2745 ) );
#1429 = AXIS2_PLACEMENT_3D( '', #2746, #2747, #2748 );
#1430 = SURFACE_SIDE_STYLE( '', ( #2749 ) );
#1431 = EDGE_LOOP( '', ( #2750, #2751, #2752, #2753, #2754, #2755, #2756, #2757 ) );
#1432 = AXIS2_PLACEMENT_3D( '', #2758, #2759, #2760 );
#1433 = SURFACE_SIDE_STYLE( '', ( #2761 ) );
#1434 = EDGE_LOOP( '', ( #2762, #2763, #2764, #2765, #2766 ) );
#1435 = AXIS2_PLACEMENT_3D( '', #2767, #2768, #2769 );
#1436 = SURFACE_SIDE_STYLE( '', ( #2770 ) );
#1437 = EDGE_LOOP( '', ( #2771, #2772, #2773, #2774 ) );
#1438 = AXIS2_PLACEMENT_3D( '', #2775, #2776, #2777 );
#1439 = SURFACE_SIDE_STYLE( '', ( #2778 ) );
#1440 = EDGE_LOOP( '', ( #2779, #2780, #2781, #2782, #2783 ) );
#1441 = AXIS2_PLACEMENT_3D( '', #2784, #2785, #2786 );
#1442 = SURFACE_SIDE_STYLE( '', ( #2787 ) );
#1443 = EDGE_LOOP( '', ( #2788, #2789, #2790, #2791, #2792, #2793 ) );
#1444 = AXIS2_PLACEMENT_3D( '', #2794, #2795, #2796 );
#1445 = SURFACE_SIDE_STYLE( '', ( #2797 ) );
#1446 = EDGE_LOOP( '', ( #2798, #2799, #2800, #2801, #2802, #2803, #2804 ) );
#1447 = AXIS2_PLACEMENT_3D( '', #2805, #2806, #2807 );
#1448 = SURFACE_SIDE_STYLE( '', ( #2808 ) );
#1449 = EDGE_LOOP( '', ( #2809, #2810, #2811, #2812 ) );
#1450 = AXIS2_PLACEMENT_3D( '', #2813, #2814, #2815 );
#1451 = SURFACE_SIDE_STYLE( '', ( #2816 ) );
#1452 = EDGE_LOOP( '', ( #2817, #2818, #2819, #2820 ) );
#1453 = AXIS2_PLACEMENT_3D( '', #2821, #2822, #2823 );
#1454 = SURFACE_SIDE_STYLE( '', ( #2824 ) );
#1455 = EDGE_LOOP( '', ( #2825, #2826, #2827, #2828 ) );
#1456 = AXIS2_PLACEMENT_3D( '', #2829, #2830, #2831 );
#1457 = SURFACE_SIDE_STYLE( '', ( #2832 ) );
#1458 = EDGE_LOOP( '', ( #2833, #2834, #2835, #2836 ) );
#1459 = AXIS2_PLACEMENT_3D( '', #2837, #2838, #2839 );
#1460 = SURFACE_SIDE_STYLE( '', ( #2840 ) );
#1461 = EDGE_LOOP( '', ( #2841, #2842, #2843, #2844, #2845, #2846 ) );
#1462 = AXIS2_PLACEMENT_3D( '', #2847, #2848, #2849 );
#1463 = SURFACE_SIDE_STYLE( '', ( #2850 ) );
#1464 = EDGE_LOOP( '', ( #2851, #2852, #2853, #2854, #2855, #2856, #2857, #2858, #2859, #2860, #2861, #2862, #2863, #2864, #2865, #2866, #2867, #2868, #2869, #2870, #2871, #2872, #2873, #2874, #2875, #2876, #2877 ) );
#1465 = AXIS2_PLACEMENT_3D( '', #2878, #2879, #2880 );
#1466 = SURFACE_SIDE_STYLE( '', ( #2881 ) );
#1467 = EDGE_LOOP( '', ( #2882, #2883, #2884, #2885 ) );
#1468 = AXIS2_PLACEMENT_3D( '', #2886, #2887, #2888 );
#1469 = SURFACE_SIDE_STYLE( '', ( #2889 ) );
#1470 = EDGE_LOOP( '', ( #2890, #2891, #2892, #2893, #2894 ) );
#1471 = AXIS2_PLACEMENT_3D( '', #2895, #2896, #2897 );
#1472 = SURFACE_SIDE_STYLE( '', ( #2898 ) );
#1473 = EDGE_LOOP( '', ( #2899, #2900, #2901, #2902, #2903, #2904 ) );
#1474 = AXIS2_PLACEMENT_3D( '', #2905, #2906, #2907 );
#1475 = SURFACE_SIDE_STYLE( '', ( #2908 ) );
#1476 = EDGE_LOOP( '', ( #2909, #2910, #2911, #2912 ) );
#1477 = AXIS2_PLACEMENT_3D( '', #2913, #2914, #2915 );
#1478 = SURFACE_SIDE_STYLE( '', ( #2916 ) );
#1479 = EDGE_LOOP( '', ( #2917, #2918, #2919, #2920 ) );
#1480 = AXIS2_PLACEMENT_3D( '', #2921, #2922, #2923 );
#1481 = SURFACE_SIDE_STYLE( '', ( #2924 ) );
#1482 = EDGE_LOOP( '', ( #2925, #2926, #2927, #2928 ) );
#1483 = AXIS2_PLACEMENT_3D( '', #2929, #2930, #2931 );
#1485 =  ( LENGTH_UNIT(  )NAMED_UNIT( #1027 )SI_UNIT( .MILLI., .METRE. ) );
#1486 = SURFACE_STYLE_FILL_AREA( #2933 );
#1487 = ORIENTED_EDGE( '', *, *, #2934, .T. );
#1488 = ORIENTED_EDGE( '', *, *, #2935, .F. );
#1489 = ORIENTED_EDGE( '', *, *, #2936, .F. );
#1490 = ORIENTED_EDGE( '', *, *, #2937, .F. );
#1491 = CARTESIAN_POINT( '', ( 5.35000000000000, 1.05938350235556, 15.1000000000000 ) );
#1492 = DIRECTION( '', ( -2.77555756156289E-049, 1.00000000000000E-016, 1.00000000000000 ) );
#1493 = DIRECTION( '', ( 1.00000000000000, 2.77555756156289E-033, -1.13946812949118E-064 ) );
#1494 = SURFACE_STYLE_FILL_AREA( #2938 );
#1495 = ORIENTED_EDGE( '', *, *, #2939, .T. );
#1496 = ORIENTED_EDGE( '', *, *, #2940, .F. );
#1497 = ORIENTED_EDGE( '', *, *, #2941, .T. );
#1498 = ORIENTED_EDGE( '', *, *, #2942, .T. );
#1499 = ORIENTED_EDGE( '', *, *, #2943, .T. );
#1500 = CARTESIAN_POINT( '', ( 5.95000000000000, -9.50000000000000, 0.307053304181600 ) );
#1501 = DIRECTION( '', ( 1.00000000000000, 0.000000000000000, 0.000000000000000 ) );
#1502 = DIRECTION( '', ( 0.000000000000000, 1.00000000000000, 0.000000000000000 ) );
#1503 = SURFACE_STYLE_FILL_AREA( #2944 );
#1504 = ORIENTED_EDGE( '', *, *, #2945, .T. );
#1505 = ORIENTED_EDGE( '', *, *, #2946, .T. );
#1506 = ORIENTED_EDGE( '', *, *, #2947, .F. );
#1507 = ORIENTED_EDGE( '', *, *, #2948, .T. );
#1508 = ORIENTED_EDGE( '', *, *, #2949, .T. );
#1509 = ORIENTED_EDGE( '', *, *, #2950, .T. );
#1510 = ORIENTED_EDGE( '', *, *, #2951, .F. );
#1511 = ORIENTED_EDGE( '', *, *, #2952, .T. );
#1512 = CARTESIAN_POINT( '', ( 5.35000000000000, -3.75000000000000, 14.5000000000000 ) );
#1513 = DIRECTION( '', ( -0.000000000000000, -0.000000000000000, 1.00000000000000 ) );
#1514 = DIRECTION( '', ( -1.00000000000000, 0.000000000000000, 0.000000000000000 ) );
#1515 = SURFACE_STYLE_FILL_AREA( #2953 );
#1516 = ORIENTED_EDGE( '', *, *, #2954, .T. );
#1517 = ORIENTED_EDGE( '', *, *, #2955, .T. );
#1518 = ORIENTED_EDGE( '', *, *, #2956, .T. );
#1519 = ORIENTED_EDGE( '', *, *, #2957, .T. );
#1520 = ORIENTED_EDGE( '', *, *, #2958, .T. );
#1521 = CARTESIAN_POINT( '', ( 4.87852540378444, -4.56661795512336, -1.00000000000000 ) );
#1522 = DIRECTION( '', ( 0.500000000000000, 0.866025403784439, 0.000000000000000 ) );
#1523 = DIRECTION( '', ( 0.000000000000000, 0.000000000000000, -1.00000000000000 ) );
#1524 = SURFACE_STYLE_FILL_AREA( #2959 );
#1525 = ORIENTED_EDGE( '', *, *, #2960, .T. );
#1526 = ORIENTED_EDGE( '', *, *, #2961, .F. );
#1527 = ORIENTED_EDGE( '', *, *, #2962, .T. );
#1528 = ORIENTED_EDGE( '', *, *, #2963, .T. );
#1529 = CARTESIAN_POINT( '', ( 9.20000000000000, -10.0000000000000, 18.0000000000000 ) );
#1530 = DIRECTION( '', ( 1.00000000000000, 0.000000000000000, 0.000000000000000 ) );
#1531 = DIRECTION( '', ( 0.000000000000000, 1.00000000000000, 0.000000000000000 ) );
#1532 = SURFACE_STYLE_FILL_AREA( #2964 );
#1533 = ORIENTED_EDGE( '', *, *, #2936, .T. );
#1534 = ORIENTED_EDGE( '', *, *, #2965, .F. );
#1535 = ORIENTED_EDGE( '', *, *, #2966, .F. );
#1536 = ORIENTED_EDGE( '', *, *, #2967, .T. );
#1537 = CARTESIAN_POINT( '', ( 3.39040820577346, -0.400000000000000, 16.0000000000000 ) );
#1538 = DIRECTION( '', ( 8.44114070952338E-017, -1.00000000000000, 1.00000000000000E-016 ) );
#1539 = DIRECTION( '', ( -1.00000000000000, -8.44114070952338E-017, 0.000000000000000 ) );
#1540 = SURFACE_STYLE_FILL_AREA( #2968 );
#1541 = ORIENTED_EDGE( '', *, *, #2969, .F. );
#1542 = ORIENTED_EDGE( '', *, *, #2970, .T. );
#1543 = ORIENTED_EDGE( '', *, *, #2937, .T. );
#1544 = ORIENTED_EDGE( '', *, *, #2967, .F. );
#1545 = ORIENTED_EDGE( '', *, *, #2971, .T. );
#1546 = ORIENTED_EDGE( '', *, *, #2965, .T. );
#1547 = ORIENTED_EDGE( '', *, *, #2935, .T. );
#1548 = ORIENTED_EDGE( '', *, *, #2972, .F. );
#1549 = CARTESIAN_POINT( '', ( 5.35000000000000, 0.000000000000000, 14.5000000000000 ) );
#1550 = DIRECTION( '', ( -0.000000000000000, -0.000000000000000, 1.00000000000000 ) );
#1551 = DIRECTION( '', ( -1.00000000000000, 0.000000000000000, 0.000000000000000 ) );
#1552 = SURFACE_STYLE_FILL_AREA( #2973 );
#1553 = ORIENTED_EDGE( '', *, *, #2974, .F. );
#1554 = ORIENTED_EDGE( '', *, *, #2975, .T. );
#1555 = ORIENTED_EDGE( '', *, *, #2976, .F. );
#1556 = ORIENTED_EDGE( '', *, *, #2977, .F. );
#1557 = CARTESIAN_POINT( '', ( 0.000000000000000, -2.50000000000000, 3.50000000000000 ) );
#1558 = DIRECTION( '', ( 0.000000000000000, 0.000000000000000, -1.00000000000000 ) );
#1559 = DIRECTION( '', ( 0.000000000000000, -1.00000000000000, 0.000000000000000 ) );
#1560 = SURFACE_STYLE_FILL_AREA( #2978 );
#1561 = ORIENTED_EDGE( '', *, *, #2979, .F. );
#1562 = ORIENTED_EDGE( '', *, *, #2980, .F. );
#1563 = ORIENTED_EDGE( '', *, *, #2981, .F. );
#1564 = ORIENTED_EDGE( '', *, *, #2982, .T. );
#1565 = CARTESIAN_POINT( '', ( -2.45933806298169, -0.450000000000000, 1.20000000000000 ) );
#1566 = DIRECTION( '', ( 0.000000000000000, 1.00000000000000, -1.00000000000000E-016 ) );
#1567 = DIRECTION( '', ( 1.00000000000000, 0.000000000000000, 0.000000000000000 ) );
#1568 = SURFACE_STYLE_FILL_AREA( #2983 );
#1569 = ORIENTED_EDGE( '', *, *, #2984, .T. );
#1570 = ORIENTED_EDGE( '', *, *, #2985, .T. );
#1571 = ORIENTED_EDGE( '', *, *, #2986, .T. );
#1572 = ORIENTED_EDGE( '', *, *, #2987, .F. );
#1573 = CARTESIAN_POINT( '', ( 2.90000000000000, -2.58000000000000, -1.00000000000000 ) );
#1574 = DIRECTION( '', ( 1.00000000000000, 0.000000000000000, -3.00000000000000E-016 ) );
#1575 = DIRECTION( '', ( 0.000000000000000, 1.00000000000000, 0.000000000000000 ) );
#1576 = SURFACE_STYLE_FILL_AREA( #2988 );
#1577 = ORIENTED_EDGE( '', *, *, #2989, .F. );
#1578 = ORIENTED_EDGE( '', *, *, #2990, .T. );
#1579 = ORIENTED_EDGE( '', *, *, #2991, .F. );
#1580 = ORIENTED_EDGE( '', *, *, #2992, .F. );
#1581 = CARTESIAN_POINT( '', ( 5.35000000000000, -10.0800000000000, 12.0000000000000 ) );
#1582 = DIRECTION( '', ( 0.000000000000000, 0.000000000000000, -1.00000000000000 ) );
#1583 = DIRECTION( '', ( 0.000000000000000, -1.00000000000000, 0.000000000000000 ) );
#1584 = SURFACE_STYLE_FILL_AREA( #2993 );
#1585 = ORIENTED_EDGE( '', *, *, #2994, .F. );
#1586 = ORIENTED_EDGE( '', *, *, #2995, .T. );
#1587 = ORIENTED_EDGE( '', *, *, #2996, .F. );
#1588 = ORIENTED_EDGE( '', *, *, #2997, .F. );
#1589 = CARTESIAN_POINT( '', ( 0.000000000000000, 0.000000000000000, 3.50000000000000 ) );
#1590 = DIRECTION( '', ( 0.000000000000000, 0.000000000000000, -1.00000000000000 ) );
#1591 = DIRECTION( '', ( 0.000000000000000, -1.00000000000000, 0.000000000000000 ) );
#1592 = SURFACE_STYLE_FILL_AREA( #2998 );
#1593 = ORIENTED_EDGE( '', *, *, #2946, .F. );
#1594 = ORIENTED_EDGE( '', *, *, #2999, .F. );
#1595 = ORIENTED_EDGE( '', *, *, #2950, .F. );
#1596 = ORIENTED_EDGE( '', *, *, #3000, .F. );
#1597 = CARTESIAN_POINT( '', ( 5.35000000000000, -2.69061649764444, 15.1000000000000 ) );
#1598 = DIRECTION( '', ( -2.77555756156289E-049, 1.00000000000000E-016, 1.00000000000000 ) );
#1599 = DIRECTION( '', ( 1.00000000000000, 2.77555756156289E-033, -1.13946812949118E-064 ) );
#1600 = SURFACE_STYLE_FILL_AREA( #3001 );
#1601 = ORIENTED_EDGE( '', *, *, #3002, .T. );
#1602 = ORIENTED_EDGE( '', *, *, #3003, .F. );
#1603 = ORIENTED_EDGE( '', *, *, #3004, .F. );
#1604 = ORIENTED_EDGE( '', *, *, #3005, .F. );
#1605 = CARTESIAN_POINT( '', ( 0.000000000000000, 0.000000000000000, 8.80000000000000 ) );
#1606 = DIRECTION( '', ( 0.000000000000000, 0.000000000000000, -1.00000000000000 ) );
#1607 = DIRECTION( '', ( 0.000000000000000, -1.00000000000000, 0.000000000000000 ) );
#1608 = SURFACE_STYLE_FILL_AREA( #3006 );
#1609 = ORIENTED_EDGE( '', *, *, #2966, .T. );
#1610 = ORIENTED_EDGE( '', *, *, #2971, .F. );
#1611 = CARTESIAN_POINT( '', ( 5.35000000000000, 1.05938350235556, 16.0000000000000 ) );
#1612 = DIRECTION( '', ( -2.77555756156289E-049, 1.00000000000000E-016, 1.00000000000000 ) );
#1613 = DIRECTION( '', ( 1.00000000000000, 2.77555756156289E-033, -1.13946812949118E-064 ) );
#1614 = SURFACE_STYLE_FILL_AREA( #3007 );
#1615 = ORIENTED_EDGE( '', *, *, #3008, .T. );
#1616 = ORIENTED_EDGE( '', *, *, #3009, .F. );
#1617 = ORIENTED_EDGE( '', *, *, #3010, .F. );
#1618 = ORIENTED_EDGE( '', *, *, #3011, .F. );
#1619 = ORIENTED_EDGE( '', *, *, #3012, .T. );
#1620 = CARTESIAN_POINT( '', ( 5.95000000000000, -5.75000000000000, 0.307053304181600 ) );
#1621 = DIRECTION( '', ( 1.00000000000000, 0.000000000000000, 0.000000000000000 ) );
#1622 = DIRECTION( '', ( 0.000000000000000, 1.00000000000000, 0.000000000000000 ) );
#1623 = SURFACE_STYLE_FILL_AREA( #3013 );
#1624 = ORIENTED_EDGE( '', *, *, #3014, .T. );
#1625 = ORIENTED_EDGE( '', *, *, #3015, .T. );
#1626 = ORIENTED_EDGE( '', *, *, #3016, .T. );
#1627 = ORIENTED_EDGE( '', *, *, #3017, .T. );
#1628 = ORIENTED_EDGE( '', *, *, #3018, .T. );
#1629 = CARTESIAN_POINT( '', ( 5.05000000000000, -9.50000000000000, 0.307053304181600 ) );
#1630 = DIRECTION( '', ( -1.00000000000000, 0.000000000000000, 0.000000000000000 ) );
#1631 = DIRECTION( '', ( 0.000000000000000, 0.000000000000000, 1.00000000000000 ) );
#1632 = SURFACE_STYLE_FILL_AREA( #3019 );
#1633 = ORIENTED_EDGE( '', *, *, #3020, .F. );
#1634 = ORIENTED_EDGE( '', *, *, #3021, .T. );
#1635 = ORIENTED_EDGE( '', *, *, #3022, .T. );
#1636 = ORIENTED_EDGE( '', *, *, #3023, .T. );
#1637 = ORIENTED_EDGE( '', *, *, #3024, .T. );
#1638 = ORIENTED_EDGE( '', *, *, #3025, .F. );
#1639 = ORIENTED_EDGE( '', *, *, #3026, .T. );
#1640 = ORIENTED_EDGE( '', *, *, #3027, .F. );
#1641 = CARTESIAN_POINT( '', ( 5.54941853206615, -4.50000000000000, 5.78503340908910 ) );
#1642 = DIRECTION( '', ( 0.000000000000000, -1.00000000000000, 0.000000000000000 ) );
#1643 = DIRECTION( '', ( 0.000000000000000, 0.000000000000000, -1.00000000000000 ) );
#1644 = SURFACE_STYLE_FILL_AREA( #3028 );
#1645 = ORIENTED_EDGE( '', *, *, #3029, .F. );
#1646 = ORIENTED_EDGE( '', *, *, #3030, .T. );
#1647 = ORIENTED_EDGE( '', *, *, #3031, .T. );
#1648 = ORIENTED_EDGE( '', *, *, #3032, .F. );
#1649 = ORIENTED_EDGE( '', *, *, #3033, .F. );
#1650 = ORIENTED_EDGE( '', *, *, #3034, .F. );
#1651 = ORIENTED_EDGE( '', *, *, #3035, .T. );
#1652 = ORIENTED_EDGE( '', *, *, #3036, .F. );
#1653 = ORIENTED_EDGE( '', *, *, #3037, .F. );
#1654 = ORIENTED_EDGE( '', *, *, #2952, .F. );
#1655 = CARTESIAN_POINT( '', ( 9.44730475381265, -2.76045525516638, 18.0000000000000 ) );
#1656 = DIRECTION( '', ( 0.000000000000000, 0.000000000000000, 1.00000000000000 ) );
#1657 = DIRECTION( '', ( 1.00000000000000, 0.000000000000000, 0.000000000000000 ) );
#1658 = SURFACE_STYLE_FILL_AREA( #3038 );
#1659 = ORIENTED_EDGE( '', *, *, #3039, .F. );
#1660 = ORIENTED_EDGE( '', *, *, #3040, .F. );
#1661 = ORIENTED_EDGE( '', *, *, #3041, .T. );
#1662 = ORIENTED_EDGE( '', *, *, #3042, .F. );
#1663 = CARTESIAN_POINT( '', ( 8.75000000000000, 0.000000000000000, 0.000000000000000 ) );
#1664 = DIRECTION( '', ( -1.00000000000000, 0.000000000000000, 0.000000000000000 ) );
#1665 = DIRECTION( '', ( 0.000000000000000, 0.000000000000000, 1.00000000000000 ) );
#1666 = SURFACE_STYLE_FILL_AREA( #3043 );
#1667 = ORIENTED_EDGE( '', *, *, #3044, .F. );
#1668 = ORIENTED_EDGE( '', *, *, #3045, .F. );
#1669 = ORIENTED_EDGE( '', *, *, #3046, .T. );
#1670 = ORIENTED_EDGE( '', *, *, #3047, .F. );
#1671 = ORIENTED_EDGE( '', *, *, #3048, .T. );
#1672 = ORIENTED_EDGE( '', *, *, #3049, .F. );
#1673 = ORIENTED_EDGE( '', *, *, #3050, .T. );
#1674 = ORIENTED_EDGE( '', *, *, #3051, .F. );
#1675 = ORIENTED_EDGE( '', *, *, #3052, .F. );
#1676 = ORIENTED_EDGE( '', *, *, #3053, .T. );
#1677 = ORIENTED_EDGE( '', *, *, #3054, .F. );
#1678 = ORIENTED_EDGE( '', *, *, #3055, .F. );
#1679 = ORIENTED_EDGE( '', *, *, #3056, .F. );
#1680 = ORIENTED_EDGE( '', *, *, #3057, .F. );
#1681 = ORIENTED_EDGE( '', *, *, #3058, .T. );
#1682 = ORIENTED_EDGE( '', *, *, #3059, .F. );
#1683 = ORIENTED_EDGE( '', *, *, #3060, .F. );
#1684 = ORIENTED_EDGE( '', *, *, #2979, .T. );
#1685 = CARTESIAN_POINT( '', ( 1.74069100000000, 4.82756600000000, 0.000000000000000 ) );
#1686 = DIRECTION( '', ( 0.000000000000000, 0.000000000000000, -1.00000000000000 ) );
#1687 = DIRECTION( '', ( 0.000000000000000, -1.00000000000000, 0.000000000000000 ) );
#1688 = SURFACE_STYLE_FILL_AREA( #3061 );
#1689 = ORIENTED_EDGE( '', *, *, #3046, .F. );
#1690 = ORIENTED_EDGE( '', *, *, #3062, .F. );
#1691 = ORIENTED_EDGE( '', *, *, #3063, .F. );
#1692 = ORIENTED_EDGE( '', *, *, #3064, .F. );
#1693 = CARTESIAN_POINT( '', ( 11.2000000000000, 7.50000000000000, -1.00000000000000 ) );
#1694 = DIRECTION( '', ( 1.00000000000000, 0.000000000000000, 0.000000000000000 ) );
#1695 = DIRECTION( '', ( 0.000000000000000, 1.00000000000000, 0.000000000000000 ) );
#1696 = SURFACE_STYLE_FILL_AREA( #3065 );
#1697 = ORIENTED_EDGE( '', *, *, #3066, .F. );
#1698 = ORIENTED_EDGE( '', *, *, #3067, .T. );
#1699 = ORIENTED_EDGE( '', *, *, #3068, .F. );
#1700 = ORIENTED_EDGE( '', *, *, #3069, .F. );
#1701 = ORIENTED_EDGE( '', *, *, #3070, .T. );
#1702 = ORIENTED_EDGE( '', *, *, #3071, .T. );
#1703 = CARTESIAN_POINT( '', ( 2.85000000000000, 1.30000000000000, 6.15000000000000 ) );
#1704 = DIRECTION( '', ( -1.00000000000000, 0.000000000000000, 0.000000000000000 ) );
#1705 = DIRECTION( '', ( 0.000000000000000, 0.000000000000000, 1.00000000000000 ) );
#1706 = SURFACE_STYLE_FILL_AREA( #3072 );
#1707 = ORIENTED_EDGE( '', *, *, #3073, .F. );
#1708 = ORIENTED_EDGE( '', *, *, #3074, .T. );
#1709 = ORIENTED_EDGE( '', *, *, #3075, .T. );
#1710 = ORIENTED_EDGE( '', *, *, #3076, .F. );
#1711 = ORIENTED_EDGE( '', *, *, #3077, .T. );
#1712 = ORIENTED_EDGE( '', *, *, #3078, .T. );
#1713 = ORIENTED_EDGE( '', *, *, #3079, .T. );
#1714 = ORIENTED_EDGE( '', *, *, #3080, .F. );
#1715 = CARTESIAN_POINT( '', ( 5.35000000000000, 0.000000000000000, 14.5000000000000 ) );
#1716 = DIRECTION( '', ( -0.000000000000000, -0.000000000000000, 1.00000000000000 ) );
#1717 = DIRECTION( '', ( -1.00000000000000, 0.000000000000000, 0.000000000000000 ) );
#1718 = SURFACE_STYLE_FILL_AREA( #3081 );
#1719 = ORIENTED_EDGE( '', *, *, #3082, .T. );
#1720 = ORIENTED_EDGE( '', *, *, #3083, .T. );
#1721 = ORIENTED_EDGE( '', *, *, #3084, .T. );
#1722 = ORIENTED_EDGE( '', *, *, #3085, .F. );
#1723 = ORIENTED_EDGE( '', *, *, #3086, .T. );
#1724 = ORIENTED_EDGE( '', *, *, #3087, .F. );
#1725 = ORIENTED_EDGE( '', *, *, #3088, .T. );
#1726 = ORIENTED_EDGE( '', *, *, #3089, .T. );
#1727 = ORIENTED_EDGE( '', *, *, #3090, .T. );
#1728 = ORIENTED_EDGE( '', *, *, #3091, .F. );
#1729 = ORIENTED_EDGE( '', *, *, #3040, .T. );
#1730 = ORIENTED_EDGE( '', *, *, #3092, .T. );
#1731 = ORIENTED_EDGE( '', *, *, #3093, .T. );
#1732 = ORIENTED_EDGE( '', *, *, #3094, .F. );
#1733 = ORIENTED_EDGE( '', *, *, #3010, .T. );
#1734 = ORIENTED_EDGE( '', *, *, #3095, .F. );
#1735 = ORIENTED_EDGE( '', *, *, #3096, .T. );
#1736 = ORIENTED_EDGE( '', *, *, #3097, .F. );
#1737 = CARTESIAN_POINT( '', ( 1.74069100000000, -6.42243400000000, 0.000000000000000 ) );
#1738 = DIRECTION( '', ( 0.000000000000000, 0.000000000000000, -1.00000000000000 ) );
#1739 = DIRECTION( '', ( 0.000000000000000, -1.00000000000000, 0.000000000000000 ) );
#1740 = SURFACE_STYLE_FILL_AREA( #3098 );
#1741 = ORIENTED_EDGE( '', *, *, #3099, .F. );
#1742 = ORIENTED_EDGE( '', *, *, #3100, .F. );
#1743 = ORIENTED_EDGE( '', *, *, #3101, .T. );
#1744 = ORIENTED_EDGE( '', *, *, #3102, .T. );
#1745 = CARTESIAN_POINT( '', ( -2.45933806298170, -2.00000000000000, -4.00000000000000 ) );
#1746 = DIRECTION( '', ( -2.00000000000000E-015, -1.00000000000000E-016, -1.00000000000000 ) );
#1747 = DIRECTION( '', ( -1.00000000000000, 0.000000000000000, 2.00000000000000E-015 ) );
#1748 = SURFACE_STYLE_FILL_AREA( #3103 );
#1749 = ORIENTED_EDGE( '', *, *, #3104, .T. );
#1750 = ORIENTED_EDGE( '', *, *, #3105, .F. );
#1751 = ORIENTED_EDGE( '', *, *, #3106, .F. );
#1752 = ORIENTED_EDGE( '', *, *, #3003, .T. );
#1753 = CARTESIAN_POINT( '', ( 0.952627944162880, 0.000000000000000, 7.95000000000000 ) );
#1754 = DIRECTION( '', ( -1.00000000000000, 0.000000000000000, 0.000000000000000 ) );
#1755 = DIRECTION( '', ( 0.000000000000000, 0.000000000000000, 1.00000000000000 ) );
#1756 = SURFACE_STYLE_FILL_AREA( #3107 );
#1757 = ORIENTED_EDGE( '', *, *, #3108, .T. );
#1758 = ORIENTED_EDGE( '', *, *, #3109, .T. );
#1759 = ORIENTED_EDGE( '', *, *, #3110, .F. );
#1760 = ORIENTED_EDGE( '', *, *, #3048, .F. );
#1761 = CARTESIAN_POINT( '', ( 8.75000000000000, -3.75000000000000, 10.0000000000000 ) );
#1762 = DIRECTION( '', ( -1.00000000000000, 0.000000000000000, -1.77635683940025E-016 ) );
#1763 = DIRECTION( '', ( -1.77635683940025E-016, 0.000000000000000, 1.00000000000000 ) );
#1764 = SURFACE_STYLE_FILL_AREA( #3111 );
#1765 = ORIENTED_EDGE( '', *, *, #3112, .F. );
#1766 = ORIENTED_EDGE( '', *, *, #3113, .T. );
#1767 = ORIENTED_EDGE( '', *, *, #3114, .T. );
#1768 = ORIENTED_EDGE( '', *, *, #3090, .F. );
#1769 = CARTESIAN_POINT( '', ( 2.75000000000000, 0.000000000000000, 12.0000000000000 ) );
#1770 = DIRECTION( '', ( 1.00000000000000, 0.000000000000000, 0.000000000000000 ) );
#1771 = DIRECTION( '', ( 0.000000000000000, 1.00000000000000, 0.000000000000000 ) );
#1772 = SURFACE_STYLE_FILL_AREA( #3115 );
#1773 = ORIENTED_EDGE( '', *, *, #3116, .F. );
#1774 = ORIENTED_EDGE( '', *, *, #3117, .T. );
#1775 = ORIENTED_EDGE( '', *, *, #3118, .T. );
#1776 = ORIENTED_EDGE( '', *, *, #3119, .T. );
#1777 = ORIENTED_EDGE( '', *, *, #3120, .F. );
#1778 = ORIENTED_EDGE( '', *, *, #3121, .F. );
#1779 = CARTESIAN_POINT( '', ( 0.952627944162880, -6.05000000000000, 3.50000000000000 ) );
#1780 = DIRECTION( '', ( 0.000000000000000, -1.00000000000000, 0.000000000000000 ) );
#1781 = DIRECTION( '', ( 0.000000000000000, 0.000000000000000, -1.00000000000000 ) );
#1782 = SURFACE_STYLE_FILL_AREA( #3122 );
#1783 = ORIENTED_EDGE( '', *, *, #3123, .F. );
#1784 = ORIENTED_EDGE( '', *, *, #3124, .T. );
#1785 = ORIENTED_EDGE( '', *, *, #3020, .T. );
#1786 = ORIENTED_EDGE( '', *, *, #3125, .T. );
#1787 = CARTESIAN_POINT( '', ( 9.73826298006057, -3.00000000000000, 8.81046719124859 ) );
#1788 = DIRECTION( '', ( 0.998629534754574, 0.000000000000000, 0.0523359562429438 ) );
#1789 = DIRECTION( '', ( 0.000000000000000, -1.00000000000000, 0.000000000000000 ) );
#1790 = SURFACE_STYLE_FILL_AREA( #3126 );
#1791 = ORIENTED_EDGE( '', *, *, #3127, .T. );
#1792 = ORIENTED_EDGE( '', *, *, #3128, .F. );
#1793 = ORIENTED_EDGE( '', *, *, #3129, .F. );
#1794 = ORIENTED_EDGE( '', *, *, #3130, .T. );
#1795 = ORIENTED_EDGE( '', *, *, #3131, .T. );
#1796 = CARTESIAN_POINT( '', ( 5.95000000000000, -2.00000000000000, 0.307053304181600 ) );
#1797 = DIRECTION( '', ( 1.00000000000000, 0.000000000000000, 0.000000000000000 ) );
#1798 = DIRECTION( '', ( 0.000000000000000, 1.00000000000000, 0.000000000000000 ) );
#1799 = SURFACE_STYLE_FILL_AREA( #3132 );
#1800 = ORIENTED_EDGE( '', *, *, #3133, .F. );
#1801 = ORIENTED_EDGE( '', *, *, #3134, .F. );
#1802 = ORIENTED_EDGE( '', *, *, #3135, .F. );
#1803 = ORIENTED_EDGE( '', *, *, #3136, .F. );
#1804 = ORIENTED_EDGE( '', *, *, #3137, .T. );
#1805 = CARTESIAN_POINT( '', ( 0.000000000000000, 0.000000000000000, 3.50000000000000 ) );
#1806 = DIRECTION( '', ( 0.000000000000000, 0.000000000000000, -1.00000000000000 ) );
#1807 = DIRECTION( '', ( 0.000000000000000, -1.00000000000000, 0.000000000000000 ) );
#1808 = SURFACE_STYLE_FILL_AREA( #3138 );
#1809 = ORIENTED_EDGE( '', *, *, #3139, .T. );
#1810 = ORIENTED_EDGE( '', *, *, #3068, .T. );
#1811 = ORIENTED_EDGE( '', *, *, #3140, .T. );
#1812 = ORIENTED_EDGE( '', *, *, #3141, .F. );
#1813 = ORIENTED_EDGE( '', *, *, #3142, .F. );
#1814 = ORIENTED_EDGE( '', *, *, #3143, .F. );
#1815 = CARTESIAN_POINT( '', ( 0.952627944162880, -1.45000000000000, 7.10000000000000 ) );
#1816 = DIRECTION( '', ( -0.000000000000000, 1.00000000000000, 0.000000000000000 ) );
#1817 = DIRECTION( '', ( 1.00000000000000, 0.000000000000000, 0.000000000000000 ) );
#1818 = SURFACE_STYLE_FILL_AREA( #3144 );
#1819 = ORIENTED_EDGE( '', *, *, #3145, .T. );
#1820 = ORIENTED_EDGE( '', *, *, #3146, .T. );
#1821 = ORIENTED_EDGE( '', *, *, #3147, .T. );
#1822 = ORIENTED_EDGE( '', *, *, #3148, .F. );
#1823 = CARTESIAN_POINT( '', ( 9.44730475381265, -5.34045525516638, 10.0000000000000 ) );
#1824 = DIRECTION( '', ( 0.000000000000000, 0.000000000000000, 1.00000000000000 ) );
#1825 = DIRECTION( '', ( 1.00000000000000, 0.000000000000000, 0.000000000000000 ) );
#1826 = SURFACE_STYLE_FILL_AREA( #3149 );
#1827 = ORIENTED_EDGE( '', *, *, #3150, .T. );
#1828 = ORIENTED_EDGE( '', *, *, #3151, .F. );
#1829 = ORIENTED_EDGE( '', *, *, #3152, .F. );
#1830 = ORIENTED_EDGE( '', *, *, #3087, .T. );
#1831 = CARTESIAN_POINT( '', ( 2.12679491924311, 0.500000000000000, -1.00000000000000 ) );
#1832 = DIRECTION( '', ( -0.000000000000000, -0.000000000000000, -1.00000000000000 ) );
#1833 = DIRECTION( '', ( 1.00000000000000, 0.000000000000000, 0.000000000000000 ) );
#1834 = SURFACE_STYLE_FILL_AREA( #3153 );
#1835 = ORIENTED_EDGE( '', *, *, #3154, .T. );
#1836 = ORIENTED_EDGE( '', *, *, #3131, .F. );
#1837 = ORIENTED_EDGE( '', *, *, #3155, .T. );
#1838 = ORIENTED_EDGE( '', *, *, #3156, .F. );
#1839 = CARTESIAN_POINT( '', ( -2.45933806298170, -2.00000000000000, -4.00000000000000 ) );
#1840 = DIRECTION( '', ( -2.00000000000000E-015, -1.00000000000000E-016, -1.00000000000000 ) );
#1841 = DIRECTION( '', ( -1.00000000000000, 0.000000000000000, 2.00000000000000E-015 ) );
#1842 = SURFACE_STYLE_FILL_AREA( #3157 );
#1843 = ORIENTED_EDGE( '', *, *, #3158, .T. );
#1844 = ORIENTED_EDGE( '', *, *, #3143, .T. );
#1845 = ORIENTED_EDGE( '', *, *, #3159, .F. );
#1846 = ORIENTED_EDGE( '', *, *, #3160, .T. );
#1847 = ORIENTED_EDGE( '', *, *, #3161, .T. );
#1848 = CARTESIAN_POINT( '', ( 7.04358891324554, 2.06661795512340, -1.00000000000000 ) );
#1849 = DIRECTION( '', ( 0.500000000000000, -0.866025403784439, 0.000000000000000 ) );
#1850 = DIRECTION( '', ( 0.000000000000000, 0.000000000000000, -1.00000000000000 ) );
#1851 = SURFACE_STYLE_FILL_AREA( #3162 );
#1852 = ORIENTED_EDGE( '', *, *, #3163, .T. );
#1853 = ORIENTED_EDGE( '', *, *, #3164, .F. );
#1854 = ORIENTED_EDGE( '', *, *, #3165, .F. );
#1855 = ORIENTED_EDGE( '', *, *, #3166, .T. );
#1856 = ORIENTED_EDGE( '', *, *, #3167, .F. );
#1857 = ORIENTED_EDGE( '', *, *, #3105, .T. );
#1858 = CARTESIAN_POINT( '', ( 0.000000000000000, 1.15000000000000, 7.10000000000000 ) );
#1859 = DIRECTION( '', ( 0.000000000000000, 0.000000000000000, -1.00000000000000 ) );
#1860 = DIRECTION( '', ( 0.000000000000000, -1.00000000000000, 0.000000000000000 ) );
#1861 = SURFACE_STYLE_FILL_AREA( #3168 );
#1862 = ORIENTED_EDGE( '', *, *, #3169, .T. );
#1863 = ORIENTED_EDGE( '', *, *, #3170, .T. );
#1864 = ORIENTED_EDGE( '', *, *, #3171, .T. );
#1865 = ORIENTED_EDGE( '', *, *, #3172, .T. );
#1866 = CARTESIAN_POINT( '', ( 2.75000000000000, -3.75000000000000, 12.0000000000000 ) );
#1867 = DIRECTION( '', ( 0.984807753012208, 0.000000000000000, -0.173648177666931 ) );
#1868 = DIRECTION( '', ( 0.000000000000000, -1.00000000000000, 0.000000000000000 ) );
#1869 = SURFACE_STYLE_FILL_AREA( #3173 );
#1870 = ORIENTED_EDGE( '', *, *, #2940, .T. );
#1871 = ORIENTED_EDGE( '', *, *, #3174, .F. );
#1872 = ORIENTED_EDGE( '', *, *, #3015, .F. );
#1873 = ORIENTED_EDGE( '', *, *, #3175, .F. );
#1874 = CARTESIAN_POINT( '', ( -2.45933806298169, -7.05000000000000, 1.20000000000000 ) );
#1875 = DIRECTION( '', ( 0.000000000000000, -1.00000000000000, 1.00000000000000E-016 ) );
#1876 = DIRECTION( '', ( -1.00000000000000, 0.000000000000000, 0.000000000000000 ) );
#1877 = SURFACE_STYLE_FILL_AREA( #3176 );
#1878 = ORIENTED_EDGE( '', *, *, #3177, .F. );
#1879 = ORIENTED_EDGE( '', *, *, #3167, .T. );
#1880 = ORIENTED_EDGE( '', *, *, #3178, .T. );
#1881 = ORIENTED_EDGE( '', *, *, #3179, .T. );
#1882 = ORIENTED_EDGE( '', *, *, #3180, .F. );
#1883 = ORIENTED_EDGE( '', *, *, #3137, .F. );
#1884 = CARTESIAN_POINT( '', ( 0.952627944162880, -1.45000000000000, 7.10000000000000 ) );
#1885 = DIRECTION( '', ( -0.000000000000000, 1.00000000000000, 0.000000000000000 ) );
#1886 = DIRECTION( '', ( 1.00000000000000, 0.000000000000000, 0.000000000000000 ) );
#1887 = SURFACE_STYLE_FILL_AREA( #3181 );
#1888 = ORIENTED_EDGE( '', *, *, #3182, .F. );
#1889 = ORIENTED_EDGE( '', *, *, #3183, .T. );
#1890 = ORIENTED_EDGE( '', *, *, #3184, .F. );
#1891 = ORIENTED_EDGE( '', *, *, #3185, .T. );
#1892 = CARTESIAN_POINT( '', ( 2.84000000000000, -5.20000000000000, 3.50000000000000 ) );
#1893 = DIRECTION( '', ( 1.00000000000000, 0.000000000000000, 0.000000000000000 ) );
#1894 = DIRECTION( '', ( 0.000000000000000, 1.00000000000000, 0.000000000000000 ) );
#1895 = SURFACE_STYLE_FILL_AREA( #3186 );
#1896 = ORIENTED_EDGE( '', *, *, #3187, .T. );
#1897 = ORIENTED_EDGE( '', *, *, #3121, .T. );
#1898 = ORIENTED_EDGE( '', *, *, #3188, .T. );
#1899 = ORIENTED_EDGE( '', *, *, #3189, .T. );
#1900 = ORIENTED_EDGE( '', *, *, #3190, .F. );
#1901 = ORIENTED_EDGE( '', *, *, #3191, .T. );
#1902 = CARTESIAN_POINT( '', ( 0.000000000000000, -6.35000000000000, 7.10000000000000 ) );
#1903 = DIRECTION( '', ( 0.000000000000000, 0.000000000000000, -1.00000000000000 ) );
#1904 = DIRECTION( '', ( 0.000000000000000, -1.00000000000000, 0.000000000000000 ) );
#1905 = SURFACE_STYLE_FILL_AREA( #3192 );
#1906 = ORIENTED_EDGE( '', *, *, #3193, .F. );
#1907 = ORIENTED_EDGE( '', *, *, #3147, .F. );
#1908 = ORIENTED_EDGE( '', *, *, #3194, .F. );
#1909 = ORIENTED_EDGE( '', *, *, #3030, .F. );
#1910 = CARTESIAN_POINT( '', ( 9.20000000000000, -13.7500000000000, 18.0000000000000 ) );
#1911 = DIRECTION( '', ( 1.00000000000000, 0.000000000000000, 0.000000000000000 ) );
#1912 = DIRECTION( '', ( 0.000000000000000, 1.00000000000000, 0.000000000000000 ) );
#1913 = SURFACE_STYLE_FILL_AREA( #3195 );
#1914 = ORIENTED_EDGE( '', *, *, #3196, .F. );
#1915 = ORIENTED_EDGE( '', *, *, #3085, .T. );
#1916 = ORIENTED_EDGE( '', *, *, #3197, .T. );
#1917 = ORIENTED_EDGE( '', *, *, #3198, .F. );
#1918 = CARTESIAN_POINT( '', ( 1.27320508075689, 0.500000000000000, -1.00000000000000 ) );
#1919 = DIRECTION( '', ( -0.000000000000000, -0.000000000000000, -1.00000000000000 ) );
#1920 = DIRECTION( '', ( 1.00000000000000, 0.000000000000000, 0.000000000000000 ) );
#1921 = SURFACE_STYLE_FILL_AREA( #3199 );
#1922 = ORIENTED_EDGE( '', *, *, #3200, .F. );
#1923 = ORIENTED_EDGE( '', *, *, #3042, .T. );
#1924 = ORIENTED_EDGE( '', *, *, #3201, .T. );
#1925 = ORIENTED_EDGE( '', *, *, #3032, .T. );
#1926 = CARTESIAN_POINT( '', ( 8.75000000000000, 0.000000000000000, 10.0000000000000 ) );
#1927 = DIRECTION( '', ( -0.997564050259824, 0.000000000000000, -0.0697564737441253 ) );
#1928 = DIRECTION( '', ( -0.0697564737441253, 0.000000000000000, 0.997564050259824 ) );
#1929 = SURFACE_STYLE_FILL_AREA( #3202 );
#1930 = ORIENTED_EDGE( '', *, *, #3183, .F. );
#1931 = ORIENTED_EDGE( '', *, *, #3203, .F. );
#1932 = ORIENTED_EDGE( '', *, *, #3204, .F. );
#1933 = ORIENTED_EDGE( '', *, *, #3205, .F. );
#1934 = CARTESIAN_POINT( '', ( 5.90000000000000, -3.75000000000000, 3.49000000000000 ) );
#1935 = DIRECTION( '', ( 0.000000000000000, 0.000000000000000, 1.00000000000000 ) );
#1936 = DIRECTION( '', ( 1.00000000000000, 0.000000000000000, 0.000000000000000 ) );
#1937 = SURFACE_STYLE_FILL_AREA( #3206 );
#1938 = ORIENTED_EDGE( '', *, *, #3207, .F. );
#1939 = ORIENTED_EDGE( '', *, *, #3024, .F. );
#1940 = ORIENTED_EDGE( '', *, *, #3208, .F. );
#1941 = ORIENTED_EDGE( '', *, *, #3209, .T. );
#1942 = CARTESIAN_POINT( '', ( 3.90000000000000, -3.00000000000000, 16.2500000000000 ) );
#1943 = DIRECTION( '', ( -1.00000000000000, 0.000000000000000, 2.96059473233366E-016 ) );
#1944 = DIRECTION( '', ( 0.000000000000000, 1.00000000000000, 0.000000000000000 ) );
#1945 = SURFACE_STYLE_FILL_AREA( #3210 );
#1946 = ORIENTED_EDGE( '', *, *, #3009, .T. );
#1947 = ORIENTED_EDGE( '', *, *, #3211, .F. );
#1948 = ORIENTED_EDGE( '', *, *, #3212, .F. );
#1949 = ORIENTED_EDGE( '', *, *, #3095, .T. );
#1950 = CARTESIAN_POINT( '', ( -2.45933806298169, -3.30000000000000, 1.20000000000000 ) );
#1951 = DIRECTION( '', ( 0.000000000000000, -1.00000000000000, 1.00000000000000E-016 ) );
#1952 = DIRECTION( '', ( -1.00000000000000, 0.000000000000000, 0.000000000000000 ) );
#1953 = SURFACE_STYLE_FILL_AREA( #3213 );
#1954 = ORIENTED_EDGE( '', *, *, #3214, .F. );
#1955 = ORIENTED_EDGE( '', *, *, #3188, .F. );
#1956 = ORIENTED_EDGE( '', *, *, #3120, .T. );
#1957 = ORIENTED_EDGE( '', *, *, #3215, .T. );
#1958 = ORIENTED_EDGE( '', *, *, #3216, .T. );
#1959 = ORIENTED_EDGE( '', *, *, #2977, .T. );
#1960 = CARTESIAN_POINT( '', ( 2.85000000000000, -6.20000000000000, 6.15000000000000 ) );
#1961 = DIRECTION( '', ( -1.00000000000000, 0.000000000000000, 0.000000000000000 ) );
#1962 = DIRECTION( '', ( 0.000000000000000, 0.000000000000000, 1.00000000000000 ) );
#1963 = SURFACE_STYLE_FILL_AREA( #3217 );
#1964 = ORIENTED_EDGE( '', *, *, #3218, .T. );
#1965 = ORIENTED_EDGE( '', *, *, #3219, .T. );
#1966 = ORIENTED_EDGE( '', *, *, #3220, .T. );
#1967 = ORIENTED_EDGE( '', *, *, #3221, .F. );
#1968 = ORIENTED_EDGE( '', *, *, #3222, .F. );
#1969 = ORIENTED_EDGE( '', *, *, #3223, .T. );
#1970 = ORIENTED_EDGE( '', *, *, #3224, .T. );
#1971 = ORIENTED_EDGE( '', *, *, #3225, .F. );
#1972 = CARTESIAN_POINT( '', ( 5.35000000000000, -7.50000000000000, 14.5000000000000 ) );
#1973 = DIRECTION( '', ( -0.000000000000000, -0.000000000000000, 1.00000000000000 ) );
#1974 = DIRECTION( '', ( -1.00000000000000, 0.000000000000000, 0.000000000000000 ) );
#1975 = SURFACE_STYLE_FILL_AREA( #3226 );
#1976 = ORIENTED_EDGE( '', *, *, #3227, .T. );
#1977 = ORIENTED_EDGE( '', *, *, #3055, .T. );
#1978 = ORIENTED_EDGE( '', *, *, #3228, .F. );
#1979 = ORIENTED_EDGE( '', *, *, #3229, .F. );
#1980 = CARTESIAN_POINT( '', ( 1.25011106998930, -3.25000000000000, -1.00000000000000 ) );
#1981 = DIRECTION( '', ( -0.000000000000000, -0.000000000000000, 1.00000000000000 ) );
#1982 = DIRECTION( '', ( -1.00000000000000, 0.000000000000000, 0.000000000000000 ) );
#1983 = SURFACE_STYLE_FILL_AREA( #3230 );
#1984 = ORIENTED_EDGE( '', *, *, #3231, .F. );
#1985 = ORIENTED_EDGE( '', *, *, #3232, .F. );
#1986 = ORIENTED_EDGE( '', *, *, #3233, .F. );
#1987 = ORIENTED_EDGE( '', *, *, #3234, .T. );
#1988 = CARTESIAN_POINT( '', ( 8.95000000000000, 10.1600000000000, 9.40000000000000 ) );
#1989 = DIRECTION( '', ( -1.00000000000000, 0.000000000000000, 0.000000000000000 ) );
#1990 = DIRECTION( '', ( 0.000000000000000, 0.000000000000000, 1.00000000000000 ) );
#1991 = SURFACE_STYLE_FILL_AREA( #3235 );
#1992 = ORIENTED_EDGE( '', *, *, #3236, .T. );
#1993 = ORIENTED_EDGE( '', *, *, #3237, .F. );
#1994 = ORIENTED_EDGE( '', *, *, #3238, .F. );
#1995 = ORIENTED_EDGE( '', *, *, #3129, .T. );
#1996 = CARTESIAN_POINT( '', ( -2.45933806298169, -0.450000000000000, 1.20000000000000 ) );
#1997 = DIRECTION( '', ( 0.000000000000000, 1.00000000000000, -1.00000000000000E-016 ) );
#1998 = DIRECTION( '', ( 1.00000000000000, 0.000000000000000, 0.000000000000000 ) );
#1999 = SURFACE_STYLE_FILL_AREA( #3239 );
#2000 = ORIENTED_EDGE( '', *, *, #3240, .F. );
#2001 = ORIENTED_EDGE( '', *, *, #3241, .T. );
#2002 = ORIENTED_EDGE( '', *, *, #3242, .T. );
#2003 = ORIENTED_EDGE( '', *, *, #3243, .F. );
#2004 = CARTESIAN_POINT( '', ( -3.82387543252595, -16.3300000000000, 3.89273356401384 ) );
#2005 = DIRECTION( '', ( 0.882352941176470, 0.000000000000000, -0.470588235294119 ) );
#2006 = DIRECTION( '', ( 0.000000000000000, -1.00000000000000, 0.000000000000000 ) );
#2007 = SURFACE_STYLE_FILL_AREA( #3244 );
#2008 = ORIENTED_EDGE( '', *, *, #3150, .F. );
#2009 = ORIENTED_EDGE( '', *, *, #3086, .F. );
#2010 = ORIENTED_EDGE( '', *, *, #3196, .T. );
#2011 = ORIENTED_EDGE( '', *, *, #3245, .F. );
#2012 = CARTESIAN_POINT( '', ( 1.10000000000000, 0.600000000000000, 0.000000000000000 ) );
#2013 = DIRECTION( '', ( -0.000000000000000, 1.00000000000000, 0.000000000000000 ) );
#2014 = DIRECTION( '', ( 1.00000000000000, 0.000000000000000, 0.000000000000000 ) );
#2015 = SURFACE_STYLE_FILL_AREA( #3246 );
#2016 = ORIENTED_EDGE( '', *, *, #3247, .T. );
#2017 = ORIENTED_EDGE( '', *, *, #3248, .T. );
#2018 = ORIENTED_EDGE( '', *, *, #3249, .T. );
#2019 = ORIENTED_EDGE( '', *, *, #3250, .F. );
#2020 = ORIENTED_EDGE( '', *, *, #3116, .T. );
#2021 = CARTESIAN_POINT( '', ( 2.71346189432335, -7.06661795512340, -1.00000000000000 ) );
#2022 = DIRECTION( '', ( 0.500000000000000, 0.866025403784439, 0.000000000000000 ) );
#2023 = DIRECTION( '', ( 0.000000000000000, 0.000000000000000, -1.00000000000000 ) );
#2024 = SURFACE_STYLE_FILL_AREA( #3251 );
#2025 = ORIENTED_EDGE( '', *, *, #3252, .T. );
#2026 = ORIENTED_EDGE( '', *, *, #3141, .T. );
#2027 = ORIENTED_EDGE( '', *, *, #3253, .T. );
#2028 = ORIENTED_EDGE( '', *, *, #3254, .F. );
#2029 = CARTESIAN_POINT( '', ( 2.84000000000000, -1.45000000000000, 3.50000000000000 ) );
#2030 = DIRECTION( '', ( 1.00000000000000, 0.000000000000000, 0.000000000000000 ) );
#2031 = DIRECTION( '', ( 0.000000000000000, 1.00000000000000, 0.000000000000000 ) );
#2032 = SURFACE_STYLE_FILL_AREA( #3255 );
#2033 = ORIENTED_EDGE( '', *, *, #3256, .T. );
#2034 = ORIENTED_EDGE( '', *, *, #3171, .F. );
#2035 = ORIENTED_EDGE( '', *, *, #3257, .F. );
#2036 = ORIENTED_EDGE( '', *, *, #3049, .T. );
#2037 = ORIENTED_EDGE( '', *, *, #3110, .T. );
#2038 = ORIENTED_EDGE( '', *, *, #3258, .T. );
#2039 = CARTESIAN_POINT( '', ( 3.80796188425079, -3.00000000000000, -6.20000240000000 ) );
#2040 = DIRECTION( '', ( -0.000000000000000, 1.00000000000000, 0.000000000000000 ) );
#2041 = DIRECTION( '', ( 1.00000000000000, 0.000000000000000, 0.000000000000000 ) );
#2042 = SURFACE_STYLE_FILL_AREA( #3259 );
#2043 = ORIENTED_EDGE( '', *, *, #3260, .T. );
#2044 = ORIENTED_EDGE( '', *, *, #3261, .F. );
#2045 = ORIENTED_EDGE( '', *, *, #3262, .T. );
#2046 = ORIENTED_EDGE( '', *, *, #3209, .F. );
#2047 = ORIENTED_EDGE( '', *, *, #3263, .F. );
#2048 = ORIENTED_EDGE( '', *, *, #3264, .F. );
#2049 = ORIENTED_EDGE( '', *, *, #3265, .F. );
#2050 = ORIENTED_EDGE( '', *, *, #3123, .T. );
#2051 = CARTESIAN_POINT( '', ( 5.54941853206615, -3.00000000000000, 5.78503340908910 ) );
#2052 = DIRECTION( '', ( 0.000000000000000, -1.00000000000000, 0.000000000000000 ) );
#2053 = DIRECTION( '', ( 0.000000000000000, 0.000000000000000, -1.00000000000000 ) );
#2054 = SURFACE_STYLE_FILL_AREA( #3266 );
#2055 = ORIENTED_EDGE( '', *, *, #3267, .T. );
#2056 = ORIENTED_EDGE( '', *, *, #3078, .F. );
#2057 = ORIENTED_EDGE( '', *, *, #3268, .F. );
#2058 = ORIENTED_EDGE( '', *, *, #3076, .T. );
#2059 = CARTESIAN_POINT( '', ( 3.39040820577346, -0.400000000000000, 16.0000000000000 ) );
#2060 = DIRECTION( '', ( -1.98867750302791E-016, -1.00000000000000, 1.00000000000000E-016 ) );
#2061 = DIRECTION( '', ( -1.00000000000000, 1.98867750302791E-016, 0.000000000000000 ) );
#2062 = SURFACE_STYLE_FILL_AREA( #3269 );
#2063 = ORIENTED_EDGE( '', *, *, #3270, .T. );
#2064 = ORIENTED_EDGE( '', *, *, #3271, .T. );
#2065 = ORIENTED_EDGE( '', *, *, #3082, .F. );
#2066 = ORIENTED_EDGE( '', *, *, #3272, .F. );
#2067 = ORIENTED_EDGE( '', *, *, #3273, .T. );
#2068 = ORIENTED_EDGE( '', *, *, #2956, .F. );
#2069 = ORIENTED_EDGE( '', *, *, #3274, .T. );
#2070 = ORIENTED_EDGE( '', *, *, #3275, .F. );
#2071 = CARTESIAN_POINT( '', ( 0.000000000000000, 1.25000000000000, -1.00000000000000 ) );
#2072 = DIRECTION( '', ( -1.00000000000000, 0.000000000000000, 0.000000000000000 ) );
#2073 = DIRECTION( '', ( 0.000000000000000, 0.000000000000000, 1.00000000000000 ) );
#2074 = SURFACE_STYLE_FILL_AREA( #3276 );
#2075 = ORIENTED_EDGE( '', *, *, #3169, .F. );
#2076 = ORIENTED_EDGE( '', *, *, #3277, .F. );
#2077 = ORIENTED_EDGE( '', *, *, #2984, .F. );
#2078 = ORIENTED_EDGE( '', *, *, #3278, .F. );
#2079 = ORIENTED_EDGE( '', *, *, #3279, .F. );
#2080 = ORIENTED_EDGE( '', *, *, #3280, .T. );
#2081 = ORIENTED_EDGE( '', *, *, #3057, .T. );
#2082 = ORIENTED_EDGE( '', *, *, #3281, .F. );
#2083 = ORIENTED_EDGE( '', *, *, #3282, .F. );
#2084 = ORIENTED_EDGE( '', *, *, #3283, .F. );
#2085 = ORIENTED_EDGE( '', *, *, #3051, .T. );
#2086 = ORIENTED_EDGE( '', *, *, #3284, .F. );
#2087 = CARTESIAN_POINT( '', ( 12.1344940000000, -3.75000000000000, 19.8000024000000 ) );
#2088 = DIRECTION( '', ( -0.000000000000000, 1.00000000000000, 0.000000000000000 ) );
#2089 = DIRECTION( '', ( 1.00000000000000, 0.000000000000000, 0.000000000000000 ) );
#2090 = SURFACE_STYLE_FILL_AREA( #3285 );
#2091 = ORIENTED_EDGE( '', *, *, #3286, .T. );
#2092 = ORIENTED_EDGE( '', *, *, #3012, .F. );
#2093 = ORIENTED_EDGE( '', *, *, #3287, .F. );
#2094 = ORIENTED_EDGE( '', *, *, #3288, .T. );
#2095 = CARTESIAN_POINT( '', ( -2.45933806298170, -5.75000000000000, -4.00000000000000 ) );
#2096 = DIRECTION( '', ( -2.00000000000000E-015, -1.00000000000000E-016, -1.00000000000000 ) );
#2097 = DIRECTION( '', ( -1.00000000000000, 0.000000000000000, 2.00000000000000E-015 ) );
#2098 = SURFACE_STYLE_FILL_AREA( #3289 );
#2099 = ORIENTED_EDGE( '', *, *, #3125, .F. );
#2100 = ORIENTED_EDGE( '', *, *, #3027, .T. );
#2101 = ORIENTED_EDGE( '', *, *, #3290, .T. );
#2102 = ORIENTED_EDGE( '', *, *, #3260, .F. );
#2103 = CARTESIAN_POINT( '', ( 8.40000000000000, -3.00000000000000, 9.00000000000000 ) );
#2104 = DIRECTION( '', ( 0.000000000000000, 0.000000000000000, 1.00000000000000 ) );
#2105 = DIRECTION( '', ( 1.00000000000000, 0.000000000000000, 0.000000000000000 ) );
#2106 = SURFACE_STYLE_FILL_AREA( #3291 );
#2107 = ORIENTED_EDGE( '', *, *, #2970, .F. );
#2108 = ORIENTED_EDGE( '', *, *, #3292, .F. );
#2109 = ORIENTED_EDGE( '', *, *, #2962, .F. );
#2110 = ORIENTED_EDGE( '', *, *, #3293, .F. );
#2111 = ORIENTED_EDGE( '', *, *, #3294, .F. );
#2112 = ORIENTED_EDGE( '', *, *, #3295, .F. );
#2113 = ORIENTED_EDGE( '', *, *, #3127, .F. );
#2114 = ORIENTED_EDGE( '', *, *, #3154, .F. );
#2115 = ORIENTED_EDGE( '', *, *, #3296, .F. );
#2116 = ORIENTED_EDGE( '', *, *, #3297, .F. );
#2117 = ORIENTED_EDGE( '', *, *, #3298, .F. );
#2118 = ORIENTED_EDGE( '', *, *, #3134, .T. );
#2119 = ORIENTED_EDGE( '', *, *, #3299, .F. );
#2120 = ORIENTED_EDGE( '', *, *, #3300, .F. );
#2121 = ORIENTED_EDGE( '', *, *, #3301, .F. );
#2122 = ORIENTED_EDGE( '', *, *, #2996, .T. );
#2123 = ORIENTED_EDGE( '', *, *, #3302, .F. );
#2124 = ORIENTED_EDGE( '', *, *, #3163, .F. );
#2125 = ORIENTED_EDGE( '', *, *, #3104, .F. );
#2126 = ORIENTED_EDGE( '', *, *, #3002, .F. );
#2127 = ORIENTED_EDGE( '', *, *, #3303, .F. );
#2128 = ORIENTED_EDGE( '', *, *, #2991, .T. );
#2129 = ORIENTED_EDGE( '', *, *, #3304, .T. );
#2130 = ORIENTED_EDGE( '', *, *, #3305, .T. );
#2131 = ORIENTED_EDGE( '', *, *, #3306, .F. );
#2132 = ORIENTED_EDGE( '', *, *, #2972, .T. );
#2133 = ORIENTED_EDGE( '', *, *, #2934, .F. );
#2134 = CARTESIAN_POINT( '', ( 12.3200024000000, 0.000000000000000, -4.00000000000000 ) );
#2135 = DIRECTION( '', ( -0.000000000000000, 1.00000000000000, 0.000000000000000 ) );
#2136 = DIRECTION( '', ( 1.00000000000000, 0.000000000000000, 0.000000000000000 ) );
#2137 = SURFACE_STYLE_FILL_AREA( #3307 );
#2138 = ORIENTED_EDGE( '', *, *, #3308, .F. );
#2139 = ORIENTED_EDGE( '', *, *, #3309, .F. );
#2140 = ORIENTED_EDGE( '', *, *, #3117, .F. );
#2141 = ORIENTED_EDGE( '', *, *, #3250, .T. );
#2142 = ORIENTED_EDGE( '', *, *, #3310, .F. );
#2143 = CARTESIAN_POINT( '', ( 0.000000000000000, -2.50000000000000, 3.50000000000000 ) );
#2144 = DIRECTION( '', ( 0.000000000000000, 0.000000000000000, -1.00000000000000 ) );
#2145 = DIRECTION( '', ( 0.000000000000000, -1.00000000000000, 0.000000000000000 ) );
#2146 = SURFACE_STYLE_FILL_AREA( #3311 );
#2147 = ORIENTED_EDGE( '', *, *, #3282, .T. );
#2148 = ORIENTED_EDGE( '', *, *, #3312, .F. );
#2149 = ORIENTED_EDGE( '', *, *, #3229, .T. );
#2150 = ORIENTED_EDGE( '', *, *, #3313, .F. );
#2151 = ORIENTED_EDGE( '', *, *, #3314, .F. );
#2152 = ORIENTED_EDGE( '', *, *, #3315, .F. );
#2153 = CARTESIAN_POINT( '', ( 5.40941557006170, 1.26300435416450, 12.0000000000000 ) );
#2154 = DIRECTION( '', ( 0.000000000000000, 0.000000000000000, -1.00000000000000 ) );
#2155 = DIRECTION( '', ( 0.000000000000000, -1.00000000000000, 0.000000000000000 ) );
#2156 = SURFACE_STYLE_FILL_AREA( #3316 );
#2157 = ORIENTED_EDGE( '', *, *, #3077, .F. );
#2158 = ORIENTED_EDGE( '', *, *, #3268, .T. );
#2159 = CARTESIAN_POINT( '', ( 5.35000000000000, 6.13938350235557, 16.0000000000000 ) );
#2160 = DIRECTION( '', ( -2.77555756156289E-049, 1.00000000000000E-016, 1.00000000000000 ) );
#2161 = DIRECTION( '', ( 1.00000000000000, 2.77555756156289E-033, -1.13946812949118E-064 ) );
#2162 = SURFACE_STYLE_FILL_AREA( #3317 );
#2163 = ORIENTED_EDGE( '', *, *, #3318, .T. );
#2164 = ORIENTED_EDGE( '', *, *, #3319, .F. );
#2165 = ORIENTED_EDGE( '', *, *, #3294, .T. );
#2166 = ORIENTED_EDGE( '', *, *, #3320, .F. );
#2167 = CARTESIAN_POINT( '', ( 11.2000000000000, 0.000000000000000, -1.00000000000000 ) );
#2168 = DIRECTION( '', ( 1.00000000000000, 0.000000000000000, 0.000000000000000 ) );
#2169 = DIRECTION( '', ( 0.000000000000000, 1.00000000000000, 0.000000000000000 ) );
#2170 = SURFACE_STYLE_FILL_AREA( #3321 );
#2171 = ORIENTED_EDGE( '', *, *, #3322, .F. );
#2172 = ORIENTED_EDGE( '', *, *, #3323, .F. );
#2173 = ORIENTED_EDGE( '', *, *, #3324, .T. );
#2174 = ORIENTED_EDGE( '', *, *, #2954, .F. );
#2175 = CARTESIAN_POINT( '', ( 0.952627944162880, -3.75000000000000, 7.95000000000000 ) );
#2176 = DIRECTION( '', ( -1.00000000000000, 0.000000000000000, 0.000000000000000 ) );
#2177 = DIRECTION( '', ( 0.000000000000000, 0.000000000000000, 1.00000000000000 ) );
#2178 = SURFACE_STYLE_FILL_AREA( #3325 );
#2179 = ORIENTED_EDGE( '', *, *, #3326, .F. );
#2180 = ORIENTED_EDGE( '', *, *, #3327, .F. );
#2181 = ORIENTED_EDGE( '', *, *, #3328, .T. );
#2182 = ORIENTED_EDGE( '', *, *, #3329, .F. );
#2183 = CARTESIAN_POINT( '', ( 8.95000000000000, -3.75000000000000, 9.40000000000000 ) );
#2184 = DIRECTION( '', ( -1.00000000000000, 0.000000000000000, 0.000000000000000 ) );
#2185 = DIRECTION( '', ( 0.000000000000000, 0.000000000000000, 1.00000000000000 ) );
#2186 = SURFACE_STYLE_FILL_AREA( #3330 );
#2187 = ORIENTED_EDGE( '', *, *, #3331, .F. );
#2188 = ORIENTED_EDGE( '', *, *, #2948, .F. );
#2189 = CARTESIAN_POINT( '', ( 5.35000000000000, -2.69061649764444, 16.0000000000000 ) );
#2190 = DIRECTION( '', ( -2.77555756156289E-049, 1.00000000000000E-016, 1.00000000000000 ) );
#2191 = DIRECTION( '', ( 1.00000000000000, 2.77555756156289E-033, -1.13946812949118E-064 ) );
#2192 = SURFACE_STYLE_FILL_AREA( #3332 );
#2193 = ORIENTED_EDGE( '', *, *, #3174, .T. );
#2194 = ORIENTED_EDGE( '', *, *, #2939, .F. );
#2195 = ORIENTED_EDGE( '', *, *, #3333, .F. );
#2196 = ORIENTED_EDGE( '', *, *, #3016, .F. );
#2197 = CARTESIAN_POINT( '', ( 6.15000000000000, -6.08735555431870, 0.392637980906730 ) );
#2198 = DIRECTION( '', ( 0.000000000000000, -0.965925826289068, 0.258819045102521 ) );
#2199 = DIRECTION( '', ( -1.00000000000000, 0.000000000000000, 0.000000000000000 ) );
#2200 = SURFACE_STYLE_FILL_AREA( #3334 );
#2201 = ORIENTED_EDGE( '', *, *, #3302, .T. );
#2202 = ORIENTED_EDGE( '', *, *, #2995, .F. );
#2203 = ORIENTED_EDGE( '', *, *, #3335, .F. );
#2204 = ORIENTED_EDGE( '', *, *, #3164, .T. );
#2205 = CARTESIAN_POINT( '', ( 8.95000000000000, 0.000000000000000, 9.40000000000000 ) );
#2206 = DIRECTION( '', ( -1.00000000000000, 0.000000000000000, 0.000000000000000 ) );
#2207 = DIRECTION( '', ( 0.000000000000000, 0.000000000000000, 1.00000000000000 ) );
#2208 = SURFACE_STYLE_FILL_AREA( #3336 );
#2209 = ORIENTED_EDGE( '', *, *, #3337, .F. );
#2210 = ORIENTED_EDGE( '', *, *, #3093, .F. );
#2211 = ORIENTED_EDGE( '', *, *, #3338, .T. );
#2212 = ORIENTED_EDGE( '', *, *, #3145, .F. );
#2213 = CARTESIAN_POINT( '', ( 11.2000000000000, -3.75000000000000, -1.00000000000000 ) );
#2214 = DIRECTION( '', ( 1.00000000000000, 0.000000000000000, 0.000000000000000 ) );
#2215 = DIRECTION( '', ( 0.000000000000000, 1.00000000000000, 0.000000000000000 ) );
#2216 = SURFACE_STYLE_FILL_AREA( #3339 );
#2217 = ORIENTED_EDGE( '', *, *, #3290, .F. );
#2218 = ORIENTED_EDGE( '', *, *, #3026, .F. );
#2219 = ORIENTED_EDGE( '', *, *, #3340, .F. );
#2220 = ORIENTED_EDGE( '', *, *, #3261, .T. );
#2221 = CARTESIAN_POINT( '', ( 8.20000000000000, -3.00000000000000, 18.0000000000000 ) );
#2222 = DIRECTION( '', ( 1.00000000000000, 0.000000000000000, 0.000000000000000 ) );
#2223 = DIRECTION( '', ( 0.000000000000000, 1.00000000000000, 0.000000000000000 ) );
#2224 = SURFACE_STYLE_FILL_AREA( #3341 );
#2225 = ORIENTED_EDGE( '', *, *, #3333, .T. );
#2226 = ORIENTED_EDGE( '', *, *, #2943, .F. );
#2227 = ORIENTED_EDGE( '', *, *, #3342, .T. );
#2228 = ORIENTED_EDGE( '', *, *, #3017, .F. );
#2229 = CARTESIAN_POINT( '', ( -2.45933806298170, -9.50000000000000, -4.00000000000000 ) );
#2230 = DIRECTION( '', ( -2.00000000000000E-015, -1.00000000000000E-016, -1.00000000000000 ) );
#2231 = DIRECTION( '', ( -1.00000000000000, 0.000000000000000, 2.00000000000000E-015 ) );
#2232 = SURFACE_STYLE_FILL_AREA( #3343 );
#2233 = ORIENTED_EDGE( '', *, *, #3344, .F. );
#2234 = ORIENTED_EDGE( '', *, *, #3234, .F. );
#2235 = ORIENTED_EDGE( '', *, *, #3345, .F. );
#2236 = ORIENTED_EDGE( '', *, *, #3069, .T. );
#2237 = ORIENTED_EDGE( '', *, *, #3139, .F. );
#2238 = ORIENTED_EDGE( '', *, *, #3346, .T. );
#2239 = CARTESIAN_POINT( '', ( 0.000000000000000, 1.15000000000000, 7.10000000000000 ) );
#2240 = DIRECTION( '', ( 0.000000000000000, 0.000000000000000, -1.00000000000000 ) );
#2241 = DIRECTION( '', ( 0.000000000000000, -1.00000000000000, 0.000000000000000 ) );
#2242 = SURFACE_STYLE_FILL_AREA( #3347 );
#2243 = ORIENTED_EDGE( '', *, *, #3218, .F. );
#2244 = ORIENTED_EDGE( '', *, *, #3348, .F. );
#2245 = CARTESIAN_POINT( '', ( 5.35000000000000, -1.36061649764443, 16.0000000000000 ) );
#2246 = DIRECTION( '', ( -2.77555756156289E-049, 1.00000000000000E-016, 1.00000000000000 ) );
#2247 = DIRECTION( '', ( 1.00000000000000, 2.77555756156289E-033, -1.13946812949118E-064 ) );
#2248 = SURFACE_STYLE_FILL_AREA( #3349 );
#2249 = ORIENTED_EDGE( '', *, *, #3350, .T. );
#2250 = ORIENTED_EDGE( '', *, *, #3351, .F. );
#2251 = ORIENTED_EDGE( '', *, *, #3278, .T. );
#2252 = ORIENTED_EDGE( '', *, *, #2987, .T. );
#2253 = CARTESIAN_POINT( '', ( -3.82387543252595, -5.08000000000000, 3.89273356401384 ) );
#2254 = DIRECTION( '', ( 0.882352941176470, 0.000000000000000, -0.470588235294119 ) );
#2255 = DIRECTION( '', ( 0.000000000000000, -1.00000000000000, 0.000000000000000 ) );
#2256 = SURFACE_STYLE_FILL_AREA( #3352 );
#2257 = ORIENTED_EDGE( '', *, *, #3088, .F. );
#2258 = ORIENTED_EDGE( '', *, *, #3152, .T. );
#2259 = ORIENTED_EDGE( '', *, *, #3353, .F. );
#2260 = ORIENTED_EDGE( '', *, *, #3354, .T. );
#2261 = CARTESIAN_POINT( '', ( 2.30000000000000, 0.600000000000000, 0.000000000000000 ) );
#2262 = DIRECTION( '', ( 0.866025403784439, -0.500000000000000, 0.000000000000000 ) );
#2263 = DIRECTION( '', ( 0.000000000000000, 0.000000000000000, -1.00000000000000 ) );
#2264 = SURFACE_STYLE_FILL_AREA( #3355 );
#2265 = ORIENTED_EDGE( '', *, *, #3356, .T. );
#2266 = ORIENTED_EDGE( '', *, *, #3357, .T. );
#2267 = ORIENTED_EDGE( '', *, *, #3118, .F. );
#2268 = ORIENTED_EDGE( '', *, *, #3309, .T. );
#2269 = CARTESIAN_POINT( '', ( 2.84000000000000, -8.95000000000000, 3.50000000000000 ) );
#2270 = DIRECTION( '', ( 1.00000000000000, 0.000000000000000, 0.000000000000000 ) );
#2271 = DIRECTION( '', ( 0.000000000000000, 1.00000000000000, 0.000000000000000 ) );
#2272 = SURFACE_STYLE_FILL_AREA( #3358 );
#2273 = ORIENTED_EDGE( '', *, *, #2981, .T. );
#2274 = ORIENTED_EDGE( '', *, *, #3359, .F. );
#2275 = ORIENTED_EDGE( '', *, *, #3101, .F. );
#2276 = ORIENTED_EDGE( '', *, *, #3360, .F. );
#2277 = CARTESIAN_POINT( '', ( 6.15000000000000, -1.68059363811250, 1.39263798090673 ) );
#2278 = DIRECTION( '', ( -0.000000000000000, 0.965925826289068, 0.258819045102521 ) );
#2279 = DIRECTION( '', ( 1.00000000000000, 0.000000000000000, 0.000000000000000 ) );
#2280 = SURFACE_STYLE_FILL_AREA( #3361 );
#2281 = ORIENTED_EDGE( '', *, *, #3324, .F. );
#2282 = ORIENTED_EDGE( '', *, *, #3362, .F. );
#2283 = ORIENTED_EDGE( '', *, *, #3274, .F. );
#2284 = ORIENTED_EDGE( '', *, *, #2955, .F. );
#2285 = CARTESIAN_POINT( '', ( 0.000000000000000, -3.75000000000000, 8.80000000000000 ) );
#2286 = DIRECTION( '', ( 0.000000000000000, 0.000000000000000, -1.00000000000000 ) );
#2287 = DIRECTION( '', ( 0.000000000000000, -1.00000000000000, 0.000000000000000 ) );
#2288 = SURFACE_STYLE_FILL_AREA( #3363 );
#2289 = ORIENTED_EDGE( '', *, *, #2958, .F. );
#2290 = ORIENTED_EDGE( '', *, *, #3364, .T. );
#2291 = ORIENTED_EDGE( '', *, *, #3184, .T. );
#2292 = ORIENTED_EDGE( '', *, *, #3205, .T. );
#2293 = ORIENTED_EDGE( '', *, *, #3365, .T. );
#2294 = ORIENTED_EDGE( '', *, *, #3366, .F. );
#2295 = CARTESIAN_POINT( '', ( 0.952627944162880, -2.30000000000000, 3.50000000000000 ) );
#2296 = DIRECTION( '', ( 0.000000000000000, -1.00000000000000, 0.000000000000000 ) );
#2297 = DIRECTION( '', ( 0.000000000000000, 0.000000000000000, -1.00000000000000 ) );
#2298 = SURFACE_STYLE_FILL_AREA( #3367 );
#2299 = ORIENTED_EDGE( '', *, *, #3000, .T. );
#2300 = ORIENTED_EDGE( '', *, *, #2949, .F. );
#2301 = ORIENTED_EDGE( '', *, *, #3331, .T. );
#2302 = ORIENTED_EDGE( '', *, *, #2947, .T. );
#2303 = CARTESIAN_POINT( '', ( 7.30959179422654, -3.35000000000000, 16.0000000000000 ) );
#2304 = DIRECTION( '', ( -1.98867750302791E-032, 1.00000000000000, -1.00000000000000E-016 ) );
#2305 = DIRECTION( '', ( 1.00000000000000, 2.73691106313441E-048, -1.98867750302791E-016 ) );
#2306 = SURFACE_STYLE_FILL_AREA( #3368 );
#2307 = ORIENTED_EDGE( '', *, *, #3369, .F. );
#2308 = ORIENTED_EDGE( '', *, *, #3370, .T. );
#2309 = ORIENTED_EDGE( '', *, *, #3371, .F. );
#2310 = ORIENTED_EDGE( '', *, *, #3248, .F. );
#2311 = CARTESIAN_POINT( '', ( 0.000000000000000, -2.50000000000000, 8.80000000000000 ) );
#2312 = DIRECTION( '', ( 0.000000000000000, 0.000000000000000, -1.00000000000000 ) );
#2313 = DIRECTION( '', ( 0.000000000000000, -1.00000000000000, 0.000000000000000 ) );
#2314 = SURFACE_STYLE_FILL_AREA( #3372 );
#2315 = ORIENTED_EDGE( '', *, *, #3300, .T. );
#2316 = ORIENTED_EDGE( '', *, *, #3373, .F. );
#2317 = ORIENTED_EDGE( '', *, *, #3179, .F. );
#2318 = ORIENTED_EDGE( '', *, *, #3374, .F. );
#2319 = CARTESIAN_POINT( '', ( 5.90000000000000, 0.000000000000000, 3.49000000000000 ) );
#2320 = DIRECTION( '', ( 0.000000000000000, 0.000000000000000, 1.00000000000000 ) );
#2321 = DIRECTION( '', ( 1.00000000000000, 0.000000000000000, 0.000000000000000 ) );
#2322 = SURFACE_STYLE_FILL_AREA( #3375 );
#2323 = ORIENTED_EDGE( '', *, *, #3376, .F. );
#2324 = ORIENTED_EDGE( '', *, *, #3377, .F. );
#2325 = ORIENTED_EDGE( '', *, *, #3161, .F. );
#2326 = ORIENTED_EDGE( '', *, *, #3378, .F. );
#2327 = CARTESIAN_POINT( '', ( 0.000000000000000, 5.00000000000000, 8.80000000000000 ) );
#2328 = DIRECTION( '', ( 0.000000000000000, 0.000000000000000, -1.00000000000000 ) );
#2329 = DIRECTION( '', ( 0.000000000000000, -1.00000000000000, 0.000000000000000 ) );
#2330 = SURFACE_STYLE_FILL_AREA( #3379 );
#2331 = ORIENTED_EDGE( '', *, *, #3380, .F. );
#2332 = ORIENTED_EDGE( '', *, *, #3232, .T. );
#2333 = ORIENTED_EDGE( '', *, *, #3381, .T. );
#2334 = ORIENTED_EDGE( '', *, *, #3071, .F. );
#2335 = CARTESIAN_POINT( '', ( 0.000000000000000, 5.00000000000000, 3.50000000000000 ) );
#2336 = DIRECTION( '', ( 0.000000000000000, 0.000000000000000, -1.00000000000000 ) );
#2337 = DIRECTION( '', ( 0.000000000000000, -1.00000000000000, 0.000000000000000 ) );
#2338 = SURFACE_STYLE_FILL_AREA( #3382 );
#2339 = ORIENTED_EDGE( '', *, *, #3383, .T. );
#2340 = ORIENTED_EDGE( '', *, *, #3326, .T. );
#2341 = ORIENTED_EDGE( '', *, *, #3384, .T. );
#2342 = ORIENTED_EDGE( '', *, *, #3385, .F. );
#2343 = CARTESIAN_POINT( '', ( 0.000000000000000, -3.75000000000000, 3.50000000000000 ) );
#2344 = DIRECTION( '', ( 0.000000000000000, 0.000000000000000, -1.00000000000000 ) );
#2345 = DIRECTION( '', ( 0.000000000000000, -1.00000000000000, 0.000000000000000 ) );
#2346 = SURFACE_STYLE_FILL_AREA( #3386 );
#2347 = ORIENTED_EDGE( '', *, *, #3387, .T. );
#2348 = ORIENTED_EDGE( '', *, *, #3022, .F. );
#2349 = ORIENTED_EDGE( '', *, *, #3388, .T. );
#2350 = ORIENTED_EDGE( '', *, *, #3264, .T. );
#2351 = CARTESIAN_POINT( '', ( 1.00000000000000, -3.00000000000000, 0.000000000000000 ) );
#2352 = DIRECTION( '', ( -0.999390827019096, 0.000000000000000, 0.0348994967025011 ) );
#2353 = DIRECTION( '', ( 0.000000000000000, 1.00000000000000, 0.000000000000000 ) );
#2354 = SURFACE_STYLE_FILL_AREA( #3389 );
#2355 = ORIENTED_EDGE( '', *, *, #3390, .F. );
#2356 = ORIENTED_EDGE( '', *, *, #3079, .F. );
#2357 = ORIENTED_EDGE( '', *, *, #3267, .F. );
#2358 = ORIENTED_EDGE( '', *, *, #3075, .F. );
#2359 = CARTESIAN_POINT( '', ( 5.35000000000000, 6.13938350235557, 15.1000000000000 ) );
#2360 = DIRECTION( '', ( -2.77555756156289E-049, 1.00000000000000E-016, 1.00000000000000 ) );
#2361 = DIRECTION( '', ( 1.00000000000000, 2.77555756156289E-033, -1.13946812949118E-064 ) );
#2362 = SURFACE_STYLE_FILL_AREA( #3391 );
#2363 = ORIENTED_EDGE( '', *, *, #3392, .F. );
#2364 = ORIENTED_EDGE( '', *, *, #3393, .T. );
#2365 = ORIENTED_EDGE( '', *, *, #3394, .T. );
#2366 = ORIENTED_EDGE( '', *, *, #3063, .T. );
#2367 = CARTESIAN_POINT( '', ( 9.44730475381265, 5.90954474483362, 10.0000000000000 ) );
#2368 = DIRECTION( '', ( 0.000000000000000, 0.000000000000000, 1.00000000000000 ) );
#2369 = DIRECTION( '', ( 1.00000000000000, 0.000000000000000, 0.000000000000000 ) );
#2370 = SURFACE_STYLE_FILL_AREA( #3395 );
#2371 = ORIENTED_EDGE( '', *, *, #2976, .T. );
#2372 = ORIENTED_EDGE( '', *, *, #3396, .F. );
#2373 = ORIENTED_EDGE( '', *, *, #3189, .F. );
#2374 = ORIENTED_EDGE( '', *, *, #3214, .T. );
#2375 = CARTESIAN_POINT( '', ( 5.35000000000000, -6.20000000000000, -1.00000000000000 ) );
#2376 = DIRECTION( '', ( -0.000000000000000, 1.00000000000000, 0.000000000000000 ) );
#2377 = DIRECTION( '', ( 1.00000000000000, 0.000000000000000, 0.000000000000000 ) );
#2378 = SURFACE_STYLE_FILL_AREA( #3397 );
#2379 = ORIENTED_EDGE( '', *, *, #3398, .F. );
#2380 = ORIENTED_EDGE( '', *, *, #3353, .T. );
#2381 = ORIENTED_EDGE( '', *, *, #3151, .T. );
#2382 = ORIENTED_EDGE( '', *, *, #3245, .T. );
#2383 = ORIENTED_EDGE( '', *, *, #3198, .T. );
#2384 = ORIENTED_EDGE( '', *, *, #3399, .T. );
#2385 = CARTESIAN_POINT( '', ( 5.40941557006170, -11.2369956458355, 12.0000000000000 ) );
#2386 = DIRECTION( '', ( 0.000000000000000, 0.000000000000000, -1.00000000000000 ) );
#2387 = DIRECTION( '', ( 0.000000000000000, -1.00000000000000, 0.000000000000000 ) );
#2388 = SURFACE_STYLE_FILL_AREA( #3400 );
#2389 = ORIENTED_EDGE( '', *, *, #3401, .F. );
#2390 = ORIENTED_EDGE( '', *, *, #3052, .T. );
#2391 = ORIENTED_EDGE( '', *, *, #3283, .T. );
#2392 = ORIENTED_EDGE( '', *, *, #3315, .T. );
#2393 = CARTESIAN_POINT( '', ( 2.30000000000000, -3.19000000000000, 0.000000000000000 ) );
#2394 = DIRECTION( '', ( 0.866025403784439, -0.500000000000000, 0.000000000000000 ) );
#2395 = DIRECTION( '', ( 0.000000000000000, 0.000000000000000, -1.00000000000000 ) );
#2396 = SURFACE_STYLE_FILL_AREA( #3402 );
#2397 = ORIENTED_EDGE( '', *, *, #3295, .T. );
#2398 = ORIENTED_EDGE( '', *, *, #3319, .T. );
#2399 = ORIENTED_EDGE( '', *, *, #3403, .T. );
#2400 = ORIENTED_EDGE( '', *, *, #2941, .F. );
#2401 = ORIENTED_EDGE( '', *, *, #3175, .T. );
#2402 = ORIENTED_EDGE( '', *, *, #3014, .F. );
#2403 = ORIENTED_EDGE( '', *, *, #3404, .T. );
#2404 = ORIENTED_EDGE( '', *, *, #3405, .T. );
#2405 = ORIENTED_EDGE( '', *, *, #3297, .T. );
#2406 = ORIENTED_EDGE( '', *, *, #3406, .T. );
#2407 = ORIENTED_EDGE( '', *, *, #3236, .F. );
#2408 = ORIENTED_EDGE( '', *, *, #3128, .T. );
#2409 = ORIENTED_EDGE( '', *, *, #3265, .T. );
#2410 = ORIENTED_EDGE( '', *, *, #3388, .F. );
#2411 = ORIENTED_EDGE( '', *, *, #3021, .F. );
#2412 = ORIENTED_EDGE( '', *, *, #3124, .F. );
#2413 = CARTESIAN_POINT( '', ( 1.74069100000000, -2.67243400000000, 0.000000000000000 ) );
#2414 = DIRECTION( '', ( 0.000000000000000, 0.000000000000000, -1.00000000000000 ) );
#2415 = DIRECTION( '', ( 0.000000000000000, -1.00000000000000, 0.000000000000000 ) );
#2416 = SURFACE_STYLE_FILL_AREA( #3407 );
#2417 = ORIENTED_EDGE( '', *, *, #3345, .T. );
#2418 = ORIENTED_EDGE( '', *, *, #3233, .T. );
#2419 = ORIENTED_EDGE( '', *, *, #3380, .T. );
#2420 = ORIENTED_EDGE( '', *, *, #3070, .F. );
#2421 = CARTESIAN_POINT( '', ( 5.35000000000000, -1.30000000000000, -1.00000000000000 ) );
#2422 = DIRECTION( '', ( 0.000000000000000, -1.00000000000000, 0.000000000000000 ) );
#2423 = DIRECTION( '', ( 0.000000000000000, 0.000000000000000, -1.00000000000000 ) );
#2424 = SURFACE_STYLE_FILL_AREA( #3408 );
#2425 = ORIENTED_EDGE( '', *, *, #3409, .T. );
#2426 = ORIENTED_EDGE( '', *, *, #3112, .T. );
#2427 = ORIENTED_EDGE( '', *, *, #3089, .F. );
#2428 = ORIENTED_EDGE( '', *, *, #3354, .F. );
#2429 = ORIENTED_EDGE( '', *, *, #3398, .T. );
#2430 = ORIENTED_EDGE( '', *, *, #3410, .F. );
#2431 = ORIENTED_EDGE( '', *, *, #3083, .F. );
#2432 = ORIENTED_EDGE( '', *, *, #3271, .F. );
#2433 = ORIENTED_EDGE( '', *, *, #3411, .T. );
#2434 = ORIENTED_EDGE( '', *, *, #3243, .T. );
#2435 = ORIENTED_EDGE( '', *, *, #3412, .T. );
#2436 = ORIENTED_EDGE( '', *, *, #3035, .F. );
#2437 = CARTESIAN_POINT( '', ( 5.35000000000000, 0.000000000000000, -1.00000000000000 ) );
#2438 = DIRECTION( '', ( -0.000000000000000, 1.00000000000000, 0.000000000000000 ) );
#2439 = DIRECTION( '', ( 1.00000000000000, 0.000000000000000, 0.000000000000000 ) );
#2440 = SURFACE_STYLE_FILL_AREA( #3413 );
#2441 = ORIENTED_EDGE( '', *, *, #3414, .T. );
#2442 = ORIENTED_EDGE( '', *, *, #3185, .F. );
#2443 = ORIENTED_EDGE( '', *, *, #3364, .F. );
#2444 = ORIENTED_EDGE( '', *, *, #2957, .F. );
#2445 = ORIENTED_EDGE( '', *, *, #3273, .F. );
#2446 = CARTESIAN_POINT( '', ( 0.000000000000000, -3.75000000000000, 3.50000000000000 ) );
#2447 = DIRECTION( '', ( 0.000000000000000, 0.000000000000000, -1.00000000000000 ) );
#2448 = DIRECTION( '', ( 0.000000000000000, -1.00000000000000, 0.000000000000000 ) );
#2449 = SURFACE_STYLE_FILL_AREA( #3415 );
#2450 = ORIENTED_EDGE( '', *, *, #3384, .F. );
#2451 = ORIENTED_EDGE( '', *, *, #3329, .T. );
#2452 = ORIENTED_EDGE( '', *, *, #3416, .F. );
#2453 = ORIENTED_EDGE( '', *, *, #3417, .F. );
#2454 = CARTESIAN_POINT( '', ( 5.35000000000000, -2.45000000000000, -1.00000000000000 ) );
#2455 = DIRECTION( '', ( -0.000000000000000, 1.00000000000000, 0.000000000000000 ) );
#2456 = DIRECTION( '', ( 1.00000000000000, 0.000000000000000, 0.000000000000000 ) );
#2457 = SURFACE_STYLE_FILL_AREA( #3418 );
#2458 = ORIENTED_EDGE( '', *, *, #3409, .F. );
#2459 = ORIENTED_EDGE( '', *, *, #3034, .T. );
#2460 = ORIENTED_EDGE( '', *, *, #3419, .F. );
#2461 = ORIENTED_EDGE( '', *, *, #3113, .F. );
#2462 = CARTESIAN_POINT( '', ( 3.80796188425079, 0.000000000000000, 18.0000000000000 ) );
#2463 = DIRECTION( '', ( 0.984807753012208, 0.000000000000000, -0.173648177666930 ) );
#2464 = DIRECTION( '', ( 0.000000000000000, -1.00000000000000, 0.000000000000000 ) );
#2465 = SURFACE_STYLE_FILL_AREA( #3420 );
#2466 = ORIENTED_EDGE( '', *, *, #3227, .F. );
#2467 = ORIENTED_EDGE( '', *, *, #3312, .T. );
#2468 = ORIENTED_EDGE( '', *, *, #3281, .T. );
#2469 = ORIENTED_EDGE( '', *, *, #3056, .T. );
#2470 = CARTESIAN_POINT( '', ( 1.49315763545979, -3.87096900000000, 0.000000000000000 ) );
#2471 = DIRECTION( '', ( -0.866025403784439, -0.500000000000000, 0.000000000000000 ) );
#2472 = DIRECTION( '', ( -0.500000000000000, 0.866025403784439, 0.000000000000000 ) );
#2473 = SURFACE_STYLE_FILL_AREA( #3421 );
#2474 = ORIENTED_EDGE( '', *, *, #3417, .T. );
#2475 = ORIENTED_EDGE( '', *, *, #3422, .F. );
#2476 = ORIENTED_EDGE( '', *, *, #3365, .F. );
#2477 = ORIENTED_EDGE( '', *, *, #3204, .T. );
#2478 = ORIENTED_EDGE( '', *, *, #3423, .F. );
#2479 = ORIENTED_EDGE( '', *, *, #3385, .T. );
#2480 = CARTESIAN_POINT( '', ( 2.85000000000000, -7.53000000000000, 6.15000000000000 ) );
#2481 = DIRECTION( '', ( -1.00000000000000, 0.000000000000000, 0.000000000000000 ) );
#2482 = DIRECTION( '', ( 0.000000000000000, 0.000000000000000, 1.00000000000000 ) );
#2483 = SURFACE_STYLE_FILL_AREA( #3424 );
#2484 = ORIENTED_EDGE( '', *, *, #3298, .T. );
#2485 = ORIENTED_EDGE( '', *, *, #3405, .F. );
#2486 = ORIENTED_EDGE( '', *, *, #3425, .T. );
#2487 = ORIENTED_EDGE( '', *, *, #3310, .T. );
#2488 = ORIENTED_EDGE( '', *, *, #3249, .F. );
#2489 = ORIENTED_EDGE( '', *, *, #3371, .T. );
#2490 = ORIENTED_EDGE( '', *, *, #3426, .T. );
#2491 = ORIENTED_EDGE( '', *, *, #2992, .T. );
#2492 = ORIENTED_EDGE( '', *, *, #3303, .T. );
#2493 = ORIENTED_EDGE( '', *, *, #3005, .T. );
#2494 = ORIENTED_EDGE( '', *, *, #3427, .F. );
#2495 = ORIENTED_EDGE( '', *, *, #3135, .T. );
#2496 = CARTESIAN_POINT( '', ( 0.000000000000000, 5.00000000000000, -1.00000000000000 ) );
#2497 = DIRECTION( '', ( -1.00000000000000, 0.000000000000000, 0.000000000000000 ) );
#2498 = DIRECTION( '', ( 0.000000000000000, 0.000000000000000, 1.00000000000000 ) );
#2499 = SURFACE_STYLE_FILL_AREA( #3428 );
#2500 = ORIENTED_EDGE( '', *, *, #3133, .T. );
#2501 = ORIENTED_EDGE( '', *, *, #3180, .T. );
#2502 = ORIENTED_EDGE( '', *, *, #3373, .T. );
#2503 = ORIENTED_EDGE( '', *, *, #3299, .T. );
#2504 = CARTESIAN_POINT( '', ( 2.84000000000000, -1.45000000000000, 3.50000000000000 ) );
#2505 = DIRECTION( '', ( 1.00000000000000, 0.000000000000000, 0.000000000000000 ) );
#2506 = DIRECTION( '', ( 0.000000000000000, 1.00000000000000, 0.000000000000000 ) );
#2507 = SURFACE_STYLE_FILL_AREA( #3429 );
#2508 = ORIENTED_EDGE( '', *, *, #3430, .F. );
#2509 = ORIENTED_EDGE( '', *, *, #3346, .F. );
#2510 = ORIENTED_EDGE( '', *, *, #3158, .F. );
#2511 = ORIENTED_EDGE( '', *, *, #3377, .T. );
#2512 = CARTESIAN_POINT( '', ( 0.952627944162880, 5.08000000000000, 7.95000000000000 ) );
#2513 = DIRECTION( '', ( -1.00000000000000, 0.000000000000000, 0.000000000000000 ) );
#2514 = DIRECTION( '', ( 0.000000000000000, 0.000000000000000, 1.00000000000000 ) );
#2515 = SURFACE_STYLE_FILL_AREA( #3431 );
#2516 = ORIENTED_EDGE( '', *, *, #3279, .T. );
#2517 = ORIENTED_EDGE( '', *, *, #3351, .T. );
#2518 = ORIENTED_EDGE( '', *, *, #3432, .T. );
#2519 = ORIENTED_EDGE( '', *, *, #3433, .F. );
#2520 = CARTESIAN_POINT( '', ( 5.35000000000000, -2.58000000000000, 12.0000000000000 ) );
#2521 = DIRECTION( '', ( 0.000000000000000, 0.000000000000000, -1.00000000000000 ) );
#2522 = DIRECTION( '', ( 0.000000000000000, -1.00000000000000, 0.000000000000000 ) );
#2523 = SURFACE_STYLE_FILL_AREA( #3434 );
#2524 = ORIENTED_EDGE( '', *, *, #3401, .T. );
#2525 = ORIENTED_EDGE( '', *, *, #3314, .T. );
#2526 = ORIENTED_EDGE( '', *, *, #3435, .F. );
#2527 = ORIENTED_EDGE( '', *, *, #3053, .F. );
#2528 = CARTESIAN_POINT( '', ( 2.14988893001070, -3.25000000000000, -1.00000000000000 ) );
#2529 = DIRECTION( '', ( -0.000000000000000, -0.000000000000000, -1.00000000000000 ) );
#2530 = DIRECTION( '', ( 1.00000000000000, 0.000000000000000, 0.000000000000000 ) );
#2531 = SURFACE_STYLE_FILL_AREA( #3436 );
#2532 = ORIENTED_EDGE( '', *, *, #3437, .F. );
#2533 = ORIENTED_EDGE( '', *, *, #3044, .T. );
#2534 = ORIENTED_EDGE( '', *, *, #2982, .F. );
#2535 = ORIENTED_EDGE( '', *, *, #3360, .T. );
#2536 = ORIENTED_EDGE( '', *, *, #3100, .T. );
#2537 = CARTESIAN_POINT( '', ( 5.95000000000000, -2.00000000000000, 0.307053304181600 ) );
#2538 = DIRECTION( '', ( 1.00000000000000, 0.000000000000000, 0.000000000000000 ) );
#2539 = DIRECTION( '', ( 0.000000000000000, 1.00000000000000, 0.000000000000000 ) );
#2540 = SURFACE_STYLE_FILL_AREA( #3438 );
#2541 = ORIENTED_EDGE( '', *, *, #3357, .F. );
#2542 = ORIENTED_EDGE( '', *, *, #3439, .T. );
#2543 = ORIENTED_EDGE( '', *, *, #3215, .F. );
#2544 = ORIENTED_EDGE( '', *, *, #3119, .F. );
#2545 = CARTESIAN_POINT( '', ( 5.90000000000000, -7.50000000000000, 3.49000000000000 ) );
#2546 = DIRECTION( '', ( 0.000000000000000, 0.000000000000000, 1.00000000000000 ) );
#2547 = DIRECTION( '', ( 1.00000000000000, 0.000000000000000, 0.000000000000000 ) );
#2548 = SURFACE_STYLE_FILL_AREA( #3440 );
#2549 = ORIENTED_EDGE( '', *, *, #3441, .T. );
#2550 = ORIENTED_EDGE( '', *, *, #3036, .T. );
#2551 = ORIENTED_EDGE( '', *, *, #3412, .F. );
#2552 = ORIENTED_EDGE( '', *, *, #3242, .F. );
#2553 = CARTESIAN_POINT( '', ( 2.90000000000000, -13.8300000000000, -1.00000000000000 ) );
#2554 = DIRECTION( '', ( 1.00000000000000, 0.000000000000000, -3.00000000000000E-016 ) );
#2555 = DIRECTION( '', ( 0.000000000000000, 1.00000000000000, 0.000000000000000 ) );
#2556 = SURFACE_STYLE_FILL_AREA( #3442 );
#2557 = ORIENTED_EDGE( '', *, *, #3406, .F. );
#2558 = ORIENTED_EDGE( '', *, *, #3296, .T. );
#2559 = ORIENTED_EDGE( '', *, *, #3156, .T. );
#2560 = ORIENTED_EDGE( '', *, *, #3443, .T. );
#2561 = ORIENTED_EDGE( '', *, *, #3237, .T. );
#2562 = CARTESIAN_POINT( '', ( 5.05000000000000, -2.00000000000000, 0.307053304181600 ) );
#2563 = DIRECTION( '', ( -1.00000000000000, 0.000000000000000, 0.000000000000000 ) );
#2564 = DIRECTION( '', ( 0.000000000000000, 0.000000000000000, 1.00000000000000 ) );
#2565 = SURFACE_STYLE_FILL_AREA( #3444 );
#2566 = ORIENTED_EDGE( '', *, *, #3445, .F. );
#2567 = ORIENTED_EDGE( '', *, *, #3446, .T. );
#2568 = ORIENTED_EDGE( '', *, *, #3304, .F. );
#2569 = ORIENTED_EDGE( '', *, *, #2990, .F. );
#2570 = CARTESIAN_POINT( '', ( -3.82387543252595, -12.5800000000000, 3.89273356401384 ) );
#2571 = DIRECTION( '', ( 0.882352941176470, 0.000000000000000, -0.470588235294119 ) );
#2572 = DIRECTION( '', ( 0.000000000000000, -1.00000000000000, 0.000000000000000 ) );
#2573 = SURFACE_STYLE_FILL_AREA( #3447 );
#2574 = ORIENTED_EDGE( '', *, *, #3252, .F. );
#2575 = ORIENTED_EDGE( '', *, *, #3448, .T. );
#2576 = ORIENTED_EDGE( '', *, *, #3449, .F. );
#2577 = ORIENTED_EDGE( '', *, *, #3159, .T. );
#2578 = ORIENTED_EDGE( '', *, *, #3142, .T. );
#2579 = CARTESIAN_POINT( '', ( 0.000000000000000, 5.00000000000000, 3.50000000000000 ) );
#2580 = DIRECTION( '', ( 0.000000000000000, 0.000000000000000, -1.00000000000000 ) );
#2581 = DIRECTION( '', ( 0.000000000000000, -1.00000000000000, 0.000000000000000 ) );
#2582 = SURFACE_STYLE_FILL_AREA( #3450 );
#2583 = ORIENTED_EDGE( '', *, *, #2969, .T. );
#2584 = ORIENTED_EDGE( '', *, *, #3306, .T. );
#2585 = ORIENTED_EDGE( '', *, *, #3451, .T. );
#2586 = ORIENTED_EDGE( '', *, *, #3452, .T. );
#2587 = ORIENTED_EDGE( '', *, *, #3222, .T. );
#2588 = ORIENTED_EDGE( '', *, *, #3453, .T. );
#2589 = ORIENTED_EDGE( '', *, *, #2963, .F. );
#2590 = ORIENTED_EDGE( '', *, *, #3292, .T. );
#2591 = ORIENTED_EDGE( '', *, *, #3025, .T. );
#2592 = ORIENTED_EDGE( '', *, *, #3207, .T. );
#2593 = ORIENTED_EDGE( '', *, *, #3262, .F. );
#2594 = ORIENTED_EDGE( '', *, *, #3340, .T. );
#2595 = CARTESIAN_POINT( '', ( 9.44730475381265, 0.989544744833619, 18.0000000000000 ) );
#2596 = DIRECTION( '', ( 0.000000000000000, 0.000000000000000, 1.00000000000000 ) );
#2597 = DIRECTION( '', ( 1.00000000000000, 0.000000000000000, 0.000000000000000 ) );
#2598 = SURFACE_STYLE_FILL_AREA( #3454 );
#2599 = ORIENTED_EDGE( '', *, *, #3455, .T. );
#2600 = ORIENTED_EDGE( '', *, *, #3320, .T. );
#2601 = ORIENTED_EDGE( '', *, *, #3293, .T. );
#2602 = ORIENTED_EDGE( '', *, *, #2961, .T. );
#2603 = CARTESIAN_POINT( '', ( 9.44730475381265, -1.59045525516638, 10.0000000000000 ) );
#2604 = DIRECTION( '', ( 0.000000000000000, 0.000000000000000, 1.00000000000000 ) );
#2605 = DIRECTION( '', ( 1.00000000000000, 0.000000000000000, 0.000000000000000 ) );
#2606 = SURFACE_STYLE_FILL_AREA( #3456 );
#2607 = ORIENTED_EDGE( '', *, *, #3165, .T. );
#2608 = ORIENTED_EDGE( '', *, *, #3335, .T. );
#2609 = ORIENTED_EDGE( '', *, *, #2994, .T. );
#2610 = ORIENTED_EDGE( '', *, *, #3457, .F. );
#2611 = CARTESIAN_POINT( '', ( 5.35000000000000, -1.30000000000000, -1.00000000000000 ) );
#2612 = DIRECTION( '', ( 0.000000000000000, -1.00000000000000, 0.000000000000000 ) );
#2613 = DIRECTION( '', ( 0.000000000000000, 0.000000000000000, -1.00000000000000 ) );
#2614 = SURFACE_STYLE_FILL_AREA( #3458 );
#2615 = ORIENTED_EDGE( '', *, *, #3393, .F. );
#2616 = ORIENTED_EDGE( '', *, *, #3459, .F. );
#2617 = ORIENTED_EDGE( '', *, *, #3460, .F. );
#2618 = ORIENTED_EDGE( '', *, *, #3461, .T. );
#2619 = CARTESIAN_POINT( '', ( 9.20000000000000, -2.50000000000000, 18.0000000000000 ) );
#2620 = DIRECTION( '', ( 1.00000000000000, 0.000000000000000, 0.000000000000000 ) );
#2621 = DIRECTION( '', ( 0.000000000000000, 1.00000000000000, 0.000000000000000 ) );
#2622 = SURFACE_STYLE_FILL_AREA( #3462 );
#2623 = ORIENTED_EDGE( '', *, *, #2951, .T. );
#2624 = ORIENTED_EDGE( '', *, *, #2999, .T. );
#2625 = ORIENTED_EDGE( '', *, *, #2945, .F. );
#2626 = ORIENTED_EDGE( '', *, *, #3037, .T. );
#2627 = ORIENTED_EDGE( '', *, *, #3441, .F. );
#2628 = ORIENTED_EDGE( '', *, *, #3241, .F. );
#2629 = ORIENTED_EDGE( '', *, *, #3463, .F. );
#2630 = ORIENTED_EDGE( '', *, *, #3275, .T. );
#2631 = ORIENTED_EDGE( '', *, *, #3362, .T. );
#2632 = ORIENTED_EDGE( '', *, *, #3323, .T. );
#2633 = ORIENTED_EDGE( '', *, *, #3464, .T. );
#2634 = ORIENTED_EDGE( '', *, *, #3327, .T. );
#2635 = ORIENTED_EDGE( '', *, *, #3383, .F. );
#2636 = ORIENTED_EDGE( '', *, *, #3423, .T. );
#2637 = ORIENTED_EDGE( '', *, *, #3203, .T. );
#2638 = ORIENTED_EDGE( '', *, *, #3182, .T. );
#2639 = ORIENTED_EDGE( '', *, *, #3414, .F. );
#2640 = ORIENTED_EDGE( '', *, *, #3272, .T. );
#2641 = ORIENTED_EDGE( '', *, *, #3097, .T. );
#2642 = ORIENTED_EDGE( '', *, *, #3465, .T. );
#2643 = ORIENTED_EDGE( '', *, *, #3287, .T. );
#2644 = ORIENTED_EDGE( '', *, *, #3011, .T. );
#2645 = ORIENTED_EDGE( '', *, *, #3094, .T. );
#2646 = ORIENTED_EDGE( '', *, *, #3337, .T. );
#2647 = ORIENTED_EDGE( '', *, *, #3148, .T. );
#2648 = ORIENTED_EDGE( '', *, *, #3193, .T. );
#2649 = ORIENTED_EDGE( '', *, *, #3029, .T. );
#2650 = CARTESIAN_POINT( '', ( 12.3200024000000, -3.75000000000000, -4.00000000000000 ) );
#2651 = DIRECTION( '', ( -0.000000000000000, 1.00000000000000, 0.000000000000000 ) );
#2652 = DIRECTION( '', ( 1.00000000000000, 0.000000000000000, 0.000000000000000 ) );
#2653 = SURFACE_STYLE_FILL_AREA( #3466 );
#2654 = ORIENTED_EDGE( '', *, *, #3194, .T. );
#2655 = ORIENTED_EDGE( '', *, *, #3146, .F. );
#2656 = ORIENTED_EDGE( '', *, *, #3338, .F. );
#2657 = ORIENTED_EDGE( '', *, *, #3092, .F. );
#2658 = ORIENTED_EDGE( '', *, *, #3039, .T. );
#2659 = ORIENTED_EDGE( '', *, *, #3200, .T. );
#2660 = ORIENTED_EDGE( '', *, *, #3031, .F. );
#2661 = CARTESIAN_POINT( '', ( 5.35000000000000, 0.000000000000000, -1.00000000000000 ) );
#2662 = DIRECTION( '', ( -0.000000000000000, 1.00000000000000, 0.000000000000000 ) );
#2663 = DIRECTION( '', ( 1.00000000000000, 0.000000000000000, 0.000000000000000 ) );
#2664 = SURFACE_STYLE_FILL_AREA( #3467 );
#2665 = ORIENTED_EDGE( '', *, *, #3284, .T. );
#2666 = ORIENTED_EDGE( '', *, *, #3050, .F. );
#2667 = ORIENTED_EDGE( '', *, *, #3257, .T. );
#2668 = ORIENTED_EDGE( '', *, *, #3170, .F. );
#2669 = CARTESIAN_POINT( '', ( 2.75000000000000, -3.75000000000000, 0.000000000000000 ) );
#2670 = DIRECTION( '', ( 1.00000000000000, 0.000000000000000, 0.000000000000000 ) );
#2671 = DIRECTION( '', ( 0.000000000000000, 1.00000000000000, 0.000000000000000 ) );
#2672 = SURFACE_STYLE_FILL_AREA( #3468 );
#2673 = ORIENTED_EDGE( '', *, *, #3216, .F. );
#2674 = ORIENTED_EDGE( '', *, *, #3439, .F. );
#2675 = ORIENTED_EDGE( '', *, *, #3356, .F. );
#2676 = ORIENTED_EDGE( '', *, *, #3308, .T. );
#2677 = ORIENTED_EDGE( '', *, *, #3425, .F. );
#2678 = ORIENTED_EDGE( '', *, *, #3404, .F. );
#2679 = ORIENTED_EDGE( '', *, *, #3018, .F. );
#2680 = ORIENTED_EDGE( '', *, *, #3342, .F. );
#2681 = ORIENTED_EDGE( '', *, *, #2942, .F. );
#2682 = ORIENTED_EDGE( '', *, *, #3403, .F. );
#2683 = ORIENTED_EDGE( '', *, *, #3318, .F. );
#2684 = ORIENTED_EDGE( '', *, *, #3455, .F. );
#2685 = ORIENTED_EDGE( '', *, *, #2960, .F. );
#2686 = ORIENTED_EDGE( '', *, *, #3453, .F. );
#2687 = ORIENTED_EDGE( '', *, *, #3221, .T. );
#2688 = ORIENTED_EDGE( '', *, *, #3469, .F. );
#2689 = ORIENTED_EDGE( '', *, *, #3223, .F. );
#2690 = ORIENTED_EDGE( '', *, *, #3452, .F. );
#2691 = ORIENTED_EDGE( '', *, *, #3470, .T. );
#2692 = ORIENTED_EDGE( '', *, *, #3445, .T. );
#2693 = ORIENTED_EDGE( '', *, *, #2989, .T. );
#2694 = ORIENTED_EDGE( '', *, *, #3426, .F. );
#2695 = ORIENTED_EDGE( '', *, *, #3370, .F. );
#2696 = ORIENTED_EDGE( '', *, *, #3471, .F. );
#2697 = ORIENTED_EDGE( '', *, *, #3191, .F. );
#2698 = ORIENTED_EDGE( '', *, *, #3472, .F. );
#2699 = ORIENTED_EDGE( '', *, *, #2974, .T. );
#2700 = CARTESIAN_POINT( '', ( 12.3200024000000, -7.50000000000000, 18.0000000000000 ) );
#2701 = DIRECTION( '', ( 0.000000000000000, -1.00000000000000, 0.000000000000000 ) );
#2702 = DIRECTION( '', ( 0.000000000000000, 0.000000000000000, -1.00000000000000 ) );
#2703 = SURFACE_STYLE_FILL_AREA( #3473 );
#2704 = ORIENTED_EDGE( '', *, *, #3224, .F. );
#2705 = ORIENTED_EDGE( '', *, *, #3469, .T. );
#2706 = ORIENTED_EDGE( '', *, *, #3220, .F. );
#2707 = ORIENTED_EDGE( '', *, *, #3474, .F. );
#2708 = CARTESIAN_POINT( '', ( 5.35000000000000, -1.36061649764443, 15.1000000000000 ) );
#2709 = DIRECTION( '', ( -2.77555756156289E-049, 1.00000000000000E-016, 1.00000000000000 ) );
#2710 = DIRECTION( '', ( 1.00000000000000, 2.77555756156289E-033, -1.13946812949118E-064 ) );
#2711 = SURFACE_STYLE_FILL_AREA( #3475 );
#2712 = ORIENTED_EDGE( '', *, *, #3238, .T. );
#2713 = ORIENTED_EDGE( '', *, *, #3443, .F. );
#2714 = ORIENTED_EDGE( '', *, *, #3155, .F. );
#2715 = ORIENTED_EDGE( '', *, *, #3130, .F. );
#2716 = CARTESIAN_POINT( '', ( 6.15000000000000, -1.68059363811246, 1.39263798090673 ) );
#2717 = DIRECTION( '', ( -0.000000000000000, 0.965925826289068, 0.258819045102521 ) );
#2718 = DIRECTION( '', ( 1.00000000000000, 0.000000000000000, 0.000000000000000 ) );
#2719 = SURFACE_STYLE_FILL_AREA( #3476 );
#2720 = ORIENTED_EDGE( '', *, *, #3211, .T. );
#2721 = ORIENTED_EDGE( '', *, *, #3008, .F. );
#2722 = ORIENTED_EDGE( '', *, *, #3286, .F. );
#2723 = ORIENTED_EDGE( '', *, *, #3477, .F. );
#2724 = CARTESIAN_POINT( '', ( 6.15000000000000, -2.33735555431866, 0.392637980906730 ) );
#2725 = DIRECTION( '', ( 0.000000000000000, -0.965925826289068, 0.258819045102521 ) );
#2726 = DIRECTION( '', ( -1.00000000000000, 0.000000000000000, 0.000000000000000 ) );
#2727 = SURFACE_STYLE_FILL_AREA( #3478 );
#2728 = ORIENTED_EDGE( '', *, *, #3208, .T. );
#2729 = ORIENTED_EDGE( '', *, *, #3023, .F. );
#2730 = ORIENTED_EDGE( '', *, *, #3387, .F. );
#2731 = ORIENTED_EDGE( '', *, *, #3263, .T. );
#2732 = CARTESIAN_POINT( '', ( 1.40403563636172, -3.00000000000000, 11.5700668181782 ) );
#2733 = DIRECTION( '', ( -0.882352941176470, 0.000000000000000, 0.470588235294119 ) );
#2734 = DIRECTION( '', ( 0.000000000000000, 1.00000000000000, 0.000000000000000 ) );
#2735 = SURFACE_STYLE_FILL_AREA( #3479 );
#2736 = ORIENTED_EDGE( '', *, *, #3480, .T. );
#2737 = ORIENTED_EDGE( '', *, *, #3460, .T. );
#2738 = ORIENTED_EDGE( '', *, *, #3481, .F. );
#2739 = ORIENTED_EDGE( '', *, *, #3073, .T. );
#2740 = ORIENTED_EDGE( '', *, *, #3482, .F. );
#2741 = ORIENTED_EDGE( '', *, *, #2985, .F. );
#2742 = ORIENTED_EDGE( '', *, *, #3277, .T. );
#2743 = ORIENTED_EDGE( '', *, *, #3172, .F. );
#2744 = ORIENTED_EDGE( '', *, *, #3256, .F. );
#2745 = ORIENTED_EDGE( '', *, *, #3483, .F. );
#2746 = CARTESIAN_POINT( '', ( 9.44730475381265, 8.48954474483362, 18.0000000000000 ) );
#2747 = DIRECTION( '', ( 0.000000000000000, 0.000000000000000, 1.00000000000000 ) );
#2748 = DIRECTION( '', ( 1.00000000000000, 0.000000000000000, 0.000000000000000 ) );
#2749 = SURFACE_STYLE_FILL_AREA( #3484 );
#2750 = ORIENTED_EDGE( '', *, *, #3378, .T. );
#2751 = ORIENTED_EDGE( '', *, *, #3160, .F. );
#2752 = ORIENTED_EDGE( '', *, *, #3449, .T. );
#2753 = ORIENTED_EDGE( '', *, *, #3485, .F. );
#2754 = ORIENTED_EDGE( '', *, *, #3058, .F. );
#2755 = ORIENTED_EDGE( '', *, *, #3280, .F. );
#2756 = ORIENTED_EDGE( '', *, *, #3433, .T. );
#2757 = ORIENTED_EDGE( '', *, *, #3486, .F. );
#2758 = CARTESIAN_POINT( '', ( 0.000000000000000, 12.5000000000000, -1.00000000000000 ) );
#2759 = DIRECTION( '', ( -1.00000000000000, 0.000000000000000, 0.000000000000000 ) );
#2760 = DIRECTION( '', ( 0.000000000000000, 0.000000000000000, 1.00000000000000 ) );
#2761 = SURFACE_STYLE_FILL_AREA( #3487 );
#2762 = ORIENTED_EDGE( '', *, *, #3177, .T. );
#2763 = ORIENTED_EDGE( '', *, *, #3136, .T. );
#2764 = ORIENTED_EDGE( '', *, *, #3427, .T. );
#2765 = ORIENTED_EDGE( '', *, *, #3004, .T. );
#2766 = ORIENTED_EDGE( '', *, *, #3106, .T. );
#2767 = CARTESIAN_POINT( '', ( 4.87852540378444, 0.816617955123380, -1.00000000000000 ) );
#2768 = DIRECTION( '', ( 0.500000000000000, -0.866025403784439, 0.000000000000000 ) );
#2769 = DIRECTION( '', ( 0.000000000000000, 0.000000000000000, -1.00000000000000 ) );
#2770 = SURFACE_STYLE_FILL_AREA( #3488 );
#2771 = ORIENTED_EDGE( '', *, *, #2975, .F. );
#2772 = ORIENTED_EDGE( '', *, *, #3472, .T. );
#2773 = ORIENTED_EDGE( '', *, *, #3190, .T. );
#2774 = ORIENTED_EDGE( '', *, *, #3396, .T. );
#2775 = CARTESIAN_POINT( '', ( 8.95000000000000, 2.66000000000000, 9.40000000000000 ) );
#2776 = DIRECTION( '', ( -1.00000000000000, 0.000000000000000, 0.000000000000000 ) );
#2777 = DIRECTION( '', ( 0.000000000000000, 0.000000000000000, 1.00000000000000 ) );
#2778 = SURFACE_STYLE_FILL_AREA( #3489 );
#2779 = ORIENTED_EDGE( '', *, *, #3490, .F. );
#2780 = ORIENTED_EDGE( '', *, *, #3102, .F. );
#2781 = ORIENTED_EDGE( '', *, *, #3359, .T. );
#2782 = ORIENTED_EDGE( '', *, *, #2980, .T. );
#2783 = ORIENTED_EDGE( '', *, *, #3060, .T. );
#2784 = CARTESIAN_POINT( '', ( 5.05000000000000, -2.00000000000000, 0.307053304181600 ) );
#2785 = DIRECTION( '', ( -1.00000000000000, 0.000000000000000, 0.000000000000000 ) );
#2786 = DIRECTION( '', ( 0.000000000000000, 0.000000000000000, 1.00000000000000 ) );
#2787 = SURFACE_STYLE_FILL_AREA( #3491 );
#2788 = ORIENTED_EDGE( '', *, *, #3416, .T. );
#2789 = ORIENTED_EDGE( '', *, *, #3328, .F. );
#2790 = ORIENTED_EDGE( '', *, *, #3464, .F. );
#2791 = ORIENTED_EDGE( '', *, *, #3322, .T. );
#2792 = ORIENTED_EDGE( '', *, *, #3366, .T. );
#2793 = ORIENTED_EDGE( '', *, *, #3422, .T. );
#2794 = CARTESIAN_POINT( '', ( 0.000000000000000, -2.60000000000000, 7.10000000000000 ) );
#2795 = DIRECTION( '', ( 0.000000000000000, 0.000000000000000, -1.00000000000000 ) );
#2796 = DIRECTION( '', ( 0.000000000000000, -1.00000000000000, 0.000000000000000 ) );
#2797 = SURFACE_STYLE_FILL_AREA( #3492 );
#2798 = ORIENTED_EDGE( '', *, *, #3461, .F. );
#2799 = ORIENTED_EDGE( '', *, *, #3480, .F. );
#2800 = ORIENTED_EDGE( '', *, *, #3493, .F. );
#2801 = ORIENTED_EDGE( '', *, *, #3108, .F. );
#2802 = ORIENTED_EDGE( '', *, *, #3047, .T. );
#2803 = ORIENTED_EDGE( '', *, *, #3064, .T. );
#2804 = ORIENTED_EDGE( '', *, *, #3394, .F. );
#2805 = CARTESIAN_POINT( '', ( 12.1344940000000, -3.75000000000000, 19.8000024000000 ) );
#2806 = DIRECTION( '', ( -0.000000000000000, 1.00000000000000, 0.000000000000000 ) );
#2807 = DIRECTION( '', ( 1.00000000000000, 0.000000000000000, 0.000000000000000 ) );
#2808 = SURFACE_STYLE_FILL_AREA( #3494 );
#2809 = ORIENTED_EDGE( '', *, *, #3493, .T. );
#2810 = ORIENTED_EDGE( '', *, *, #3483, .T. );
#2811 = ORIENTED_EDGE( '', *, *, #3258, .F. );
#2812 = ORIENTED_EDGE( '', *, *, #3109, .F. );
#2813 = CARTESIAN_POINT( '', ( 8.19058550445192, -3.75000000000000, 18.0000000000000 ) );
#2814 = DIRECTION( '', ( -0.997564050259824, 0.000000000000000, -0.0697564737441251 ) );
#2815 = DIRECTION( '', ( -0.0697564737441251, 0.000000000000000, 0.997564050259824 ) );
#2816 = SURFACE_STYLE_FILL_AREA( #3495 );
#2817 = ORIENTED_EDGE( '', *, *, #3410, .T. );
#2818 = ORIENTED_EDGE( '', *, *, #3399, .F. );
#2819 = ORIENTED_EDGE( '', *, *, #3197, .F. );
#2820 = ORIENTED_EDGE( '', *, *, #3084, .F. );
#2821 = CARTESIAN_POINT( '', ( 1.49315763545979, -0.0809690000000000, 0.000000000000000 ) );
#2822 = DIRECTION( '', ( -0.866025403784439, -0.500000000000000, 0.000000000000000 ) );
#2823 = DIRECTION( '', ( -0.500000000000000, 0.866025403784439, 0.000000000000000 ) );
#2824 = SURFACE_STYLE_FILL_AREA( #3496 );
#2825 = ORIENTED_EDGE( '', *, *, #3435, .T. );
#2826 = ORIENTED_EDGE( '', *, *, #3313, .T. );
#2827 = ORIENTED_EDGE( '', *, *, #3228, .T. );
#2828 = ORIENTED_EDGE( '', *, *, #3054, .T. );
#2829 = CARTESIAN_POINT( '', ( 1.10000000000000, -3.15000000000000, 0.000000000000000 ) );
#2830 = DIRECTION( '', ( -0.000000000000000, 1.00000000000000, 0.000000000000000 ) );
#2831 = DIRECTION( '', ( 1.00000000000000, 0.000000000000000, 0.000000000000000 ) );
#2832 = SURFACE_STYLE_FILL_AREA( #3497 );
#2833 = ORIENTED_EDGE( '', *, *, #3187, .F. );
#2834 = ORIENTED_EDGE( '', *, *, #3471, .T. );
#2835 = ORIENTED_EDGE( '', *, *, #3369, .T. );
#2836 = ORIENTED_EDGE( '', *, *, #3247, .F. );
#2837 = CARTESIAN_POINT( '', ( 0.952627944162880, -2.42000000000000, 7.95000000000000 ) );
#2838 = DIRECTION( '', ( -1.00000000000000, 0.000000000000000, 0.000000000000000 ) );
#2839 = DIRECTION( '', ( 0.000000000000000, 0.000000000000000, 1.00000000000000 ) );
#2840 = SURFACE_STYLE_FILL_AREA( #3498 );
#2841 = ORIENTED_EDGE( '', *, *, #3301, .T. );
#2842 = ORIENTED_EDGE( '', *, *, #3374, .T. );
#2843 = ORIENTED_EDGE( '', *, *, #3178, .F. );
#2844 = ORIENTED_EDGE( '', *, *, #3166, .F. );
#2845 = ORIENTED_EDGE( '', *, *, #3457, .T. );
#2846 = ORIENTED_EDGE( '', *, *, #2997, .T. );
#2847 = CARTESIAN_POINT( '', ( 2.85000000000000, -3.78000000000000, 6.15000000000000 ) );
#2848 = DIRECTION( '', ( -1.00000000000000, 0.000000000000000, 0.000000000000000 ) );
#2849 = DIRECTION( '', ( 0.000000000000000, 0.000000000000000, 1.00000000000000 ) );
#2850 = SURFACE_STYLE_FILL_AREA( #3499 );
#2851 = ORIENTED_EDGE( '', *, *, #3066, .T. );
#2852 = ORIENTED_EDGE( '', *, *, #3381, .F. );
#2853 = ORIENTED_EDGE( '', *, *, #3231, .T. );
#2854 = ORIENTED_EDGE( '', *, *, #3344, .T. );
#2855 = ORIENTED_EDGE( '', *, *, #3430, .T. );
#2856 = ORIENTED_EDGE( '', *, *, #3376, .T. );
#2857 = ORIENTED_EDGE( '', *, *, #3486, .T. );
#2858 = ORIENTED_EDGE( '', *, *, #3432, .F. );
#2859 = ORIENTED_EDGE( '', *, *, #3350, .F. );
#2860 = ORIENTED_EDGE( '', *, *, #2986, .F. );
#2861 = ORIENTED_EDGE( '', *, *, #3482, .T. );
#2862 = ORIENTED_EDGE( '', *, *, #3080, .T. );
#2863 = ORIENTED_EDGE( '', *, *, #3390, .T. );
#2864 = ORIENTED_EDGE( '', *, *, #3074, .F. );
#2865 = ORIENTED_EDGE( '', *, *, #3481, .T. );
#2866 = ORIENTED_EDGE( '', *, *, #3459, .T. );
#2867 = ORIENTED_EDGE( '', *, *, #3392, .T. );
#2868 = ORIENTED_EDGE( '', *, *, #3062, .T. );
#2869 = ORIENTED_EDGE( '', *, *, #3045, .T. );
#2870 = ORIENTED_EDGE( '', *, *, #3437, .T. );
#2871 = ORIENTED_EDGE( '', *, *, #3099, .T. );
#2872 = ORIENTED_EDGE( '', *, *, #3490, .T. );
#2873 = ORIENTED_EDGE( '', *, *, #3059, .T. );
#2874 = ORIENTED_EDGE( '', *, *, #3485, .T. );
#2875 = ORIENTED_EDGE( '', *, *, #3448, .F. );
#2876 = ORIENTED_EDGE( '', *, *, #3254, .T. );
#2877 = ORIENTED_EDGE( '', *, *, #3500, .T. );
#2878 = CARTESIAN_POINT( '', ( 12.3200024000000, 0.000000000000000, 18.0000000000000 ) );
#2879 = DIRECTION( '', ( 0.000000000000000, -1.00000000000000, 0.000000000000000 ) );
#2880 = DIRECTION( '', ( 0.000000000000000, 0.000000000000000, -1.00000000000000 ) );
#2881 = SURFACE_STYLE_FILL_AREA( #3501 );
#2882 = ORIENTED_EDGE( '', *, *, #3305, .F. );
#2883 = ORIENTED_EDGE( '', *, *, #3446, .F. );
#2884 = ORIENTED_EDGE( '', *, *, #3470, .F. );
#2885 = ORIENTED_EDGE( '', *, *, #3451, .F. );
#2886 = CARTESIAN_POINT( '', ( 2.90000000000000, -10.0800000000000, -1.00000000000000 ) );
#2887 = DIRECTION( '', ( 1.00000000000000, 0.000000000000000, -3.00000000000000E-016 ) );
#2888 = DIRECTION( '', ( 0.000000000000000, 1.00000000000000, 0.000000000000000 ) );
#2889 = SURFACE_STYLE_FILL_AREA( #3502 );
#2890 = ORIENTED_EDGE( '', *, *, #3465, .F. );
#2891 = ORIENTED_EDGE( '', *, *, #3096, .F. );
#2892 = ORIENTED_EDGE( '', *, *, #3212, .T. );
#2893 = ORIENTED_EDGE( '', *, *, #3477, .T. );
#2894 = ORIENTED_EDGE( '', *, *, #3288, .F. );
#2895 = CARTESIAN_POINT( '', ( 5.05000000000000, -5.75000000000000, 0.307053304181600 ) );
#2896 = DIRECTION( '', ( -1.00000000000000, 0.000000000000000, 0.000000000000000 ) );
#2897 = DIRECTION( '', ( 0.000000000000000, 0.000000000000000, 1.00000000000000 ) );
#2898 = SURFACE_STYLE_FILL_AREA( #3503 );
#2899 = ORIENTED_EDGE( '', *, *, #3033, .T. );
#2900 = ORIENTED_EDGE( '', *, *, #3201, .F. );
#2901 = ORIENTED_EDGE( '', *, *, #3041, .F. );
#2902 = ORIENTED_EDGE( '', *, *, #3091, .T. );
#2903 = ORIENTED_EDGE( '', *, *, #3114, .F. );
#2904 = ORIENTED_EDGE( '', *, *, #3419, .T. );
#2905 = CARTESIAN_POINT( '', ( 8.19058550445192, -0.750000000000000, -6.20000240000000 ) );
#2906 = DIRECTION( '', ( 0.000000000000000, -1.00000000000000, 0.000000000000000 ) );
#2907 = DIRECTION( '', ( 0.000000000000000, 0.000000000000000, -1.00000000000000 ) );
#2908 = SURFACE_STYLE_FILL_AREA( #3504 );
#2909 = ORIENTED_EDGE( '', *, *, #3463, .T. );
#2910 = ORIENTED_EDGE( '', *, *, #3240, .T. );
#2911 = ORIENTED_EDGE( '', *, *, #3411, .F. );
#2912 = ORIENTED_EDGE( '', *, *, #3270, .F. );
#2913 = CARTESIAN_POINT( '', ( 5.35000000000000, -13.8300000000000, 12.0000000000000 ) );
#2914 = DIRECTION( '', ( 0.000000000000000, 0.000000000000000, -1.00000000000000 ) );
#2915 = DIRECTION( '', ( 0.000000000000000, -1.00000000000000, 0.000000000000000 ) );
#2916 = SURFACE_STYLE_FILL_AREA( #3505 );
#2917 = ORIENTED_EDGE( '', *, *, #3500, .F. );
#2918 = ORIENTED_EDGE( '', *, *, #3253, .F. );
#2919 = ORIENTED_EDGE( '', *, *, #3140, .F. );
#2920 = ORIENTED_EDGE( '', *, *, #3067, .F. );
#2921 = CARTESIAN_POINT( '', ( 5.90000000000000, 0.000000000000000, 3.49000000000000 ) );
#2922 = DIRECTION( '', ( 0.000000000000000, 0.000000000000000, 1.00000000000000 ) );
#2923 = DIRECTION( '', ( 1.00000000000000, 0.000000000000000, 0.000000000000000 ) );
#2924 = SURFACE_STYLE_FILL_AREA( #3506 );
#2925 = ORIENTED_EDGE( '', *, *, #3474, .T. );
#2926 = ORIENTED_EDGE( '', *, *, #3219, .F. );
#2927 = ORIENTED_EDGE( '', *, *, #3348, .T. );
#2928 = ORIENTED_EDGE( '', *, *, #3225, .T. );
#2929 = CARTESIAN_POINT( '', ( 7.30959179422654, -7.10000000000000, 16.0000000000000 ) );
#2930 = DIRECTION( '', ( -1.98867750302791E-032, 1.00000000000000, -1.00000000000000E-016 ) );
#2931 = DIRECTION( '', ( 1.00000000000000, 2.73691106313441E-048, -1.98867750302791E-016 ) );
#2933 = FILL_AREA_STYLE( '', ( #3507 ) );
#2934 = EDGE_CURVE( '', #3508, #3509, #3510, .T. );
#2935 = EDGE_CURVE( '', #3511, #3509, #3512, .T. );
#2936 = EDGE_CURVE( '', #3513, #3511, #3514, .T. );
#2937 = EDGE_CURVE( '', #3508, #3513, #3515, .T. );
#2938 = FILL_AREA_STYLE( '', ( #3516 ) );
#2939 = EDGE_CURVE( '', #3517, #3518, #3519, .T. );
#2940 = EDGE_CURVE( '', #3520, #3518, #3521, .T. );
#2941 = EDGE_CURVE( '', #3520, #3522, #3523, .T. );
#2942 = EDGE_CURVE( '', #3522, #3524, #3525, .T. );
#2943 = EDGE_CURVE( '', #3524, #3517, #3526, .T. );
#2944 = FILL_AREA_STYLE( '', ( #3527 ) );
#2945 = EDGE_CURVE( '', #3528, #3529, #3530, .T. );
#2946 = EDGE_CURVE( '', #3529, #3531, #3532, .T. );
#2947 = EDGE_CURVE( '', #3533, #3531, #3534, .T. );
#2948 = EDGE_CURVE( '', #3533, #3535, #3536, .T. );
#2949 = EDGE_CURVE( '', #3535, #3537, #3538, .T. );
#2950 = EDGE_CURVE( '', #3537, #3539, #3540, .T. );
#2951 = EDGE_CURVE( '', #3541, #3539, #3542, .T. );
#2952 = EDGE_CURVE( '', #3541, #3528, #3543, .T. );
#2953 = FILL_AREA_STYLE( '', ( #3544 ) );
#2954 = EDGE_CURVE( '', #3545, #3546, #3547, .T. );
#2955 = EDGE_CURVE( '', #3546, #3548, #3549, .T. );
#2956 = EDGE_CURVE( '', #3548, #3550, #3551, .T. );
#2957 = EDGE_CURVE( '', #3550, #3552, #3553, .T. );
#2958 = EDGE_CURVE( '', #3552, #3545, #3554, .T. );
#2959 = FILL_AREA_STYLE( '', ( #3555 ) );
#2960 = EDGE_CURVE( '', #3556, #3557, #3558, .T. );
#2961 = EDGE_CURVE( '', #3559, #3557, #3560, .T. );
#2962 = EDGE_CURVE( '', #3559, #3561, #3562, .T. );
#2963 = EDGE_CURVE( '', #3561, #3556, #3563, .T. );
#2964 = FILL_AREA_STYLE( '', ( #3564 ) );
#2965 = EDGE_CURVE( '', #3565, #3511, #3566, .T. );
#2966 = EDGE_CURVE( '', #3567, #3565, #3568, .T. );
#2967 = EDGE_CURVE( '', #3567, #3513, #3569, .T. );
#2968 = FILL_AREA_STYLE( '', ( #3570 ) );
#2969 = EDGE_CURVE( '', #3571, #3572, #3573, .T. );
#2970 = EDGE_CURVE( '', #3571, #3508, #3574, .T. );
#2971 = EDGE_CURVE( '', #3567, #3565, #3575, .T. );
#2972 = EDGE_CURVE( '', #3572, #3509, #3576, .T. );
#2973 = FILL_AREA_STYLE( '', ( #3577 ) );
#2974 = EDGE_CURVE( '', #3578, #3579, #3580, .T. );
#2975 = EDGE_CURVE( '', #3578, #3581, #3582, .T. );
#2976 = EDGE_CURVE( '', #3583, #3581, #3584, .T. );
#2977 = EDGE_CURVE( '', #3579, #3583, #3585, .T. );
#2978 = FILL_AREA_STYLE( '', ( #3586 ) );
#2979 = EDGE_CURVE( '', #3587, #3588, #3589, .T. );
#2980 = EDGE_CURVE( '', #3590, #3587, #3591, .T. );
#2981 = EDGE_CURVE( '', #3592, #3590, #3593, .T. );
#2982 = EDGE_CURVE( '', #3592, #3588, #3594, .T. );
#2983 = FILL_AREA_STYLE( '', ( #3595 ) );
#2984 = EDGE_CURVE( '', #3596, #3597, #3598, .T. );
#2985 = EDGE_CURVE( '', #3597, #3599, #3600, .T. );
#2986 = EDGE_CURVE( '', #3599, #3601, #3602, .T. );
#2987 = EDGE_CURVE( '', #3596, #3601, #3603, .T. );
#2988 = FILL_AREA_STYLE( '', ( #3604 ) );
#2989 = EDGE_CURVE( '', #3605, #3606, #3607, .T. );
#2990 = EDGE_CURVE( '', #3605, #3608, #3609, .T. );
#2991 = EDGE_CURVE( '', #3610, #3608, #3611, .T. );
#2992 = EDGE_CURVE( '', #3606, #3610, #3612, .T. );
#2993 = FILL_AREA_STYLE( '', ( #3613 ) );
#2994 = EDGE_CURVE( '', #3614, #3615, #3616, .T. );
#2995 = EDGE_CURVE( '', #3614, #3617, #3618, .T. );
#2996 = EDGE_CURVE( '', #3619, #3617, #3620, .T. );
#2997 = EDGE_CURVE( '', #3615, #3619, #3621, .T. );
#2998 = FILL_AREA_STYLE( '', ( #3622 ) );
#2999 = EDGE_CURVE( '', #3539, #3529, #3623, .T. );
#3000 = EDGE_CURVE( '', #3531, #3537, #3624, .T. );
#3001 = FILL_AREA_STYLE( '', ( #3625 ) );
#3002 = EDGE_CURVE( '', #3626, #3627, #3628, .T. );
#3003 = EDGE_CURVE( '', #3629, #3627, #3630, .T. );
#3004 = EDGE_CURVE( '', #3631, #3629, #3632, .T. );
#3005 = EDGE_CURVE( '', #3626, #3631, #3633, .T. );
#3006 = FILL_AREA_STYLE( '', ( #3634 ) );
#3007 = FILL_AREA_STYLE( '', ( #3635 ) );
#3008 = EDGE_CURVE( '', #3636, #3637, #3638, .T. );
#3009 = EDGE_CURVE( '', #3639, #3637, #3640, .T. );
#3010 = EDGE_CURVE( '', #3641, #3639, #3642, .T. );
#3011 = EDGE_CURVE( '', #3643, #3641, #3644, .T. );
#3012 = EDGE_CURVE( '', #3643, #3636, #3645, .T. );
#3013 = FILL_AREA_STYLE( '', ( #3646 ) );
#3014 = EDGE_CURVE( '', #3647, #3648, #3649, .T. );
#3015 = EDGE_CURVE( '', #3648, #3650, #3651, .T. );
#3016 = EDGE_CURVE( '', #3650, #3652, #3653, .T. );
#3017 = EDGE_CURVE( '', #3652, #3654, #3655, .T. );
#3018 = EDGE_CURVE( '', #3654, #3647, #3656, .T. );
#3019 = FILL_AREA_STYLE( '', ( #3657 ) );
#3020 = EDGE_CURVE( '', #3658, #3659, #3660, .T. );
#3021 = EDGE_CURVE( '', #3658, #3661, #3662, .T. );
#3022 = EDGE_CURVE( '', #3661, #3663, #3664, .T. );
#3023 = EDGE_CURVE( '', #3663, #3665, #3666, .T. );
#3024 = EDGE_CURVE( '', #3665, #3667, #3668, .T. );
#3025 = EDGE_CURVE( '', #3669, #3667, #3670, .T. );
#3026 = EDGE_CURVE( '', #3669, #3671, #3672, .T. );
#3027 = EDGE_CURVE( '', #3659, #3671, #3673, .T. );
#3028 = FILL_AREA_STYLE( '', ( #3674 ) );
#3029 = EDGE_CURVE( '', #3675, #3541, #3676, .T. );
#3030 = EDGE_CURVE( '', #3675, #3677, #3678, .T. );
#3031 = EDGE_CURVE( '', #3677, #3679, #3680, .T. );
#3032 = EDGE_CURVE( '', #3681, #3679, #3682, .T. );
#3033 = EDGE_CURVE( '', #3683, #3681, #3684, .T. );
#3034 = EDGE_CURVE( '', #3685, #3683, #3686, .T. );
#3035 = EDGE_CURVE( '', #3685, #3687, #3688, .T. );
#3036 = EDGE_CURVE( '', #3689, #3687, #3690, .T. );
#3037 = EDGE_CURVE( '', #3528, #3689, #3691, .T. );
#3038 = FILL_AREA_STYLE( '', ( #3692 ) );
#3039 = EDGE_CURVE( '', #3693, #3694, #3695, .T. );
#3040 = EDGE_CURVE( '', #3696, #3693, #3697, .T. );
#3041 = EDGE_CURVE( '', #3696, #3698, #3699, .T. );
#3042 = EDGE_CURVE( '', #3694, #3698, #3700, .T. );
#3043 = FILL_AREA_STYLE( '', ( #3701 ) );
#3044 = EDGE_CURVE( '', #3702, #3588, #3703, .T. );
#3045 = EDGE_CURVE( '', #3704, #3702, #3705, .T. );
#3046 = EDGE_CURVE( '', #3704, #3706, #3707, .T. );
#3047 = EDGE_CURVE( '', #3708, #3706, #3709, .T. );
#3048 = EDGE_CURVE( '', #3708, #3710, #3711, .T. );
#3049 = EDGE_CURVE( '', #3712, #3710, #3713, .T. );
#3050 = EDGE_CURVE( '', #3712, #3714, #3715, .T. );
#3051 = EDGE_CURVE( '', #3716, #3714, #3717, .T. );
#3052 = EDGE_CURVE( '', #3718, #3716, #3719, .T. );
#3053 = EDGE_CURVE( '', #3718, #3720, #3721, .T. );
#3054 = EDGE_CURVE( '', #3722, #3720, #3723, .T. );
#3055 = EDGE_CURVE( '', #3724, #3722, #3725, .T. );
#3056 = EDGE_CURVE( '', #3726, #3724, #3727, .T. );
#3057 = EDGE_CURVE( '', #3728, #3726, #3729, .T. );
#3058 = EDGE_CURVE( '', #3728, #3730, #3731, .T. );
#3059 = EDGE_CURVE( '', #3732, #3730, #3733, .T. );
#3060 = EDGE_CURVE( '', #3587, #3732, #3734, .T. );
#3061 = FILL_AREA_STYLE( '', ( #3735 ) );
#3062 = EDGE_CURVE( '', #3736, #3704, #3737, .T. );
#3063 = EDGE_CURVE( '', #3738, #3736, #3739, .T. );
#3064 = EDGE_CURVE( '', #3706, #3738, #3740, .T. );
#3065 = FILL_AREA_STYLE( '', ( #3741 ) );
#3066 = EDGE_CURVE( '', #3742, #3743, #3744, .T. );
#3067 = EDGE_CURVE( '', #3742, #3745, #3746, .T. );
#3068 = EDGE_CURVE( '', #3747, #3745, #3748, .T. );
#3069 = EDGE_CURVE( '', #3749, #3747, #3750, .T. );
#3070 = EDGE_CURVE( '', #3749, #3751, #3752, .T. );
#3071 = EDGE_CURVE( '', #3751, #3743, #3753, .T. );
#3072 = FILL_AREA_STYLE( '', ( #3754 ) );
#3073 = EDGE_CURVE( '', #3755, #3756, #3757, .T. );
#3074 = EDGE_CURVE( '', #3755, #3758, #3759, .T. );
#3075 = EDGE_CURVE( '', #3758, #3760, #3761, .T. );
#3076 = EDGE_CURVE( '', #3762, #3760, #3763, .T. );
#3077 = EDGE_CURVE( '', #3762, #3764, #3765, .T. );
#3078 = EDGE_CURVE( '', #3764, #3766, #3767, .T. );
#3079 = EDGE_CURVE( '', #3766, #3768, #3769, .T. );
#3080 = EDGE_CURVE( '', #3756, #3768, #3770, .T. );
#3081 = FILL_AREA_STYLE( '', ( #3771 ) );
#3082 = EDGE_CURVE( '', #3772, #3773, #3774, .T. );
#3083 = EDGE_CURVE( '', #3773, #3775, #3776, .T. );
#3084 = EDGE_CURVE( '', #3775, #3777, #3778, .T. );
#3085 = EDGE_CURVE( '', #3779, #3777, #3780, .T. );
#3086 = EDGE_CURVE( '', #3779, #3781, #3782, .T. );
#3087 = EDGE_CURVE( '', #3783, #3781, #3784, .T. );
#3088 = EDGE_CURVE( '', #3783, #3785, #3786, .T. );
#3089 = EDGE_CURVE( '', #3785, #3787, #3788, .T. );
#3090 = EDGE_CURVE( '', #3787, #3789, #3790, .T. );
#3091 = EDGE_CURVE( '', #3696, #3789, #3791, .T. );
#3092 = EDGE_CURVE( '', #3693, #3792, #3793, .T. );
#3093 = EDGE_CURVE( '', #3792, #3794, #3795, .T. );
#3094 = EDGE_CURVE( '', #3641, #3794, #3796, .T. );
#3095 = EDGE_CURVE( '', #3797, #3639, #3798, .T. );
#3096 = EDGE_CURVE( '', #3797, #3799, #3800, .T. );
#3097 = EDGE_CURVE( '', #3772, #3799, #3801, .T. );
#3098 = FILL_AREA_STYLE( '', ( #3802 ) );
#3099 = EDGE_CURVE( '', #3803, #3804, #3805, .T. );
#3100 = EDGE_CURVE( '', #3806, #3803, #3807, .T. );
#3101 = EDGE_CURVE( '', #3806, #3808, #3809, .T. );
#3102 = EDGE_CURVE( '', #3808, #3804, #3810, .T. );
#3103 = FILL_AREA_STYLE( '', ( #3811 ) );
#3104 = EDGE_CURVE( '', #3627, #3812, #3813, .T. );
#3105 = EDGE_CURVE( '', #3814, #3812, #3815, .T. );
#3106 = EDGE_CURVE( '', #3629, #3814, #3816, .T. );
#3107 = FILL_AREA_STYLE( '', ( #3817 ) );
#3108 = EDGE_CURVE( '', #3708, #3818, #3819, .T. );
#3109 = EDGE_CURVE( '', #3818, #3820, #3821, .T. );
#3110 = EDGE_CURVE( '', #3710, #3820, #3822, .T. );
#3111 = FILL_AREA_STYLE( '', ( #3823 ) );
#3112 = EDGE_CURVE( '', #3824, #3787, #3825, .T. );
#3113 = EDGE_CURVE( '', #3824, #3826, #3827, .T. );
#3114 = EDGE_CURVE( '', #3826, #3789, #3828, .T. );
#3115 = FILL_AREA_STYLE( '', ( #3829 ) );
#3116 = EDGE_CURVE( '', #3830, #3831, #3832, .T. );
#3117 = EDGE_CURVE( '', #3830, #3833, #3834, .T. );
#3118 = EDGE_CURVE( '', #3833, #3835, #3836, .T. );
#3119 = EDGE_CURVE( '', #3835, #3837, #3838, .T. );
#3120 = EDGE_CURVE( '', #3839, #3837, #3840, .T. );
#3121 = EDGE_CURVE( '', #3831, #3839, #3841, .T. );
#3122 = FILL_AREA_STYLE( '', ( #3842 ) );
#3123 = EDGE_CURVE( '', #3843, #3844, #3845, .T. );
#3124 = EDGE_CURVE( '', #3843, #3658, #3846, .T. );
#3125 = EDGE_CURVE( '', #3659, #3844, #3847, .T. );
#3126 = FILL_AREA_STYLE( '', ( #3848 ) );
#3127 = EDGE_CURVE( '', #3849, #3850, #3851, .T. );
#3128 = EDGE_CURVE( '', #3852, #3850, #3853, .T. );
#3129 = EDGE_CURVE( '', #3854, #3852, #3855, .T. );
#3130 = EDGE_CURVE( '', #3854, #3856, #3857, .T. );
#3131 = EDGE_CURVE( '', #3856, #3849, #3858, .T. );
#3132 = FILL_AREA_STYLE( '', ( #3859 ) );
#3133 = EDGE_CURVE( '', #3860, #3861, #3862, .T. );
#3134 = EDGE_CURVE( '', #3863, #3860, #3864, .T. );
#3135 = EDGE_CURVE( '', #3865, #3863, #3866, .T. );
#3136 = EDGE_CURVE( '', #3867, #3865, #3868, .T. );
#3137 = EDGE_CURVE( '', #3867, #3861, #3869, .T. );
#3138 = FILL_AREA_STYLE( '', ( #3870 ) );
#3139 = EDGE_CURVE( '', #3871, #3747, #3872, .T. );
#3140 = EDGE_CURVE( '', #3745, #3873, #3874, .T. );
#3141 = EDGE_CURVE( '', #3875, #3873, #3876, .T. );
#3142 = EDGE_CURVE( '', #3877, #3875, #3878, .T. );
#3143 = EDGE_CURVE( '', #3871, #3877, #3879, .T. );
#3144 = FILL_AREA_STYLE( '', ( #3880 ) );
#3145 = EDGE_CURVE( '', #3881, #3882, #3883, .T. );
#3146 = EDGE_CURVE( '', #3882, #3884, #3885, .T. );
#3147 = EDGE_CURVE( '', #3884, #3886, #3887, .T. );
#3148 = EDGE_CURVE( '', #3881, #3886, #3888, .T. );
#3149 = FILL_AREA_STYLE( '', ( #3889 ) );
#3150 = EDGE_CURVE( '', #3781, #3890, #3891, .T. );
#3151 = EDGE_CURVE( '', #3892, #3890, #3893, .T. );
#3152 = EDGE_CURVE( '', #3783, #3892, #3894, .T. );
#3153 = FILL_AREA_STYLE( '', ( #3895 ) );
#3154 = EDGE_CURVE( '', #3896, #3849, #3897, .T. );
#3155 = EDGE_CURVE( '', #3856, #3898, #3899, .T. );
#3156 = EDGE_CURVE( '', #3896, #3898, #3900, .T. );
#3157 = FILL_AREA_STYLE( '', ( #3901 ) );
#3158 = EDGE_CURVE( '', #3902, #3871, #3903, .T. );
#3159 = EDGE_CURVE( '', #3904, #3877, #3905, .T. );
#3160 = EDGE_CURVE( '', #3904, #3906, #3907, .T. );
#3161 = EDGE_CURVE( '', #3906, #3902, #3908, .T. );
#3162 = FILL_AREA_STYLE( '', ( #3909 ) );
#3163 = EDGE_CURVE( '', #3812, #3910, #3911, .T. );
#3164 = EDGE_CURVE( '', #3912, #3910, #3913, .T. );
#3165 = EDGE_CURVE( '', #3914, #3912, #3915, .T. );
#3166 = EDGE_CURVE( '', #3914, #3916, #3917, .T. );
#3167 = EDGE_CURVE( '', #3814, #3916, #3918, .T. );
#3168 = FILL_AREA_STYLE( '', ( #3919 ) );
#3169 = EDGE_CURVE( '', #3920, #3921, #3922, .T. );
#3170 = EDGE_CURVE( '', #3921, #3923, #3924, .T. );
#3171 = EDGE_CURVE( '', #3923, #3925, #3926, .T. );
#3172 = EDGE_CURVE( '', #3925, #3920, #3927, .T. );
#3173 = FILL_AREA_STYLE( '', ( #3928 ) );
#3174 = EDGE_CURVE( '', #3650, #3518, #3929, .T. );
#3175 = EDGE_CURVE( '', #3520, #3648, #3930, .T. );
#3176 = FILL_AREA_STYLE( '', ( #3931 ) );
#3177 = EDGE_CURVE( '', #3814, #3867, #3932, .T. );
#3178 = EDGE_CURVE( '', #3916, #3933, #3934, .T. );
#3179 = EDGE_CURVE( '', #3933, #3935, #3936, .T. );
#3180 = EDGE_CURVE( '', #3861, #3935, #3937, .T. );
#3181 = FILL_AREA_STYLE( '', ( #3938 ) );
#3182 = EDGE_CURVE( '', #3939, #3940, #3941, .T. );
#3183 = EDGE_CURVE( '', #3939, #3942, #3943, .T. );
#3184 = EDGE_CURVE( '', #3944, #3942, #3945, .T. );
#3185 = EDGE_CURVE( '', #3944, #3940, #3946, .T. );
#3186 = FILL_AREA_STYLE( '', ( #3947 ) );
#3187 = EDGE_CURVE( '', #3948, #3831, #3949, .T. );
#3188 = EDGE_CURVE( '', #3839, #3950, #3951, .T. );
#3189 = EDGE_CURVE( '', #3950, #3952, #3953, .T. );
#3190 = EDGE_CURVE( '', #3954, #3952, #3955, .T. );
#3191 = EDGE_CURVE( '', #3954, #3948, #3956, .T. );
#3192 = FILL_AREA_STYLE( '', ( #3957 ) );
#3193 = EDGE_CURVE( '', #3886, #3675, #3958, .T. );
#3194 = EDGE_CURVE( '', #3677, #3884, #3959, .T. );
#3195 = FILL_AREA_STYLE( '', ( #3960 ) );
#3196 = EDGE_CURVE( '', #3779, #3961, #3962, .T. );
#3197 = EDGE_CURVE( '', #3777, #3963, #3964, .T. );
#3198 = EDGE_CURVE( '', #3961, #3963, #3965, .T. );
#3199 = FILL_AREA_STYLE( '', ( #3966 ) );
#3200 = EDGE_CURVE( '', #3694, #3679, #3967, .T. );
#3201 = EDGE_CURVE( '', #3698, #3681, #3968, .T. );
#3202 = FILL_AREA_STYLE( '', ( #3969 ) );
#3203 = EDGE_CURVE( '', #3970, #3939, #3971, .T. );
#3204 = EDGE_CURVE( '', #3972, #3970, #3973, .T. );
#3205 = EDGE_CURVE( '', #3942, #3972, #3974, .T. );
#3206 = FILL_AREA_STYLE( '', ( #3975 ) );
#3207 = EDGE_CURVE( '', #3667, #3976, #3977, .T. );
#3208 = EDGE_CURVE( '', #3978, #3665, #3979, .T. );
#3209 = EDGE_CURVE( '', #3978, #3976, #3980, .T. );
#3210 = FILL_AREA_STYLE( '', ( #3981 ) );
#3211 = EDGE_CURVE( '', #3982, #3637, #3983, .T. );
#3212 = EDGE_CURVE( '', #3797, #3982, #3984, .T. );
#3213 = FILL_AREA_STYLE( '', ( #3985 ) );
#3214 = EDGE_CURVE( '', #3950, #3583, #3986, .T. );
#3215 = EDGE_CURVE( '', #3837, #3987, #3988, .T. );
#3216 = EDGE_CURVE( '', #3987, #3579, #3989, .T. );
#3217 = FILL_AREA_STYLE( '', ( #3990 ) );
#3218 = EDGE_CURVE( '', #3991, #3992, #3993, .T. );
#3219 = EDGE_CURVE( '', #3992, #3994, #3995, .T. );
#3220 = EDGE_CURVE( '', #3994, #3996, #3997, .T. );
#3221 = EDGE_CURVE( '', #3998, #3996, #3999, .T. );
#3222 = EDGE_CURVE( '', #4000, #3998, #4001, .T. );
#3223 = EDGE_CURVE( '', #4000, #4002, #4003, .T. );
#3224 = EDGE_CURVE( '', #4002, #4004, #4005, .T. );
#3225 = EDGE_CURVE( '', #3991, #4004, #4006, .T. );
#3226 = FILL_AREA_STYLE( '', ( #4007 ) );
#3227 = EDGE_CURVE( '', #4008, #3724, #4009, .T. );
#3228 = EDGE_CURVE( '', #4010, #3722, #4011, .T. );
#3229 = EDGE_CURVE( '', #4008, #4010, #4012, .T. );
#3230 = FILL_AREA_STYLE( '', ( #4013 ) );
#3231 = EDGE_CURVE( '', #4014, #4015, #4016, .T. );
#3232 = EDGE_CURVE( '', #4017, #4014, #4018, .T. );
#3233 = EDGE_CURVE( '', #4019, #4017, #4020, .T. );
#3234 = EDGE_CURVE( '', #4019, #4015, #4021, .T. );
#3235 = FILL_AREA_STYLE( '', ( #4022 ) );
#3236 = EDGE_CURVE( '', #3852, #4023, #4024, .T. );
#3237 = EDGE_CURVE( '', #4025, #4023, #4026, .T. );
#3238 = EDGE_CURVE( '', #3854, #4025, #4027, .T. );
#3239 = FILL_AREA_STYLE( '', ( #4028 ) );
#3240 = EDGE_CURVE( '', #4029, #4030, #4031, .T. );
#3241 = EDGE_CURVE( '', #4029, #4032, #4033, .T. );
#3242 = EDGE_CURVE( '', #4032, #4034, #4035, .T. );
#3243 = EDGE_CURVE( '', #4030, #4034, #4036, .T. );
#3244 = FILL_AREA_STYLE( '', ( #4037 ) );
#3245 = EDGE_CURVE( '', #3890, #3961, #4038, .T. );
#3246 = FILL_AREA_STYLE( '', ( #4039 ) );
#3247 = EDGE_CURVE( '', #3831, #4040, #4041, .T. );
#3248 = EDGE_CURVE( '', #4040, #4042, #4043, .T. );
#3249 = EDGE_CURVE( '', #4042, #4044, #4045, .T. );
#3250 = EDGE_CURVE( '', #3830, #4044, #4046, .T. );
#3251 = FILL_AREA_STYLE( '', ( #4047 ) );
#3252 = EDGE_CURVE( '', #4048, #3875, #4049, .T. );
#3253 = EDGE_CURVE( '', #3873, #4050, #4051, .T. );
#3254 = EDGE_CURVE( '', #4048, #4050, #4052, .T. );
#3255 = FILL_AREA_STYLE( '', ( #4053 ) );
#3256 = EDGE_CURVE( '', #4054, #3925, #4055, .T. );
#3257 = EDGE_CURVE( '', #3712, #3923, #4056, .T. );
#3258 = EDGE_CURVE( '', #3820, #4054, #4057, .T. );
#3259 = FILL_AREA_STYLE( '', ( #4058 ) );
#3260 = EDGE_CURVE( '', #3844, #4059, #4060, .T. );
#3261 = EDGE_CURVE( '', #4061, #4059, #4062, .T. );
#3262 = EDGE_CURVE( '', #4061, #3976, #4063, .T. );
#3263 = EDGE_CURVE( '', #4064, #3978, #4065, .T. );
#3264 = EDGE_CURVE( '', #4066, #4064, #4067, .T. );
#3265 = EDGE_CURVE( '', #3843, #4066, #4068, .T. );
#3266 = FILL_AREA_STYLE( '', ( #4069 ) );
#3267 = EDGE_CURVE( '', #3760, #3766, #4070, .T. );
#3268 = EDGE_CURVE( '', #3762, #3764, #4071, .T. );
#3269 = FILL_AREA_STYLE( '', ( #4072 ) );
#3270 = EDGE_CURVE( '', #4073, #4074, #4075, .T. );
#3271 = EDGE_CURVE( '', #4074, #3773, #4076, .T. );
#3272 = EDGE_CURVE( '', #4077, #3772, #4078, .T. );
#3273 = EDGE_CURVE( '', #4077, #3550, #4079, .T. );
#3274 = EDGE_CURVE( '', #3548, #4080, #4081, .T. );
#3275 = EDGE_CURVE( '', #4073, #4080, #4082, .T. );
#3276 = FILL_AREA_STYLE( '', ( #4083 ) );
#3277 = EDGE_CURVE( '', #3597, #3920, #4084, .T. );
#3278 = EDGE_CURVE( '', #4085, #3596, #4086, .T. );
#3279 = EDGE_CURVE( '', #4087, #4085, #4088, .T. );
#3280 = EDGE_CURVE( '', #4087, #3728, #4089, .T. );
#3281 = EDGE_CURVE( '', #4090, #3726, #4091, .T. );
#3282 = EDGE_CURVE( '', #4092, #4090, #4093, .T. );
#3283 = EDGE_CURVE( '', #3716, #4092, #4094, .T. );
#3284 = EDGE_CURVE( '', #3921, #3714, #4095, .T. );
#3285 = FILL_AREA_STYLE( '', ( #4096 ) );
#3286 = EDGE_CURVE( '', #4097, #3636, #4098, .T. );
#3287 = EDGE_CURVE( '', #4099, #3643, #4100, .T. );
#3288 = EDGE_CURVE( '', #4099, #4097, #4101, .T. );
#3289 = FILL_AREA_STYLE( '', ( #4102 ) );
#3290 = EDGE_CURVE( '', #3671, #4059, #4103, .T. );
#3291 = FILL_AREA_STYLE( '', ( #4104 ) );
#3292 = EDGE_CURVE( '', #3561, #3571, #4105, .T. );
#3293 = EDGE_CURVE( '', #4106, #3559, #4107, .T. );
#3294 = EDGE_CURVE( '', #4108, #4106, #4109, .T. );
#3295 = EDGE_CURVE( '', #3850, #4108, #4110, .T. );
#3296 = EDGE_CURVE( '', #4111, #3896, #4112, .T. );
#3297 = EDGE_CURVE( '', #4113, #4111, #4114, .T. );
#3298 = EDGE_CURVE( '', #3863, #4113, #4115, .T. );
#3299 = EDGE_CURVE( '', #4116, #3860, #4117, .T. );
#3300 = EDGE_CURVE( '', #4118, #4116, #4119, .T. );
#3301 = EDGE_CURVE( '', #3619, #4118, #4120, .T. );
#3302 = EDGE_CURVE( '', #3910, #3617, #4121, .T. );
#3303 = EDGE_CURVE( '', #3610, #3626, #4122, .T. );
#3304 = EDGE_CURVE( '', #3608, #4123, #4124, .T. );
#3305 = EDGE_CURVE( '', #4123, #4125, #4126, .T. );
#3306 = EDGE_CURVE( '', #3572, #4125, #4127, .T. );
#3307 = FILL_AREA_STYLE( '', ( #4128 ) );
#3308 = EDGE_CURVE( '', #4129, #4130, #4131, .T. );
#3309 = EDGE_CURVE( '', #3833, #4129, #4132, .T. );
#3310 = EDGE_CURVE( '', #4130, #4044, #4133, .T. );
#3311 = FILL_AREA_STYLE( '', ( #4134 ) );
#3312 = EDGE_CURVE( '', #4008, #4090, #4135, .T. );
#3313 = EDGE_CURVE( '', #4136, #4010, #4137, .T. );
#3314 = EDGE_CURVE( '', #4138, #4136, #4139, .T. );
#3315 = EDGE_CURVE( '', #4092, #4138, #4140, .T. );
#3316 = FILL_AREA_STYLE( '', ( #4141 ) );
#3317 = FILL_AREA_STYLE( '', ( #4142 ) );
#3318 = EDGE_CURVE( '', #4143, #4144, #4145, .T. );
#3319 = EDGE_CURVE( '', #4108, #4144, #4146, .T. );
#3320 = EDGE_CURVE( '', #4143, #4106, #4147, .T. );
#3321 = FILL_AREA_STYLE( '', ( #4148 ) );
#3322 = EDGE_CURVE( '', #4149, #3545, #4150, .T. );
#3323 = EDGE_CURVE( '', #4151, #4149, #4152, .T. );
#3324 = EDGE_CURVE( '', #4151, #3546, #4153, .T. );
#3325 = FILL_AREA_STYLE( '', ( #4154 ) );
#3326 = EDGE_CURVE( '', #4155, #4156, #4157, .T. );
#3327 = EDGE_CURVE( '', #4158, #4155, #4159, .T. );
#3328 = EDGE_CURVE( '', #4158, #4160, #4161, .T. );
#3329 = EDGE_CURVE( '', #4156, #4160, #4162, .T. );
#3330 = FILL_AREA_STYLE( '', ( #4163 ) );
#3331 = EDGE_CURVE( '', #3535, #3533, #4164, .T. );
#3332 = FILL_AREA_STYLE( '', ( #4165 ) );
#3333 = EDGE_CURVE( '', #3652, #3517, #4166, .T. );
#3334 = FILL_AREA_STYLE( '', ( #4167 ) );
#3335 = EDGE_CURVE( '', #3912, #3614, #4168, .T. );
#3336 = FILL_AREA_STYLE( '', ( #4169 ) );
#3337 = EDGE_CURVE( '', #3794, #3881, #4170, .T. );
#3338 = EDGE_CURVE( '', #3792, #3882, #4171, .T. );
#3339 = FILL_AREA_STYLE( '', ( #4172 ) );
#3340 = EDGE_CURVE( '', #4061, #3669, #4173, .T. );
#3341 = FILL_AREA_STYLE( '', ( #4174 ) );
#3342 = EDGE_CURVE( '', #3524, #3654, #4175, .T. );
#3343 = FILL_AREA_STYLE( '', ( #4176 ) );
#3344 = EDGE_CURVE( '', #4015, #4177, #4178, .T. );
#3345 = EDGE_CURVE( '', #3749, #4019, #4179, .T. );
#3346 = EDGE_CURVE( '', #3871, #4177, #4180, .T. );
#3347 = FILL_AREA_STYLE( '', ( #4181 ) );
#3348 = EDGE_CURVE( '', #3992, #3991, #4182, .T. );
#3349 = FILL_AREA_STYLE( '', ( #4183 ) );
#3350 = EDGE_CURVE( '', #3601, #4184, #4185, .T. );
#3351 = EDGE_CURVE( '', #4085, #4184, #4186, .T. );
#3352 = FILL_AREA_STYLE( '', ( #4187 ) );
#3353 = EDGE_CURVE( '', #4188, #3892, #4189, .T. );
#3354 = EDGE_CURVE( '', #4188, #3785, #4190, .T. );
#3355 = FILL_AREA_STYLE( '', ( #4191 ) );
#3356 = EDGE_CURVE( '', #4129, #4192, #4193, .T. );
#3357 = EDGE_CURVE( '', #4192, #3835, #4194, .T. );
#3358 = FILL_AREA_STYLE( '', ( #4195 ) );
#3359 = EDGE_CURVE( '', #3808, #3590, #4196, .T. );
#3360 = EDGE_CURVE( '', #3592, #3806, #4197, .T. );
#3361 = FILL_AREA_STYLE( '', ( #4198 ) );
#3362 = EDGE_CURVE( '', #4080, #4151, #4199, .T. );
#3363 = FILL_AREA_STYLE( '', ( #4200 ) );
#3364 = EDGE_CURVE( '', #3552, #3944, #4201, .T. );
#3365 = EDGE_CURVE( '', #3972, #4202, #4203, .T. );
#3366 = EDGE_CURVE( '', #3545, #4202, #4204, .T. );
#3367 = FILL_AREA_STYLE( '', ( #4205 ) );
#3368 = FILL_AREA_STYLE( '', ( #4206 ) );
#3369 = EDGE_CURVE( '', #4207, #4040, #4208, .T. );
#3370 = EDGE_CURVE( '', #4207, #4209, #4210, .T. );
#3371 = EDGE_CURVE( '', #4042, #4209, #4211, .T. );
#3372 = FILL_AREA_STYLE( '', ( #4212 ) );
#3373 = EDGE_CURVE( '', #3935, #4116, #4213, .T. );
#3374 = EDGE_CURVE( '', #4118, #3933, #4214, .T. );
#3375 = FILL_AREA_STYLE( '', ( #4215 ) );
#3376 = EDGE_CURVE( '', #4216, #4217, #4218, .T. );
#3377 = EDGE_CURVE( '', #3902, #4216, #4219, .T. );
#3378 = EDGE_CURVE( '', #4217, #3906, #4220, .T. );
#3379 = FILL_AREA_STYLE( '', ( #4221 ) );
#3380 = EDGE_CURVE( '', #4017, #3751, #4222, .T. );
#3381 = EDGE_CURVE( '', #4014, #3743, #4223, .T. );
#3382 = FILL_AREA_STYLE( '', ( #4224 ) );
#3383 = EDGE_CURVE( '', #4225, #4155, #4226, .T. );
#3384 = EDGE_CURVE( '', #4156, #4227, #4228, .T. );
#3385 = EDGE_CURVE( '', #4225, #4227, #4229, .T. );
#3386 = FILL_AREA_STYLE( '', ( #4230 ) );
#3387 = EDGE_CURVE( '', #4064, #3663, #4231, .T. );
#3388 = EDGE_CURVE( '', #3661, #4066, #4232, .T. );
#3389 = FILL_AREA_STYLE( '', ( #4233 ) );
#3390 = EDGE_CURVE( '', #3768, #3758, #4234, .T. );
#3391 = FILL_AREA_STYLE( '', ( #4235 ) );
#3392 = EDGE_CURVE( '', #4236, #3736, #4237, .T. );
#3393 = EDGE_CURVE( '', #4236, #4238, #4239, .T. );
#3394 = EDGE_CURVE( '', #4238, #3738, #4240, .T. );
#3395 = FILL_AREA_STYLE( '', ( #4241 ) );
#3396 = EDGE_CURVE( '', #3952, #3581, #4242, .T. );
#3397 = FILL_AREA_STYLE( '', ( #4243 ) );
#3398 = EDGE_CURVE( '', #4188, #4244, #4245, .T. );
#3399 = EDGE_CURVE( '', #3963, #4244, #4246, .T. );
#3400 = FILL_AREA_STYLE( '', ( #4247 ) );
#3401 = EDGE_CURVE( '', #3718, #4138, #4248, .T. );
#3402 = FILL_AREA_STYLE( '', ( #4249 ) );
#3403 = EDGE_CURVE( '', #4144, #3522, #4250, .T. );
#3404 = EDGE_CURVE( '', #3647, #4251, #4252, .T. );
#3405 = EDGE_CURVE( '', #4251, #4113, #4253, .T. );
#3406 = EDGE_CURVE( '', #4111, #4023, #4254, .T. );
#3407 = FILL_AREA_STYLE( '', ( #4255 ) );
#3408 = FILL_AREA_STYLE( '', ( #4256 ) );
#3409 = EDGE_CURVE( '', #3685, #3824, #4257, .T. );
#3410 = EDGE_CURVE( '', #3775, #4244, #4258, .T. );
#3411 = EDGE_CURVE( '', #4074, #4030, #4259, .T. );
#3412 = EDGE_CURVE( '', #4034, #3687, #4260, .T. );
#3413 = FILL_AREA_STYLE( '', ( #4261 ) );
#3414 = EDGE_CURVE( '', #4077, #3940, #4262, .T. );
#3415 = FILL_AREA_STYLE( '', ( #4263 ) );
#3416 = EDGE_CURVE( '', #4264, #4160, #4265, .T. );
#3417 = EDGE_CURVE( '', #4227, #4264, #4266, .T. );
#3418 = FILL_AREA_STYLE( '', ( #4267 ) );
#3419 = EDGE_CURVE( '', #3826, #3683, #4268, .T. );
#3420 = FILL_AREA_STYLE( '', ( #4269 ) );
#3421 = FILL_AREA_STYLE( '', ( #4270 ) );
#3422 = EDGE_CURVE( '', #4202, #4264, #4271, .T. );
#3423 = EDGE_CURVE( '', #4225, #3970, #4272, .T. );
#3424 = FILL_AREA_STYLE( '', ( #4273 ) );
#3425 = EDGE_CURVE( '', #4251, #4130, #4274, .T. );
#3426 = EDGE_CURVE( '', #4209, #3606, #4275, .T. );
#3427 = EDGE_CURVE( '', #3865, #3631, #4276, .T. );
#3428 = FILL_AREA_STYLE( '', ( #4277 ) );
#3429 = FILL_AREA_STYLE( '', ( #4278 ) );
#3430 = EDGE_CURVE( '', #4177, #4216, #4279, .T. );
#3431 = FILL_AREA_STYLE( '', ( #4280 ) );
#3432 = EDGE_CURVE( '', #4184, #4281, #4282, .T. );
#3433 = EDGE_CURVE( '', #4087, #4281, #4283, .T. );
#3434 = FILL_AREA_STYLE( '', ( #4284 ) );
#3435 = EDGE_CURVE( '', #3720, #4136, #4285, .T. );
#3436 = FILL_AREA_STYLE( '', ( #4286 ) );
#3437 = EDGE_CURVE( '', #3702, #3803, #4287, .T. );
#3438 = FILL_AREA_STYLE( '', ( #4288 ) );
#3439 = EDGE_CURVE( '', #4192, #3987, #4289, .T. );
#3440 = FILL_AREA_STYLE( '', ( #4290 ) );
#3441 = EDGE_CURVE( '', #4032, #3689, #4291, .T. );
#3442 = FILL_AREA_STYLE( '', ( #4292 ) );
#3443 = EDGE_CURVE( '', #3898, #4025, #4293, .T. );
#3444 = FILL_AREA_STYLE( '', ( #4294 ) );
#3445 = EDGE_CURVE( '', #4295, #3605, #4296, .T. );
#3446 = EDGE_CURVE( '', #4295, #4123, #4297, .T. );
#3447 = FILL_AREA_STYLE( '', ( #4298 ) );
#3448 = EDGE_CURVE( '', #4048, #4299, #4300, .T. );
#3449 = EDGE_CURVE( '', #3904, #4299, #4301, .T. );
#3450 = FILL_AREA_STYLE( '', ( #4302 ) );
#3451 = EDGE_CURVE( '', #4125, #4303, #4304, .T. );
#3452 = EDGE_CURVE( '', #4303, #4000, #4305, .T. );
#3453 = EDGE_CURVE( '', #3998, #3556, #4306, .T. );
#3454 = FILL_AREA_STYLE( '', ( #4307 ) );
#3455 = EDGE_CURVE( '', #3557, #4143, #4308, .T. );
#3456 = FILL_AREA_STYLE( '', ( #4309 ) );
#3457 = EDGE_CURVE( '', #3914, #3615, #4310, .T. );
#3458 = FILL_AREA_STYLE( '', ( #4311 ) );
#3459 = EDGE_CURVE( '', #4312, #4236, #4313, .T. );
#3460 = EDGE_CURVE( '', #4314, #4312, #4315, .T. );
#3461 = EDGE_CURVE( '', #4314, #4238, #4316, .T. );
#3462 = FILL_AREA_STYLE( '', ( #4317 ) );
#3463 = EDGE_CURVE( '', #4073, #4029, #4318, .T. );
#3464 = EDGE_CURVE( '', #4149, #4158, #4319, .T. );
#3465 = EDGE_CURVE( '', #3799, #4099, #4320, .T. );
#3466 = FILL_AREA_STYLE( '', ( #4321 ) );
#3467 = FILL_AREA_STYLE( '', ( #4322 ) );
#3468 = FILL_AREA_STYLE( '', ( #4323 ) );
#3469 = EDGE_CURVE( '', #4002, #3996, #4324, .T. );
#3470 = EDGE_CURVE( '', #4303, #4295, #4325, .T. );
#3471 = EDGE_CURVE( '', #3948, #4207, #4326, .T. );
#3472 = EDGE_CURVE( '', #3578, #3954, #4327, .T. );
#3473 = FILL_AREA_STYLE( '', ( #4328 ) );
#3474 = EDGE_CURVE( '', #4004, #3994, #4329, .T. );
#3475 = FILL_AREA_STYLE( '', ( #4330 ) );
#3476 = FILL_AREA_STYLE( '', ( #4331 ) );
#3477 = EDGE_CURVE( '', #3982, #4097, #4332, .T. );
#3478 = FILL_AREA_STYLE( '', ( #4333 ) );
#3479 = FILL_AREA_STYLE( '', ( #4334 ) );
#3480 = EDGE_CURVE( '', #4335, #4314, #4336, .T. );
#3481 = EDGE_CURVE( '', #3755, #4312, #4337, .T. );
#3482 = EDGE_CURVE( '', #3599, #3756, #4338, .T. );
#3483 = EDGE_CURVE( '', #4335, #4054, #4339, .T. );
#3484 = FILL_AREA_STYLE( '', ( #4340 ) );
#3485 = EDGE_CURVE( '', #3730, #4299, #4341, .T. );
#3486 = EDGE_CURVE( '', #4217, #4281, #4342, .T. );
#3487 = FILL_AREA_STYLE( '', ( #4343 ) );
#3488 = FILL_AREA_STYLE( '', ( #4344 ) );
#3489 = FILL_AREA_STYLE( '', ( #4345 ) );
#3490 = EDGE_CURVE( '', #3804, #3732, #4346, .T. );
#3491 = FILL_AREA_STYLE( '', ( #4347 ) );
#3492 = FILL_AREA_STYLE( '', ( #4348 ) );
#3493 = EDGE_CURVE( '', #3818, #4335, #4349, .T. );
#3494 = FILL_AREA_STYLE( '', ( #4350 ) );
#3495 = FILL_AREA_STYLE( '', ( #4351 ) );
#3496 = FILL_AREA_STYLE( '', ( #4352 ) );
#3497 = FILL_AREA_STYLE( '', ( #4353 ) );
#3498 = FILL_AREA_STYLE( '', ( #4354 ) );
#3499 = FILL_AREA_STYLE( '', ( #4355 ) );
#3500 = EDGE_CURVE( '', #4050, #3742, #4356, .T. );
#3501 = FILL_AREA_STYLE( '', ( #4357 ) );
#3502 = FILL_AREA_STYLE( '', ( #4358 ) );
#3503 = FILL_AREA_STYLE( '', ( #4359 ) );
#3504 = FILL_AREA_STYLE( '', ( #4360 ) );
#3505 = FILL_AREA_STYLE( '', ( #4361 ) );
#3506 = FILL_AREA_STYLE( '', ( #4362 ) );
#3507 = FILL_AREA_STYLE_COLOUR( '', #4363 );
#3508 = VERTEX_POINT( '', #4364 );
#3509 = VERTEX_POINT( '', #4365 );
#3510 = LINE( '', #4366, #4367 );
#3511 = VERTEX_POINT( '', #4368 );
#3512 = CIRCLE( '', #4369, 2.00000000000000 );
#3513 = VERTEX_POINT( '', #4370 );
#3514 = LINE( '', #4371, #4372 );
#3515 = CIRCLE( '', #4373, 2.00000000000000 );
#3516 = FILL_AREA_STYLE_COLOUR( '', #4374 );
#3517 = VERTEX_POINT( '', #4375 );
#3518 = VERTEX_POINT( '', #4376 );
#3519 = LINE( '', #4377, #4378 );
#3520 = VERTEX_POINT( '', #4379 );
#3521 = LINE( '', #4380, #4381 );
#3522 = VERTEX_POINT( '', #4382 );
#3523 = LINE( '', #4383, #4384 );
#3524 = VERTEX_POINT( '', #4385 );
#3525 = LINE( '', #4386, #4387 );
#3526 = LINE( '', #4388, #4389 );
#3527 = FILL_AREA_STYLE_COLOUR( '', #4390 );
#3528 = VERTEX_POINT( '', #4391 );
#3529 = VERTEX_POINT( '', #4392 );
#3530 = LINE( '', #4393, #4394 );
#3531 = VERTEX_POINT( '', #4395 );
#3532 = CIRCLE( '', #4396, 2.00000000000000 );
#3533 = VERTEX_POINT( '', #4397 );
#3534 = LINE( '', #4398, #4399 );
#3535 = VERTEX_POINT( '', #4400 );
#3536 = CIRCLE( '', #4401, 2.00000000000000 );
#3537 = VERTEX_POINT( '', #4402 );
#3538 = LINE( '', #4403, #4404 );
#3539 = VERTEX_POINT( '', #4405 );
#3540 = CIRCLE( '', #4406, 2.00000000000000 );
#3541 = VERTEX_POINT( '', #4407 );
#3542 = LINE( '', #4408, #4409 );
#3543 = CIRCLE( '', #4410, 2.00000000000000 );
#3544 = FILL_AREA_STYLE_COLOUR( '', #4411 );
#3545 = VERTEX_POINT( '', #4412 );
#3546 = VERTEX_POINT( '', #4413 );
#3547 = LINE( '', #4414, #4415 );
#3548 = VERTEX_POINT( '', #4416 );
#3549 = LINE( '', #4417, #4418 );
#3550 = VERTEX_POINT( '', #4419 );
#3551 = LINE( '', #4420, #4421 );
#3552 = VERTEX_POINT( '', #4422 );
#3553 = LINE( '', #4423, #4424 );
#3554 = LINE( '', #4425, #4426 );
#3555 = FILL_AREA_STYLE_COLOUR( '', #4427 );
#3556 = VERTEX_POINT( '', #4428 );
#3557 = VERTEX_POINT( '', #4429 );
#3558 = LINE( '', #4430, #4431 );
#3559 = VERTEX_POINT( '', #4432 );
#3560 = LINE( '', #4433, #4434 );
#3561 = VERTEX_POINT( '', #4435 );
#3562 = LINE( '', #4436, #4437 );
#3563 = LINE( '', #4438, #4439 );
#3564 = FILL_AREA_STYLE_COLOUR( '', #4440 );
#3565 = VERTEX_POINT( '', #4441 );
#3566 = LINE( '', #4442, #4443 );
#3567 = VERTEX_POINT( '', #4444 );
#3568 = LINE( '', #4445, #4446 );
#3569 = LINE( '', #4447, #4448 );
#3570 = FILL_AREA_STYLE_COLOUR( '', #4449 );
#3571 = VERTEX_POINT( '', #4450 );
#3572 = VERTEX_POINT( '', #4451 );
#3573 = CIRCLE( '', #4452, 2.00000000000000 );
#3574 = LINE( '', #4453, #4454 );
#3575 = CIRCLE( '', #4455, 2.00000000000000 );
#3576 = LINE( '', #4456, #4457 );
#3577 = FILL_AREA_STYLE_COLOUR( '', #4458 );
#3578 = VERTEX_POINT( '', #4459 );
#3579 = VERTEX_POINT( '', #4460 );
#3580 = LINE( '', #4461, #4462 );
#3581 = VERTEX_POINT( '', #4463 );
#3582 = LINE( '', #4464, #4465 );
#3583 = VERTEX_POINT( '', #4466 );
#3584 = LINE( '', #4467, #4468 );
#3585 = LINE( '', #4469, #4470 );
#3586 = FILL_AREA_STYLE_COLOUR( '', #4471 );
#3587 = VERTEX_POINT( '', #4472 );
#3588 = VERTEX_POINT( '', #4473 );
#3589 = LINE( '', #4474, #4475 );
#3590 = VERTEX_POINT( '', #4476 );
#3591 = LINE( '', #4477, #4478 );
#3592 = VERTEX_POINT( '', #4479 );
#3593 = LINE( '', #4480, #4481 );
#3594 = LINE( '', #4482, #4483 );
#3595 = FILL_AREA_STYLE_COLOUR( '', #4484 );
#3596 = VERTEX_POINT( '', #4485 );
#3597 = VERTEX_POINT( '', #4486 );
#3598 = LINE( '', #4487, #4488 );
#3599 = VERTEX_POINT( '', #4489 );
#3600 = LINE( '', #4490, #4491 );
#3601 = VERTEX_POINT( '', #4492 );
#3602 = LINE( '', #4493, #4494 );
#3603 = LINE( '', #4495, #4496 );
#3604 = FILL_AREA_STYLE_COLOUR( '', #4497 );
#3605 = VERTEX_POINT( '', #4498 );
#3606 = VERTEX_POINT( '', #4499 );
#3607 = LINE( '', #4500, #4501 );
#3608 = VERTEX_POINT( '', #4502 );
#3609 = LINE( '', #4503, #4504 );
#3610 = VERTEX_POINT( '', #4505 );
#3611 = LINE( '', #4506, #4507 );
#3612 = LINE( '', #4508, #4509 );
#3613 = FILL_AREA_STYLE_COLOUR( '', #4510 );
#3614 = VERTEX_POINT( '', #4511 );
#3615 = VERTEX_POINT( '', #4512 );
#3616 = LINE( '', #4513, #4514 );
#3617 = VERTEX_POINT( '', #4515 );
#3618 = LINE( '', #4516, #4517 );
#3619 = VERTEX_POINT( '', #4518 );
#3620 = LINE( '', #4519, #4520 );
#3621 = LINE( '', #4521, #4522 );
#3622 = FILL_AREA_STYLE_COLOUR( '', #4523 );
#3623 = LINE( '', #4524, #4525 );
#3624 = LINE( '', #4526, #4527 );
#3625 = FILL_AREA_STYLE_COLOUR( '', #4528 );
#3626 = VERTEX_POINT( '', #4529 );
#3627 = VERTEX_POINT( '', #4530 );
#3628 = LINE( '', #4531, #4532 );
#3629 = VERTEX_POINT( '', #4533 );
#3630 = LINE( '', #4534, #4535 );
#3631 = VERTEX_POINT( '', #4536 );
#3632 = LINE( '', #4537, #4538 );
#3633 = LINE( '', #4539, #4540 );
#3634 = FILL_AREA_STYLE_COLOUR( '', #4541 );
#3635 = FILL_AREA_STYLE_COLOUR( '', #4542 );
#3636 = VERTEX_POINT( '', #4543 );
#3637 = VERTEX_POINT( '', #4544 );
#3638 = LINE( '', #4545, #4546 );
#3639 = VERTEX_POINT( '', #4547 );
#3640 = LINE( '', #4548, #4549 );
#3641 = VERTEX_POINT( '', #4550 );
#3642 = LINE( '', #4551, #4552 );
#3643 = VERTEX_POINT( '', #4553 );
#3644 = LINE( '', #4554, #4555 );
#3645 = LINE( '', #4556, #4557 );
#3646 = FILL_AREA_STYLE_COLOUR( '', #4558 );
#3647 = VERTEX_POINT( '', #4559 );
#3648 = VERTEX_POINT( '', #4560 );
#3649 = LINE( '', #4561, #4562 );
#3650 = VERTEX_POINT( '', #4563 );
#3651 = LINE( '', #4564, #4565 );
#3652 = VERTEX_POINT( '', #4566 );
#3653 = LINE( '', #4567, #4568 );
#3654 = VERTEX_POINT( '', #4569 );
#3655 = LINE( '', #4570, #4571 );
#3656 = LINE( '', #4572, #4573 );
#3657 = FILL_AREA_STYLE_COLOUR( '', #4574 );
#3658 = VERTEX_POINT( '', #4575 );
#3659 = VERTEX_POINT( '', #4576 );
#3660 = LINE( '', #4577, #4578 );
#3661 = VERTEX_POINT( '', #4579 );
#3662 = LINE( '', #4580, #4581 );
#3663 = VERTEX_POINT( '', #4582 );
#3664 = LINE( '', #4583, #4584 );
#3665 = VERTEX_POINT( '', #4585 );
#3666 = LINE( '', #4586, #4587 );
#3667 = VERTEX_POINT( '', #4588 );
#3668 = LINE( '', #4589, #4590 );
#3669 = VERTEX_POINT( '', #4591 );
#3670 = LINE( '', #4592, #4593 );
#3671 = VERTEX_POINT( '', #4594 );
#3672 = LINE( '', #4595, #4596 );
#3673 = LINE( '', #4597, #4598 );
#3674 = FILL_AREA_STYLE_COLOUR( '', #4599 );
#3675 = VERTEX_POINT( '', #4600 );
#3676 = LINE( '', #4601, #4602 );
#3677 = VERTEX_POINT( '', #4603 );
#3678 = LINE( '', #4604, #4605 );
#3679 = VERTEX_POINT( '', #4606 );
#3680 = LINE( '', #4607, #4608 );
#3681 = VERTEX_POINT( '', #4609 );
#3682 = LINE( '', #4610, #4611 );
#3683 = VERTEX_POINT( '', #4612 );
#3684 = LINE( '', #4613, #4614 );
#3685 = VERTEX_POINT( '', #4615 );
#3686 = LINE( '', #4616, #4617 );
#3687 = VERTEX_POINT( '', #4618 );
#3688 = LINE( '', #4619, #4620 );
#3689 = VERTEX_POINT( '', #4621 );
#3690 = LINE( '', #4622, #4623 );
#3691 = LINE( '', #4624, #4625 );
#3692 = FILL_AREA_STYLE_COLOUR( '', #4626 );
#3693 = VERTEX_POINT( '', #4627 );
#3694 = VERTEX_POINT( '', #4628 );
#3695 = LINE( '', #4629, #4630 );
#3696 = VERTEX_POINT( '', #4631 );
#3697 = LINE( '', #4632, #4633 );
#3698 = VERTEX_POINT( '', #4634 );
#3699 = LINE( '', #4635, #4636 );
#3700 = LINE( '', #4637, #4638 );
#3701 = FILL_AREA_STYLE_COLOUR( '', #4639 );
#3702 = VERTEX_POINT( '', #4640 );
#3703 = LINE( '', #4641, #4642 );
#3704 = VERTEX_POINT( '', #4643 );
#3705 = LINE( '', #4644, #4645 );
#3706 = VERTEX_POINT( '', #4646 );
#3707 = LINE( '', #4647, #4648 );
#3708 = VERTEX_POINT( '', #4649 );
#3709 = LINE( '', #4650, #4651 );
#3710 = VERTEX_POINT( '', #4652 );
#3711 = LINE( '', #4653, #4654 );
#3712 = VERTEX_POINT( '', #4655 );
#3713 = LINE( '', #4656, #4657 );
#3714 = VERTEX_POINT( '', #4658 );
#3715 = LINE( '', #4659, #4660 );
#3716 = VERTEX_POINT( '', #4661 );
#3717 = LINE( '', #4662, #4663 );
#3718 = VERTEX_POINT( '', #4664 );
#3719 = LINE( '', #4665, #4666 );
#3720 = VERTEX_POINT( '', #4667 );
#3721 = CIRCLE( '', #4668, 0.100000000000000 );
#3722 = VERTEX_POINT( '', #4669 );
#3723 = LINE( '', #4670, #4671 );
#3724 = VERTEX_POINT( '', #4672 );
#3725 = CIRCLE( '', #4673, 0.100000000000000 );
#3726 = VERTEX_POINT( '', #4674 );
#3727 = LINE( '', #4675, #4676 );
#3728 = VERTEX_POINT( '', #4677 );
#3729 = LINE( '', #4678, #4679 );
#3730 = VERTEX_POINT( '', #4680 );
#3731 = LINE( '', #4681, #4682 );
#3732 = VERTEX_POINT( '', #4683 );
#3733 = LINE( '', #4684, #4685 );
#3734 = LINE( '', #4686, #4687 );
#3735 = FILL_AREA_STYLE_COLOUR( '', #4688 );
#3736 = VERTEX_POINT( '', #4689 );
#3737 = LINE( '', #4690, #4691 );
#3738 = VERTEX_POINT( '', #4692 );
#3739 = LINE( '', #4693, #4694 );
#3740 = LINE( '', #4695, #4696 );
#3741 = FILL_AREA_STYLE_COLOUR( '', #4697 );
#3742 = VERTEX_POINT( '', #4698 );
#3743 = VERTEX_POINT( '', #4699 );
#3744 = LINE( '', #4700, #4701 );
#3745 = VERTEX_POINT( '', #4702 );
#3746 = LINE( '', #4703, #4704 );
#3747 = VERTEX_POINT( '', #4705 );
#3748 = LINE( '', #4706, #4707 );
#3749 = VERTEX_POINT( '', #4708 );
#3750 = LINE( '', #4709, #4710 );
#3751 = VERTEX_POINT( '', #4711 );
#3752 = LINE( '', #4712, #4713 );
#3753 = LINE( '', #4714, #4715 );
#3754 = FILL_AREA_STYLE_COLOUR( '', #4716 );
#3755 = VERTEX_POINT( '', #4717 );
#3756 = VERTEX_POINT( '', #4718 );
#3757 = CIRCLE( '', #4719, 2.00000000000000 );
#3758 = VERTEX_POINT( '', #4720 );
#3759 = LINE( '', #4721, #4722 );
#3760 = VERTEX_POINT( '', #4723 );
#3761 = CIRCLE( '', #4724, 2.00000000000000 );
#3762 = VERTEX_POINT( '', #4725 );
#3763 = LINE( '', #4726, #4727 );
#3764 = VERTEX_POINT( '', #4728 );
#3765 = CIRCLE( '', #4729, 2.00000000000000 );
#3766 = VERTEX_POINT( '', #4730 );
#3767 = LINE( '', #4731, #4732 );
#3768 = VERTEX_POINT( '', #4733 );
#3769 = CIRCLE( '', #4734, 2.00000000000000 );
#3770 = LINE( '', #4735, #4736 );
#3771 = FILL_AREA_STYLE_COLOUR( '', #4737 );
#3772 = VERTEX_POINT( '', #4738 );
#3773 = VERTEX_POINT( '', #4739 );
#3774 = LINE( '', #4740, #4741 );
#3775 = VERTEX_POINT( '', #4742 );
#3776 = LINE( '', #4743, #4744 );
#3777 = VERTEX_POINT( '', #4745 );
#3778 = LINE( '', #4746, #4747 );
#3779 = VERTEX_POINT( '', #4748 );
#3780 = CIRCLE( '', #4749, 0.100000000000000 );
#3781 = VERTEX_POINT( '', #4750 );
#3782 = LINE( '', #4751, #4752 );
#3783 = VERTEX_POINT( '', #4753 );
#3784 = CIRCLE( '', #4754, 0.100000000000000 );
#3785 = VERTEX_POINT( '', #4755 );
#3786 = LINE( '', #4756, #4757 );
#3787 = VERTEX_POINT( '', #4758 );
#3788 = LINE( '', #4759, #4760 );
#3789 = VERTEX_POINT( '', #4761 );
#3790 = LINE( '', #4762, #4763 );
#3791 = LINE( '', #4764, #4765 );
#3792 = VERTEX_POINT( '', #4766 );
#3793 = LINE( '', #4767, #4768 );
#3794 = VERTEX_POINT( '', #4769 );
#3795 = LINE( '', #4770, #4771 );
#3796 = LINE( '', #4772, #4773 );
#3797 = VERTEX_POINT( '', #4774 );
#3798 = LINE( '', #4775, #4776 );
#3799 = VERTEX_POINT( '', #4777 );
#3800 = LINE( '', #4778, #4779 );
#3801 = LINE( '', #4780, #4781 );
#3802 = FILL_AREA_STYLE_COLOUR( '', #4782 );
#3803 = VERTEX_POINT( '', #4783 );
#3804 = VERTEX_POINT( '', #4784 );
#3805 = LINE( '', #4785, #4786 );
#3806 = VERTEX_POINT( '', #4787 );
#3807 = LINE( '', #4788, #4789 );
#3808 = VERTEX_POINT( '', #4790 );
#3809 = LINE( '', #4791, #4792 );
#3810 = LINE( '', #4793, #4794 );
#3811 = FILL_AREA_STYLE_COLOUR( '', #4795 );
#3812 = VERTEX_POINT( '', #4796 );
#3813 = LINE( '', #4797, #4798 );
#3814 = VERTEX_POINT( '', #4799 );
#3815 = LINE( '', #4800, #4801 );
#3816 = LINE( '', #4802, #4803 );
#3817 = FILL_AREA_STYLE_COLOUR( '', #4804 );
#3818 = VERTEX_POINT( '', #4805 );
#3819 = LINE( '', #4806, #4807 );
#3820 = VERTEX_POINT( '', #4808 );
#3821 = LINE( '', #4809, #4810 );
#3822 = LINE( '', #4811, #4812 );
#3823 = FILL_AREA_STYLE_COLOUR( '', #4813 );
#3824 = VERTEX_POINT( '', #4814 );
#3825 = LINE( '', #4815, #4816 );
#3826 = VERTEX_POINT( '', #4817 );
#3827 = LINE( '', #4818, #4819 );
#3828 = LINE( '', #4820, #4821 );
#3829 = FILL_AREA_STYLE_COLOUR( '', #4822 );
#3830 = VERTEX_POINT( '', #4823 );
#3831 = VERTEX_POINT( '', #4824 );
#3832 = LINE( '', #4825, #4826 );
#3833 = VERTEX_POINT( '', #4827 );
#3834 = LINE( '', #4828, #4829 );
#3835 = VERTEX_POINT( '', #4830 );
#3836 = LINE( '', #4831, #4832 );
#3837 = VERTEX_POINT( '', #4833 );
#3838 = LINE( '', #4834, #4835 );
#3839 = VERTEX_POINT( '', #4836 );
#3840 = LINE( '', #4837, #4838 );
#3841 = LINE( '', #4839, #4840 );
#3842 = FILL_AREA_STYLE_COLOUR( '', #4841 );
#3843 = VERTEX_POINT( '', #4842 );
#3844 = VERTEX_POINT( '', #4843 );
#3845 = LINE( '', #4844, #4845 );
#3846 = LINE( '', #4846, #4847 );
#3847 = LINE( '', #4848, #4849 );
#3848 = FILL_AREA_STYLE_COLOUR( '', #4850 );
#3849 = VERTEX_POINT( '', #4851 );
#3850 = VERTEX_POINT( '', #4852 );
#3851 = LINE( '', #4853, #4854 );
#3852 = VERTEX_POINT( '', #4855 );
#3853 = LINE( '', #4856, #4857 );
#3854 = VERTEX_POINT( '', #4858 );
#3855 = LINE( '', #4859, #4860 );
#3856 = VERTEX_POINT( '', #4861 );
#3857 = LINE( '', #4862, #4863 );
#3858 = LINE( '', #4864, #4865 );
#3859 = FILL_AREA_STYLE_COLOUR( '', #4866 );
#3860 = VERTEX_POINT( '', #4867 );
#3861 = VERTEX_POINT( '', #4868 );
#3862 = LINE( '', #4869, #4870 );
#3863 = VERTEX_POINT( '', #4871 );
#3864 = LINE( '', #4872, #4873 );
#3865 = VERTEX_POINT( '', #4874 );
#3866 = LINE( '', #4875, #4876 );
#3867 = VERTEX_POINT( '', #4877 );
#3868 = LINE( '', #4878, #4879 );
#3869 = LINE( '', #4880, #4881 );
#3870 = FILL_AREA_STYLE_COLOUR( '', #4882 );
#3871 = VERTEX_POINT( '', #4883 );
#3872 = LINE( '', #4884, #4885 );
#3873 = VERTEX_POINT( '', #4886 );
#3874 = LINE( '', #4887, #4888 );
#3875 = VERTEX_POINT( '', #4889 );
#3876 = LINE( '', #4890, #4891 );
#3877 = VERTEX_POINT( '', #4892 );
#3878 = LINE( '', #4893, #4894 );
#3879 = LINE( '', #4895, #4896 );
#3880 = FILL_AREA_STYLE_COLOUR( '', #4897 );
#3881 = VERTEX_POINT( '', #4898 );
#3882 = VERTEX_POINT( '', #4899 );
#3883 = LINE( '', #4900, #4901 );
#3884 = VERTEX_POINT( '', #4902 );
#3885 = LINE( '', #4903, #4904 );
#3886 = VERTEX_POINT( '', #4905 );
#3887 = LINE( '', #4906, #4907 );
#3888 = LINE( '', #4908, #4909 );
#3889 = FILL_AREA_STYLE_COLOUR( '', #4910 );
#3890 = VERTEX_POINT( '', #4911 );
#3891 = LINE( '', #4912, #4913 );
#3892 = VERTEX_POINT( '', #4914 );
#3893 = CIRCLE( '', #4915, 0.100000000000000 );
#3894 = LINE( '', #4916, #4917 );
#3895 = FILL_AREA_STYLE_COLOUR( '', #4918 );
#3896 = VERTEX_POINT( '', #4919 );
#3897 = LINE( '', #4920, #4921 );
#3898 = VERTEX_POINT( '', #4922 );
#3899 = LINE( '', #4923, #4924 );
#3900 = LINE( '', #4925, #4926 );
#3901 = FILL_AREA_STYLE_COLOUR( '', #4927 );
#3902 = VERTEX_POINT( '', #4928 );
#3903 = LINE( '', #4929, #4930 );
#3904 = VERTEX_POINT( '', #4931 );
#3905 = LINE( '', #4932, #4933 );
#3906 = VERTEX_POINT( '', #4934 );
#3907 = LINE( '', #4935, #4936 );
#3908 = LINE( '', #4937, #4938 );
#3909 = FILL_AREA_STYLE_COLOUR( '', #4939 );
#3910 = VERTEX_POINT( '', #4940 );
#3911 = LINE( '', #4941, #4942 );
#3912 = VERTEX_POINT( '', #4943 );
#3913 = LINE( '', #4944, #4945 );
#3914 = VERTEX_POINT( '', #4946 );
#3915 = LINE( '', #4947, #4948 );
#3916 = VERTEX_POINT( '', #4949 );
#3917 = LINE( '', #4950, #4951 );
#3918 = LINE( '', #4952, #4953 );
#3919 = FILL_AREA_STYLE_COLOUR( '', #4954 );
#3920 = VERTEX_POINT( '', #4955 );
#3921 = VERTEX_POINT( '', #4956 );
#3922 = LINE( '', #4957, #4958 );
#3923 = VERTEX_POINT( '', #4959 );
#3924 = LINE( '', #4960, #4961 );
#3925 = VERTEX_POINT( '', #4962 );
#3926 = LINE( '', #4963, #4964 );
#3927 = LINE( '', #4965, #4966 );
#3928 = FILL_AREA_STYLE_COLOUR( '', #4967 );
#3929 = LINE( '', #4968, #4969 );
#3930 = LINE( '', #4970, #4971 );
#3931 = FILL_AREA_STYLE_COLOUR( '', #4972 );
#3932 = LINE( '', #4973, #4974 );
#3933 = VERTEX_POINT( '', #4975 );
#3934 = LINE( '', #4976, #4977 );
#3935 = VERTEX_POINT( '', #4978 );
#3936 = LINE( '', #4979, #4980 );
#3937 = LINE( '', #4981, #4982 );
#3938 = FILL_AREA_STYLE_COLOUR( '', #4983 );
#3939 = VERTEX_POINT( '', #4984 );
#3940 = VERTEX_POINT( '', #4985 );
#3941 = LINE( '', #4986, #4987 );
#3942 = VERTEX_POINT( '', #4988 );
#3943 = LINE( '', #4989, #4990 );
#3944 = VERTEX_POINT( '', #4991 );
#3945 = LINE( '', #4992, #4993 );
#3946 = LINE( '', #4994, #4995 );
#3947 = FILL_AREA_STYLE_COLOUR( '', #4996 );
#3948 = VERTEX_POINT( '', #4997 );
#3949 = LINE( '', #4998, #4999 );
#3950 = VERTEX_POINT( '', #5000 );
#3951 = LINE( '', #5001, #5002 );
#3952 = VERTEX_POINT( '', #5003 );
#3953 = LINE( '', #5004, #5005 );
#3954 = VERTEX_POINT( '', #5006 );
#3955 = LINE( '', #5007, #5008 );
#3956 = LINE( '', #5009, #5010 );
#3957 = FILL_AREA_STYLE_COLOUR( '', #5011 );
#3958 = LINE( '', #5012, #5013 );
#3959 = LINE( '', #5014, #5015 );
#3960 = FILL_AREA_STYLE_COLOUR( '', #5016 );
#3961 = VERTEX_POINT( '', #5017 );
#3962 = LINE( '', #5018, #5019 );
#3963 = VERTEX_POINT( '', #5020 );
#3964 = LINE( '', #5021, #5022 );
#3965 = CIRCLE( '', #5023, 0.100000000000000 );
#3966 = FILL_AREA_STYLE_COLOUR( '', #5024 );
#3967 = LINE( '', #5025, #5026 );
#3968 = LINE( '', #5027, #5028 );
#3969 = FILL_AREA_STYLE_COLOUR( '', #5029 );
#3970 = VERTEX_POINT( '', #5030 );
#3971 = LINE( '', #5031, #5032 );
#3972 = VERTEX_POINT( '', #5033 );
#3973 = LINE( '', #5034, #5035 );
#3974 = LINE( '', #5036, #5037 );
#3975 = FILL_AREA_STYLE_COLOUR( '', #5038 );
#3976 = VERTEX_POINT( '', #5039 );
#3977 = LINE( '', #5040, #5041 );
#3978 = VERTEX_POINT( '', #5042 );
#3979 = LINE( '', #5043, #5044 );
#3980 = LINE( '', #5045, #5046 );
#3981 = FILL_AREA_STYLE_COLOUR( '', #5047 );
#3982 = VERTEX_POINT( '', #5048 );
#3983 = LINE( '', #5049, #5050 );
#3984 = LINE( '', #5051, #5052 );
#3985 = FILL_AREA_STYLE_COLOUR( '', #5053 );
#3986 = LINE( '', #5054, #5055 );
#3987 = VERTEX_POINT( '', #5056 );
#3988 = LINE( '', #5057, #5058 );
#3989 = LINE( '', #5059, #5060 );
#3990 = FILL_AREA_STYLE_COLOUR( '', #5061 );
#3991 = VERTEX_POINT( '', #5062 );
#3992 = VERTEX_POINT( '', #5063 );
#3993 = CIRCLE( '', #5064, 2.00000000000000 );
#3994 = VERTEX_POINT( '', #5065 );
#3995 = LINE( '', #5066, #5067 );
#3996 = VERTEX_POINT( '', #5068 );
#3997 = CIRCLE( '', #5069, 2.00000000000000 );
#3998 = VERTEX_POINT( '', #5070 );
#3999 = LINE( '', #5071, #5072 );
#4000 = VERTEX_POINT( '', #5073 );
#4001 = CIRCLE( '', #5074, 2.00000000000000 );
#4002 = VERTEX_POINT( '', #5075 );
#4003 = LINE( '', #5076, #5077 );
#4004 = VERTEX_POINT( '', #5078 );
#4005 = CIRCLE( '', #5079, 2.00000000000000 );
#4006 = LINE( '', #5080, #5081 );
#4007 = FILL_AREA_STYLE_COLOUR( '', #5082 );
#4008 = VERTEX_POINT( '', #5083 );
#4009 = LINE( '', #5084, #5085 );
#4010 = VERTEX_POINT( '', #5086 );
#4011 = LINE( '', #5087, #5088 );
#4012 = CIRCLE( '', #5089, 0.100000000000000 );
#4013 = FILL_AREA_STYLE_COLOUR( '', #5090 );
#4014 = VERTEX_POINT( '', #5091 );
#4015 = VERTEX_POINT( '', #5092 );
#4016 = LINE( '', #5093, #5094 );
#4017 = VERTEX_POINT( '', #5095 );
#4018 = LINE( '', #5096, #5097 );
#4019 = VERTEX_POINT( '', #5098 );
#4020 = LINE( '', #5099, #5100 );
#4021 = LINE( '', #5101, #5102 );
#4022 = FILL_AREA_STYLE_COLOUR( '', #5103 );
#4023 = VERTEX_POINT( '', #5104 );
#4024 = LINE( '', #5105, #5106 );
#4025 = VERTEX_POINT( '', #5107 );
#4026 = LINE( '', #5108, #5109 );
#4027 = LINE( '', #5110, #5111 );
#4028 = FILL_AREA_STYLE_COLOUR( '', #5112 );
#4029 = VERTEX_POINT( '', #5113 );
#4030 = VERTEX_POINT( '', #5114 );
#4031 = LINE( '', #5115, #5116 );
#4032 = VERTEX_POINT( '', #5117 );
#4033 = LINE( '', #5118, #5119 );
#4034 = VERTEX_POINT( '', #5120 );
#4035 = LINE( '', #5121, #5122 );
#4036 = LINE( '', #5123, #5124 );
#4037 = FILL_AREA_STYLE_COLOUR( '', #5125 );
#4038 = LINE( '', #5126, #5127 );
#4039 = FILL_AREA_STYLE_COLOUR( '', #5128 );
#4040 = VERTEX_POINT( '', #5129 );
#4041 = LINE( '', #5130, #5131 );
#4042 = VERTEX_POINT( '', #5132 );
#4043 = LINE( '', #5133, #5134 );
#4044 = VERTEX_POINT( '', #5135 );
#4045 = LINE( '', #5136, #5137 );
#4046 = LINE( '', #5138, #5139 );
#4047 = FILL_AREA_STYLE_COLOUR( '', #5140 );
#4048 = VERTEX_POINT( '', #5141 );
#4049 = LINE( '', #5142, #5143 );
#4050 = VERTEX_POINT( '', #5144 );
#4051 = LINE( '', #5145, #5146 );
#4052 = LINE( '', #5147, #5148 );
#4053 = FILL_AREA_STYLE_COLOUR( '', #5149 );
#4054 = VERTEX_POINT( '', #5150 );
#4055 = LINE( '', #5151, #5152 );
#4056 = LINE( '', #5153, #5154 );
#4057 = LINE( '', #5155, #5156 );
#4058 = FILL_AREA_STYLE_COLOUR( '', #5157 );
#4059 = VERTEX_POINT( '', #5158 );
#4060 = LINE( '', #5159, #5160 );
#4061 = VERTEX_POINT( '', #5161 );
#4062 = LINE( '', #5162, #5163 );
#4063 = LINE( '', #5164, #5165 );
#4064 = VERTEX_POINT( '', #5166 );
#4065 = LINE( '', #5167, #5168 );
#4066 = VERTEX_POINT( '', #5169 );
#4067 = LINE( '', #5170, #5171 );
#4068 = LINE( '', #5172, #5173 );
#4069 = FILL_AREA_STYLE_COLOUR( '', #5174 );
#4070 = LINE( '', #5175, #5176 );
#4071 = LINE( '', #5177, #5178 );
#4072 = FILL_AREA_STYLE_COLOUR( '', #5179 );
#4073 = VERTEX_POINT( '', #5180 );
#4074 = VERTEX_POINT( '', #5181 );
#4075 = LINE( '', #5182, #5183 );
#4076 = LINE( '', #5184, #5185 );
#4077 = VERTEX_POINT( '', #5186 );
#4078 = LINE( '', #5187, #5188 );
#4079 = LINE( '', #5189, #5190 );
#4080 = VERTEX_POINT( '', #5191 );
#4081 = LINE( '', #5192, #5193 );
#4082 = LINE( '', #5194, #5195 );
#4083 = FILL_AREA_STYLE_COLOUR( '', #5196 );
#4084 = LINE( '', #5197, #5198 );
#4085 = VERTEX_POINT( '', #5199 );
#4086 = LINE( '', #5200, #5201 );
#4087 = VERTEX_POINT( '', #5202 );
#4088 = LINE( '', #5203, #5204 );
#4089 = LINE( '', #5205, #5206 );
#4090 = VERTEX_POINT( '', #5207 );
#4091 = LINE( '', #5208, #5209 );
#4092 = VERTEX_POINT( '', #5210 );
#4093 = LINE( '', #5211, #5212 );
#4094 = LINE( '', #5213, #5214 );
#4095 = LINE( '', #5215, #5216 );
#4096 = FILL_AREA_STYLE_COLOUR( '', #5217 );
#4097 = VERTEX_POINT( '', #5218 );
#4098 = LINE( '', #5219, #5220 );
#4099 = VERTEX_POINT( '', #5221 );
#4100 = LINE( '', #5222, #5223 );
#4101 = LINE( '', #5224, #5225 );
#4102 = FILL_AREA_STYLE_COLOUR( '', #5226 );
#4103 = LINE( '', #5227, #5228 );
#4104 = FILL_AREA_STYLE_COLOUR( '', #5229 );
#4105 = LINE( '', #5230, #5231 );
#4106 = VERTEX_POINT( '', #5232 );
#4107 = LINE( '', #5233, #5234 );
#4108 = VERTEX_POINT( '', #5235 );
#4109 = LINE( '', #5236, #5237 );
#4110 = LINE( '', #5238, #5239 );
#4111 = VERTEX_POINT( '', #5240 );
#4112 = LINE( '', #5241, #5242 );
#4113 = VERTEX_POINT( '', #5243 );
#4114 = LINE( '', #5244, #5245 );
#4115 = LINE( '', #5246, #5247 );
#4116 = VERTEX_POINT( '', #5248 );
#4117 = LINE( '', #5249, #5250 );
#4118 = VERTEX_POINT( '', #5251 );
#4119 = LINE( '', #5252, #5253 );
#4120 = LINE( '', #5254, #5255 );
#4121 = LINE( '', #5256, #5257 );
#4122 = LINE( '', #5258, #5259 );
#4123 = VERTEX_POINT( '', #5260 );
#4124 = LINE( '', #5261, #5262 );
#4125 = VERTEX_POINT( '', #5263 );
#4126 = LINE( '', #5264, #5265 );
#4127 = LINE( '', #5266, #5267 );
#4128 = FILL_AREA_STYLE_COLOUR( '', #5268 );
#4129 = VERTEX_POINT( '', #5269 );
#4130 = VERTEX_POINT( '', #5270 );
#4131 = LINE( '', #5271, #5272 );
#4132 = LINE( '', #5273, #5274 );
#4133 = LINE( '', #5275, #5276 );
#4134 = FILL_AREA_STYLE_COLOUR( '', #5277 );
#4135 = LINE( '', #5278, #5279 );
#4136 = VERTEX_POINT( '', #5280 );
#4137 = LINE( '', #5281, #5282 );
#4138 = VERTEX_POINT( '', #5283 );
#4139 = CIRCLE( '', #5284, 0.100000000000000 );
#4140 = LINE( '', #5285, #5286 );
#4141 = FILL_AREA_STYLE_COLOUR( '', #5287 );
#4142 = FILL_AREA_STYLE_COLOUR( '', #5288 );
#4143 = VERTEX_POINT( '', #5289 );
#4144 = VERTEX_POINT( '', #5290 );
#4145 = LINE( '', #5291, #5292 );
#4146 = LINE( '', #5293, #5294 );
#4147 = LINE( '', #5295, #5296 );
#4148 = FILL_AREA_STYLE_COLOUR( '', #5297 );
#4149 = VERTEX_POINT( '', #5298 );
#4150 = LINE( '', #5299, #5300 );
#4151 = VERTEX_POINT( '', #5301 );
#4152 = LINE( '', #5302, #5303 );
#4153 = LINE( '', #5304, #5305 );
#4154 = FILL_AREA_STYLE_COLOUR( '', #5306 );
#4155 = VERTEX_POINT( '', #5307 );
#4156 = VERTEX_POINT( '', #5308 );
#4157 = LINE( '', #5309, #5310 );
#4158 = VERTEX_POINT( '', #5311 );
#4159 = LINE( '', #5312, #5313 );
#4160 = VERTEX_POINT( '', #5314 );
#4161 = LINE( '', #5315, #5316 );
#4162 = LINE( '', #5317, #5318 );
#4163 = FILL_AREA_STYLE_COLOUR( '', #5319 );
#4164 = LINE( '', #5320, #5321 );
#4165 = FILL_AREA_STYLE_COLOUR( '', #5322 );
#4166 = LINE( '', #5323, #5324 );
#4167 = FILL_AREA_STYLE_COLOUR( '', #5325 );
#4168 = LINE( '', #5326, #5327 );
#4169 = FILL_AREA_STYLE_COLOUR( '', #5328 );
#4170 = LINE( '', #5329, #5330 );
#4171 = LINE( '', #5331, #5332 );
#4172 = FILL_AREA_STYLE_COLOUR( '', #5333 );
#4173 = LINE( '', #5334, #5335 );
#4174 = FILL_AREA_STYLE_COLOUR( '', #5336 );
#4175 = LINE( '', #5337, #5338 );
#4176 = FILL_AREA_STYLE_COLOUR( '', #5339 );
#4177 = VERTEX_POINT( '', #5340 );
#4178 = LINE( '', #5341, #5342 );
#4179 = LINE( '', #5343, #5344 );
#4180 = LINE( '', #5345, #5346 );
#4181 = FILL_AREA_STYLE_COLOUR( '', #5347 );
#4182 = LINE( '', #5348, #5349 );
#4183 = FILL_AREA_STYLE_COLOUR( '', #5350 );
#4184 = VERTEX_POINT( '', #5351 );
#4185 = LINE( '', #5352, #5353 );
#4186 = LINE( '', #5354, #5355 );
#4187 = FILL_AREA_STYLE_COLOUR( '', #5356 );
#4188 = VERTEX_POINT( '', #5357 );
#4189 = LINE( '', #5358, #5359 );
#4190 = LINE( '', #5360, #5361 );
#4191 = FILL_AREA_STYLE_COLOUR( '', #5362 );
#4192 = VERTEX_POINT( '', #5363 );
#4193 = LINE( '', #5364, #5365 );
#4194 = LINE( '', #5366, #5367 );
#4195 = FILL_AREA_STYLE_COLOUR( '', #5368 );
#4196 = LINE( '', #5369, #5370 );
#4197 = LINE( '', #5371, #5372 );
#4198 = FILL_AREA_STYLE_COLOUR( '', #5373 );
#4199 = LINE( '', #5374, #5375 );
#4200 = FILL_AREA_STYLE_COLOUR( '', #5376 );
#4201 = LINE( '', #5377, #5378 );
#4202 = VERTEX_POINT( '', #5379 );
#4203 = LINE( '', #5380, #5381 );
#4204 = LINE( '', #5382, #5383 );
#4205 = FILL_AREA_STYLE_COLOUR( '', #5384 );
#4206 = FILL_AREA_STYLE_COLOUR( '', #5385 );
#4207 = VERTEX_POINT( '', #5386 );
#4208 = LINE( '', #5387, #5388 );
#4209 = VERTEX_POINT( '', #5389 );
#4210 = LINE( '', #5390, #5391 );
#4211 = LINE( '', #5392, #5393 );
#4212 = FILL_AREA_STYLE_COLOUR( '', #5394 );
#4213 = LINE( '', #5395, #5396 );
#4214 = LINE( '', #5397, #5398 );
#4215 = FILL_AREA_STYLE_COLOUR( '', #5399 );
#4216 = VERTEX_POINT( '', #5400 );
#4217 = VERTEX_POINT( '', #5401 );
#4218 = LINE( '', #5402, #5403 );
#4219 = LINE( '', #5404, #5405 );
#4220 = LINE( '', #5406, #5407 );
#4221 = FILL_AREA_STYLE_COLOUR( '', #5408 );
#4222 = LINE( '', #5409, #5410 );
#4223 = LINE( '', #5411, #5412 );
#4224 = FILL_AREA_STYLE_COLOUR( '', #5413 );
#4225 = VERTEX_POINT( '', #5414 );
#4226 = LINE( '', #5415, #5416 );
#4227 = VERTEX_POINT( '', #5417 );
#4228 = LINE( '', #5418, #5419 );
#4229 = LINE( '', #5420, #5421 );
#4230 = FILL_AREA_STYLE_COLOUR( '', #5422 );
#4231 = LINE( '', #5423, #5424 );
#4232 = LINE( '', #5425, #5426 );
#4233 = FILL_AREA_STYLE_COLOUR( '', #5427 );
#4234 = LINE( '', #5428, #5429 );
#4235 = FILL_AREA_STYLE_COLOUR( '', #5430 );
#4236 = VERTEX_POINT( '', #5431 );
#4237 = LINE( '', #5432, #5433 );
#4238 = VERTEX_POINT( '', #5434 );
#4239 = LINE( '', #5435, #5436 );
#4240 = LINE( '', #5437, #5438 );
#4241 = FILL_AREA_STYLE_COLOUR( '', #5439 );
#4242 = LINE( '', #5440, #5441 );
#4243 = FILL_AREA_STYLE_COLOUR( '', #5442 );
#4244 = VERTEX_POINT( '', #5443 );
#4245 = LINE( '', #5444, #5445 );
#4246 = LINE( '', #5446, #5447 );
#4247 = FILL_AREA_STYLE_COLOUR( '', #5448 );
#4248 = LINE( '', #5449, #5450 );
#4249 = FILL_AREA_STYLE_COLOUR( '', #5451 );
#4250 = LINE( '', #5452, #5453 );
#4251 = VERTEX_POINT( '', #5454 );
#4252 = LINE( '', #5455, #5456 );
#4253 = LINE( '', #5457, #5458 );
#4254 = LINE( '', #5459, #5460 );
#4255 = FILL_AREA_STYLE_COLOUR( '', #5461 );
#4256 = FILL_AREA_STYLE_COLOUR( '', #5462 );
#4257 = LINE( '', #5463, #5464 );
#4258 = LINE( '', #5465, #5466 );
#4259 = LINE( '', #5467, #5468 );
#4260 = LINE( '', #5469, #5470 );
#4261 = FILL_AREA_STYLE_COLOUR( '', #5471 );
#4262 = LINE( '', #5472, #5473 );
#4263 = FILL_AREA_STYLE_COLOUR( '', #5474 );
#4264 = VERTEX_POINT( '', #5475 );
#4265 = LINE( '', #5476, #5477 );
#4266 = LINE( '', #5478, #5479 );
#4267 = FILL_AREA_STYLE_COLOUR( '', #5480 );
#4268 = LINE( '', #5481, #5482 );
#4269 = FILL_AREA_STYLE_COLOUR( '', #5483 );
#4270 = FILL_AREA_STYLE_COLOUR( '', #5484 );
#4271 = LINE( '', #5485, #5486 );
#4272 = LINE( '', #5487, #5488 );
#4273 = FILL_AREA_STYLE_COLOUR( '', #5489 );
#4274 = LINE( '', #5490, #5491 );
#4275 = LINE( '', #5492, #5493 );
#4276 = LINE( '', #5494, #5495 );
#4277 = FILL_AREA_STYLE_COLOUR( '', #5496 );
#4278 = FILL_AREA_STYLE_COLOUR( '', #5497 );
#4279 = LINE( '', #5498, #5499 );
#4280 = FILL_AREA_STYLE_COLOUR( '', #5500 );
#4281 = VERTEX_POINT( '', #5501 );
#4282 = LINE( '', #5502, #5503 );
#4283 = LINE( '', #5504, #5505 );
#4284 = FILL_AREA_STYLE_COLOUR( '', #5506 );
#4285 = LINE( '', #5507, #5508 );
#4286 = FILL_AREA_STYLE_COLOUR( '', #5509 );
#4287 = LINE( '', #5510, #5511 );
#4288 = FILL_AREA_STYLE_COLOUR( '', #5512 );
#4289 = LINE( '', #5513, #5514 );
#4290 = FILL_AREA_STYLE_COLOUR( '', #5515 );
#4291 = LINE( '', #5516, #5517 );
#4292 = FILL_AREA_STYLE_COLOUR( '', #5518 );
#4293 = LINE( '', #5519, #5520 );
#4294 = FILL_AREA_STYLE_COLOUR( '', #5521 );
#4295 = VERTEX_POINT( '', #5522 );
#4296 = LINE( '', #5523, #5524 );
#4297 = LINE( '', #5525, #5526 );
#4298 = FILL_AREA_STYLE_COLOUR( '', #5527 );
#4299 = VERTEX_POINT( '', #5528 );
#4300 = LINE( '', #5529, #5530 );
#4301 = LINE( '', #5531, #5532 );
#4302 = FILL_AREA_STYLE_COLOUR( '', #5533 );
#4303 = VERTEX_POINT( '', #5534 );
#4304 = LINE( '', #5535, #5536 );
#4305 = LINE( '', #5537, #5538 );
#4306 = LINE( '', #5539, #5540 );
#4307 = FILL_AREA_STYLE_COLOUR( '', #5541 );
#4308 = LINE( '', #5542, #5543 );
#4309 = FILL_AREA_STYLE_COLOUR( '', #5544 );
#4310 = LINE( '', #5545, #5546 );
#4311 = FILL_AREA_STYLE_COLOUR( '', #5547 );
#4312 = VERTEX_POINT( '', #5548 );
#4313 = LINE( '', #5549, #5550 );
#4314 = VERTEX_POINT( '', #5551 );
#4315 = LINE( '', #5552, #5553 );
#4316 = LINE( '', #5554, #5555 );
#4317 = FILL_AREA_STYLE_COLOUR( '', #5556 );
#4318 = LINE( '', #5557, #5558 );
#4319 = LINE( '', #5559, #5560 );
#4320 = LINE( '', #5561, #5562 );
#4321 = FILL_AREA_STYLE_COLOUR( '', #5563 );
#4322 = FILL_AREA_STYLE_COLOUR( '', #5564 );
#4323 = FILL_AREA_STYLE_COLOUR( '', #5565 );
#4324 = LINE( '', #5566, #5567 );
#4325 = LINE( '', #5568, #5569 );
#4326 = LINE( '', #5570, #5571 );
#4327 = LINE( '', #5572, #5573 );
#4328 = FILL_AREA_STYLE_COLOUR( '', #5574 );
#4329 = LINE( '', #5575, #5576 );
#4330 = FILL_AREA_STYLE_COLOUR( '', #5577 );
#4331 = FILL_AREA_STYLE_COLOUR( '', #5578 );
#4332 = LINE( '', #5579, #5580 );
#4333 = FILL_AREA_STYLE_COLOUR( '', #5581 );
#4334 = FILL_AREA_STYLE_COLOUR( '', #5582 );
#4335 = VERTEX_POINT( '', #5583 );
#4336 = LINE( '', #5584, #5585 );
#4337 = LINE( '', #5586, #5587 );
#4338 = LINE( '', #5588, #5589 );
#4339 = LINE( '', #5590, #5591 );
#4340 = FILL_AREA_STYLE_COLOUR( '', #5592 );
#4341 = LINE( '', #5593, #5594 );
#4342 = LINE( '', #5595, #5596 );
#4343 = FILL_AREA_STYLE_COLOUR( '', #5597 );
#4344 = FILL_AREA_STYLE_COLOUR( '', #5598 );
#4345 = FILL_AREA_STYLE_COLOUR( '', #5599 );
#4346 = LINE( '', #5600, #5601 );
#4347 = FILL_AREA_STYLE_COLOUR( '', #5602 );
#4348 = FILL_AREA_STYLE_COLOUR( '', #5603 );
#4349 = LINE( '', #5604, #5605 );
#4350 = FILL_AREA_STYLE_COLOUR( '', #5606 );
#4351 = FILL_AREA_STYLE_COLOUR( '', #5607 );
#4352 = FILL_AREA_STYLE_COLOUR( '', #5608 );
#4353 = FILL_AREA_STYLE_COLOUR( '', #5609 );
#4354 = FILL_AREA_STYLE_COLOUR( '', #5610 );
#4355 = FILL_AREA_STYLE_COLOUR( '', #5611 );
#4356 = LINE( '', #5612, #5613 );
#4357 = FILL_AREA_STYLE_COLOUR( '', #5614 );
#4358 = FILL_AREA_STYLE_COLOUR( '', #5615 );
#4359 = FILL_AREA_STYLE_COLOUR( '', #5616 );
#4360 = FILL_AREA_STYLE_COLOUR( '', #5617 );
#4361 = FILL_AREA_STYLE_COLOUR( '', #5618 );
#4362 = FILL_AREA_STYLE_COLOUR( '', #5619 );
#4363 = COLOUR_RGB( '', 0.866666674613953, 0.866666674613953, 0.866666674613953 );
#4364 = CARTESIAN_POINT( '', ( 7.35000000000000, 0.000000000000000, 15.1000000000000 ) );
#4365 = CARTESIAN_POINT( '', ( 3.35000000000000, 0.000000000000000, 15.1000000000000 ) );
#4366 = CARTESIAN_POINT( '', ( 5.35000000000000, 0.000000000000000, 15.1000000000000 ) );
#4367 = VECTOR( '', #5620, 1000.00000000000 );
#4368 = CARTESIAN_POINT( '', ( 3.39040820577346, -0.400000000000000, 15.1000000000000 ) );
#4369 = AXIS2_PLACEMENT_3D( '', #5621, #5622, #5623 );
#4370 = CARTESIAN_POINT( '', ( 7.30959179422654, -0.400000000000000, 15.1000000000000 ) );
#4371 = CARTESIAN_POINT( '', ( 5.35000000000000, -0.400000000000000, 15.1000000000000 ) );
#4372 = VECTOR( '', #5624, 1000.00000000000 );
#4373 = AXIS2_PLACEMENT_3D( '', #5625, #5626, #5627 );
#4374 = COLOUR_RGB( '', 0.866666674613953, 0.866666674613953, 0.866666674613953 );
#4375 = CARTESIAN_POINT( '', ( 5.95000000000000, -7.26435935394490, -4.00000000000000 ) );
#4376 = CARTESIAN_POINT( '', ( 5.95000000000000, -7.05000000000000, -3.20000000000000 ) );
#4377 = CARTESIAN_POINT( '', ( 5.95000000000000, -6.08735555431870, 0.392637980906730 ) );
#4378 = VECTOR( '', #5628, 1000.00000000000 );
#4379 = CARTESIAN_POINT( '', ( 5.95000000000000, -7.05000000000000, 0.000000000000000 ) );
#4380 = CARTESIAN_POINT( '', ( 5.95000000000000, -7.05000000000000, 0.000000000000000 ) );
#4381 = VECTOR( '', #5629, 1000.00000000000 );
#4382 = CARTESIAN_POINT( '', ( 5.95000000000000, -7.50000000000000, 0.000000000000000 ) );
#4383 = CARTESIAN_POINT( '', ( 5.95000000000000, 2.42000000000000, 0.000000000000000 ) );
#4384 = VECTOR( '', #5630, 1000.00000000000 );
#4385 = CARTESIAN_POINT( '', ( 5.95000000000000, -7.50000000000000, -4.00000000000000 ) );
#4386 = CARTESIAN_POINT( '', ( 5.95000000000000, -7.50000000000000, -1.00000000000000 ) );
#4387 = VECTOR( '', #5631, 1000.00000000000 );
#4388 = CARTESIAN_POINT( '', ( 5.95000000000000, 4.92000000000000, -4.00000000000000 ) );
#4389 = VECTOR( '', #5632, 1000.00000000000 );
#4390 = COLOUR_RGB( '', 0.333333343267441, 0.666666686534882, 0.266666680574417 );
#4391 = CARTESIAN_POINT( '', ( 3.35000000000000, -3.75000000000000, 18.0000000000000 ) );
#4392 = CARTESIAN_POINT( '', ( 3.35000000000000, -3.75000000000000, 15.1000000000000 ) );
#4393 = CARTESIAN_POINT( '', ( 3.35000000000000, -3.75000000000000, 14.5000000000000 ) );
#4394 = VECTOR( '', #5633, 1000.00000000000 );
#4395 = CARTESIAN_POINT( '', ( 3.39040820577346, -3.35000000000000, 15.1000000000000 ) );
#4396 = AXIS2_PLACEMENT_3D( '', #5634, #5635, #5636 );
#4397 = CARTESIAN_POINT( '', ( 3.39040820577346, -3.35000000000000, 16.0000000000000 ) );
#4398 = CARTESIAN_POINT( '', ( 3.39040820577346, -3.35000000000000, 14.5000000000000 ) );
#4399 = VECTOR( '', #5637, 1000.00000000000 );
#4400 = CARTESIAN_POINT( '', ( 7.30959179422654, -3.35000000000000, 16.0000000000000 ) );
#4401 = AXIS2_PLACEMENT_3D( '', #5638, #5639, #5640 );
#4402 = CARTESIAN_POINT( '', ( 7.30959179422654, -3.35000000000000, 15.1000000000000 ) );
#4403 = CARTESIAN_POINT( '', ( 7.30959179422654, -3.35000000000000, 14.5000000000000 ) );
#4404 = VECTOR( '', #5641, 1000.00000000000 );
#4405 = CARTESIAN_POINT( '', ( 7.35000000000000, -3.75000000000000, 15.1000000000000 ) );
#4406 = AXIS2_PLACEMENT_3D( '', #5642, #5643, #5644 );
#4407 = CARTESIAN_POINT( '', ( 7.35000000000000, -3.75000000000000, 18.0000000000000 ) );
#4408 = CARTESIAN_POINT( '', ( 7.35000000000000, -3.75000000000000, 14.5000000000000 ) );
#4409 = VECTOR( '', #5645, 1000.00000000000 );
#4410 = AXIS2_PLACEMENT_3D( '', #5646, #5647, #5648 );
#4411 = COLOUR_RGB( '', 0.333333343267441, 0.666666686534882, 0.266666680574417 );
#4412 = CARTESIAN_POINT( '', ( 0.952627944162880, -2.30000000000000, 7.10000000000000 ) );
#4413 = CARTESIAN_POINT( '', ( 0.952627944162880, -2.30000000000000, 8.80000000000000 ) );
#4414 = CARTESIAN_POINT( '', ( 0.952627944162880, -2.30000000000000, -1.00000000000000 ) );
#4415 = VECTOR( '', #5649, 1000.00000000000 );
#4416 = CARTESIAN_POINT( '', ( 0.000000000000000, -1.75000000000000, 8.80000000000000 ) );
#4417 = CARTESIAN_POINT( '', ( 5.35000000000000, -4.83882394016449, 8.80000000000000 ) );
#4418 = VECTOR( '', #5650, 1000.00000000000 );
#4419 = CARTESIAN_POINT( '', ( 0.000000000000000, -1.75000000000000, 3.50000000000000 ) );
#4420 = CARTESIAN_POINT( '', ( 0.000000000000000, -1.75000000000000, -1.00000000000000 ) );
#4421 = VECTOR( '', #5651, 1000.00000000000 );
#4422 = CARTESIAN_POINT( '', ( 0.952627944162880, -2.30000000000000, 3.50000000000000 ) );
#4423 = CARTESIAN_POINT( '', ( 5.35000000000000, -4.83882394016448, 3.50000000000000 ) );
#4424 = VECTOR( '', #5652, 1000.00000000000 );
#4425 = CARTESIAN_POINT( '', ( 0.952627944162880, -2.30000000000000, -1.00000000000000 ) );
#4426 = VECTOR( '', #5653, 1000.00000000000 );
#4427 = COLOUR_RGB( '', 0.333333343267441, 0.666666686534882, 0.266666680574417 );
#4428 = CARTESIAN_POINT( '', ( 9.20000000000000, -7.50000000000000, 18.0000000000000 ) );
#4429 = CARTESIAN_POINT( '', ( 9.20000000000000, -7.50000000000000, 10.0000000000000 ) );
#4430 = CARTESIAN_POINT( '', ( 9.20000000000000, -7.50000000000000, -1.00000000000000 ) );
#4431 = VECTOR( '', #5654, 1000.00000000000 );
#4432 = CARTESIAN_POINT( '', ( 9.20000000000000, 0.000000000000000, 10.0000000000000 ) );
#4433 = CARTESIAN_POINT( '', ( 9.20000000000000, 2.58000000000000, 10.0000000000000 ) );
#4434 = VECTOR( '', #5655, 1000.00000000000 );
#4435 = CARTESIAN_POINT( '', ( 9.20000000000000, 0.000000000000000, 18.0000000000000 ) );
#4436 = CARTESIAN_POINT( '', ( 9.20000000000000, 0.000000000000000, -1.00000000000000 ) );
#4437 = VECTOR( '', #5656, 1000.00000000000 );
#4438 = CARTESIAN_POINT( '', ( 9.20000000000000, 4.92000000000000, 18.0000000000000 ) );
#4439 = VECTOR( '', #5657, 1000.00000000000 );
#4440 = COLOUR_RGB( '', 0.866666674613953, 0.866666674613953, 0.866666674613953 );
#4441 = CARTESIAN_POINT( '', ( 3.39040820577346, -0.400000000000000, 16.0000000000000 ) );
#4442 = CARTESIAN_POINT( '', ( 3.39040820577346, -0.400000000000000, 14.5000000000000 ) );
#4443 = VECTOR( '', #5658, 1000.00000000000 );
#4444 = CARTESIAN_POINT( '', ( 7.30959179422654, -0.400000000000000, 16.0000000000000 ) );
#4445 = CARTESIAN_POINT( '', ( 7.30959179422654, -0.400000000000000, 16.0000000000000 ) );
#4446 = VECTOR( '', #5659, 1000.00000000000 );
#4447 = CARTESIAN_POINT( '', ( 7.30959179422654, -0.400000000000000, 14.5000000000000 ) );
#4448 = VECTOR( '', #5660, 1000.00000000000 );
#4449 = COLOUR_RGB( '', 0.333333343267441, 0.666666686534882, 0.266666680574417 );
#4450 = CARTESIAN_POINT( '', ( 7.35000000000000, 0.000000000000000, 18.0000000000000 ) );
#4451 = CARTESIAN_POINT( '', ( 3.35000000000000, 0.000000000000000, 18.0000000000000 ) );
#4452 = AXIS2_PLACEMENT_3D( '', #5661, #5662, #5663 );
#4453 = CARTESIAN_POINT( '', ( 7.35000000000000, 0.000000000000000, 14.5000000000000 ) );
#4454 = VECTOR( '', #5664, 1000.00000000000 );
#4455 = AXIS2_PLACEMENT_3D( '', #5665, #5666, #5667 );
#4456 = CARTESIAN_POINT( '', ( 3.35000000000000, 0.000000000000000, 14.5000000000000 ) );
#4457 = VECTOR( '', #5668, 1000.00000000000 );
#4458 = COLOUR_RGB( '', 0.866666674613953, 0.866666674613953, 0.866666674613953 );
#4459 = CARTESIAN_POINT( '', ( 8.95000000000000, -7.50000000000000, 3.50000000000000 ) );
#4460 = CARTESIAN_POINT( '', ( 2.85000000000000, -7.50000000000000, 3.50000000000000 ) );
#4461 = CARTESIAN_POINT( '', ( 5.35000000000000, -7.50000000000000, 3.50000000000000 ) );
#4462 = VECTOR( '', #5669, 1000.00000000000 );
#4463 = CARTESIAN_POINT( '', ( 8.95000000000000, -6.20000000000000, 3.50000000000000 ) );
#4464 = CARTESIAN_POINT( '', ( 8.95000000000000, -8.65000000000000, 3.50000000000000 ) );
#4465 = VECTOR( '', #5670, 1000.00000000000 );
#4466 = CARTESIAN_POINT( '', ( 2.85000000000000, -6.20000000000000, 3.50000000000000 ) );
#4467 = CARTESIAN_POINT( '', ( 5.35000000000000, -6.20000000000000, 3.50000000000000 ) );
#4468 = VECTOR( '', #5671, 1000.00000000000 );
#4469 = CARTESIAN_POINT( '', ( 2.85000000000000, 2.50000000000000, 3.50000000000000 ) );
#4470 = VECTOR( '', #5672, 1000.00000000000 );
#4471 = COLOUR_RGB( '', 0.866666674613953, 0.866666674613953, 0.866666674613953 );
#4472 = CARTESIAN_POINT( '', ( 5.05000000000000, -0.450000000000000, 0.000000000000000 ) );
#4473 = CARTESIAN_POINT( '', ( 5.95000000000000, -0.450000000000000, 0.000000000000000 ) );
#4474 = CARTESIAN_POINT( '', ( 5.35000000000000, -0.450000000000000, 0.000000000000000 ) );
#4475 = VECTOR( '', #5673, 1000.00000000000 );
#4476 = CARTESIAN_POINT( '', ( 5.05000000000000, -0.450000000000000, -3.20000000000000 ) );
#4477 = CARTESIAN_POINT( '', ( 5.05000000000000, -0.450000000000000, 0.307053304181600 ) );
#4478 = VECTOR( '', #5674, 1000.00000000000 );
#4479 = CARTESIAN_POINT( '', ( 5.95000000000000, -0.450000000000000, -3.20000000000000 ) );
#4480 = CARTESIAN_POINT( '', ( -2.45933806298169, -0.450000000000000, -3.20000000000000 ) );
#4481 = VECTOR( '', #5675, 1000.00000000000 );
#4482 = CARTESIAN_POINT( '', ( 5.95000000000000, -0.450000000000000, 0.000000000000000 ) );
#4483 = VECTOR( '', #5676, 1000.00000000000 );
#4484 = COLOUR_RGB( '', 0.333333343267441, 0.666666686534882, 0.266666680574417 );
#4485 = CARTESIAN_POINT( '', ( 2.90000000000000, -3.75000000000000, 16.5000000000000 ) );
#4486 = CARTESIAN_POINT( '', ( 2.90000000000000, -3.75000000000000, 18.0000000000000 ) );
#4487 = CARTESIAN_POINT( '', ( 2.90000000000000, -3.75000000000000, -1.00000000000000 ) );
#4488 = VECTOR( '', #5677, 1000.00000000000 );
#4489 = CARTESIAN_POINT( '', ( 2.90000000000000, 0.000000000000000, 18.0000000000000 ) );
#4490 = CARTESIAN_POINT( '', ( 2.90000000000000, 7.42000000000000, 18.0000000000000 ) );
#4491 = VECTOR( '', #5678, 1000.00000000000 );
#4492 = CARTESIAN_POINT( '', ( 2.90000000000000, 0.000000000000000, 16.5000000000000 ) );
#4493 = CARTESIAN_POINT( '', ( 2.90000000000000, 0.000000000000000, -1.00000000000000 ) );
#4494 = VECTOR( '', #5679, 1000.00000000000 );
#4495 = CARTESIAN_POINT( '', ( 2.90000000000000, 2.50000000000000, 16.5000000000000 ) );
#4496 = VECTOR( '', #5680, 1000.00000000000 );
#4497 = COLOUR_RGB( '', 0.333333343267441, 0.666666686534882, 0.266666680574417 );
#4498 = CARTESIAN_POINT( '', ( 0.500000000000000, -7.50000000000000, 12.0000000000000 ) );
#4499 = CARTESIAN_POINT( '', ( 0.000000000000000, -7.50000000000000, 12.0000000000000 ) );
#4500 = CARTESIAN_POINT( '', ( 5.35000000000000, -7.50000000000000, 12.0000000000000 ) );
#4501 = VECTOR( '', #5681, 1000.00000000000 );
#4502 = CARTESIAN_POINT( '', ( 0.500000000000000, 0.000000000000000, 12.0000000000000 ) );
#4503 = CARTESIAN_POINT( '', ( 0.500000000000000, 0.000000000000000, 12.0000000000000 ) );
#4504 = VECTOR( '', #5682, 1000.00000000000 );
#4505 = CARTESIAN_POINT( '', ( 0.000000000000000, 0.000000000000000, 12.0000000000000 ) );
#4506 = CARTESIAN_POINT( '', ( 5.35000000000000, 0.000000000000000, 12.0000000000000 ) );
#4507 = VECTOR( '', #5683, 1000.00000000000 );
#4508 = CARTESIAN_POINT( '', ( 0.000000000000000, -5.00000000000000, 12.0000000000000 ) );
#4509 = VECTOR( '', #5684, 1000.00000000000 );
#4510 = COLOUR_RGB( '', 0.866666674613953, 0.866666674613953, 0.866666674613953 );
#4511 = CARTESIAN_POINT( '', ( 8.95000000000000, -1.30000000000000, 3.50000000000000 ) );
#4512 = CARTESIAN_POINT( '', ( 2.85000000000000, -1.30000000000000, 3.50000000000000 ) );
#4513 = CARTESIAN_POINT( '', ( 5.35000000000000, -1.30000000000000, 3.50000000000000 ) );
#4514 = VECTOR( '', #5685, 1000.00000000000 );
#4515 = CARTESIAN_POINT( '', ( 8.95000000000000, 0.000000000000000, 3.50000000000000 ) );
#4516 = CARTESIAN_POINT( '', ( 8.95000000000000, -1.15000000000000, 3.50000000000000 ) );
#4517 = VECTOR( '', #5686, 1000.00000000000 );
#4518 = CARTESIAN_POINT( '', ( 2.85000000000000, 0.000000000000000, 3.50000000000000 ) );
#4519 = CARTESIAN_POINT( '', ( 5.35000000000000, 0.000000000000000, 3.50000000000000 ) );
#4520 = VECTOR( '', #5687, 1000.00000000000 );
#4521 = CARTESIAN_POINT( '', ( 2.85000000000000, 4.92000000000000, 3.50000000000000 ) );
#4522 = VECTOR( '', #5688, 1000.00000000000 );
#4523 = COLOUR_RGB( '', 0.866666674613953, 0.866666674613953, 0.866666674613953 );
#4524 = CARTESIAN_POINT( '', ( 5.35000000000000, -3.75000000000000, 15.1000000000000 ) );
#4525 = VECTOR( '', #5689, 1000.00000000000 );
#4526 = CARTESIAN_POINT( '', ( 5.35000000000000, -3.35000000000000, 15.1000000000000 ) );
#4527 = VECTOR( '', #5690, 1000.00000000000 );
#4528 = COLOUR_RGB( '', 0.333333343267441, 0.666666686534882, 0.266666680574417 );
#4529 = CARTESIAN_POINT( '', ( 0.000000000000000, 0.000000000000000, 8.80000000000000 ) );
#4530 = CARTESIAN_POINT( '', ( 0.952627944162880, 0.000000000000000, 8.80000000000000 ) );
#4531 = CARTESIAN_POINT( '', ( 5.35000000000000, 0.000000000000000, 8.80000000000000 ) );
#4532 = VECTOR( '', #5691, 1000.00000000000 );
#4533 = CARTESIAN_POINT( '', ( 0.952627944162880, -1.45000000000000, 8.80000000000000 ) );
#4534 = CARTESIAN_POINT( '', ( 0.952627944162880, 4.92000000000000, 8.80000000000000 ) );
#4535 = VECTOR( '', #5692, 1000.00000000000 );
#4536 = CARTESIAN_POINT( '', ( 0.000000000000000, -2.00000000000000, 8.80000000000000 ) );
#4537 = CARTESIAN_POINT( '', ( 5.35000000000000, 1.08882394016451, 8.80000000000000 ) );
#4538 = VECTOR( '', #5693, 1000.00000000000 );
#4539 = CARTESIAN_POINT( '', ( 0.000000000000000, -0.160000000000000, 8.80000000000000 ) );
#4540 = VECTOR( '', #5694, 1000.00000000000 );
#4541 = COLOUR_RGB( '', 0.866666674613953, 0.866666674613953, 0.866666674613953 );
#4542 = COLOUR_RGB( '', 0.866666674613953, 0.866666674613953, 0.866666674613953 );
#4543 = CARTESIAN_POINT( '', ( 5.95000000000000, -3.51435935394489, -4.00000000000000 ) );
#4544 = CARTESIAN_POINT( '', ( 5.95000000000000, -3.30000000000000, -3.20000000000000 ) );
#4545 = CARTESIAN_POINT( '', ( 5.95000000000000, -2.33735555431866, 0.392637980906730 ) );
#4546 = VECTOR( '', #5695, 1000.00000000000 );
#4547 = CARTESIAN_POINT( '', ( 5.95000000000000, -3.30000000000000, 0.000000000000000 ) );
#4548 = CARTESIAN_POINT( '', ( 5.95000000000000, -3.30000000000000, 0.000000000000000 ) );
#4549 = VECTOR( '', #5696, 1000.00000000000 );
#4550 = CARTESIAN_POINT( '', ( 5.95000000000000, -3.75000000000000, 0.000000000000000 ) );
#4551 = CARTESIAN_POINT( '', ( 5.95000000000000, 1.17000000000000, 0.000000000000000 ) );
#4552 = VECTOR( '', #5697, 1000.00000000000 );
#4553 = CARTESIAN_POINT( '', ( 5.95000000000000, -3.75000000000000, -4.00000000000000 ) );
#4554 = CARTESIAN_POINT( '', ( 5.95000000000000, -3.75000000000000, -1.00000000000000 ) );
#4555 = VECTOR( '', #5698, 1000.00000000000 );
#4556 = CARTESIAN_POINT( '', ( 5.95000000000000, -5.75000000000000, -4.00000000000000 ) );
#4557 = VECTOR( '', #5699, 1000.00000000000 );
#4558 = COLOUR_RGB( '', 0.866666674613953, 0.866666674613953, 0.866666674613953 );
#4559 = CARTESIAN_POINT( '', ( 5.05000000000000, -7.50000000000000, 0.000000000000000 ) );
#4560 = CARTESIAN_POINT( '', ( 5.05000000000000, -7.05000000000000, 0.000000000000000 ) );
#4561 = CARTESIAN_POINT( '', ( 5.05000000000000, 2.42000000000000, 0.000000000000000 ) );
#4562 = VECTOR( '', #5700, 1000.00000000000 );
#4563 = CARTESIAN_POINT( '', ( 5.05000000000000, -7.05000000000000, -3.20000000000000 ) );
#4564 = CARTESIAN_POINT( '', ( 5.05000000000000, -7.05000000000000, 0.307053304181600 ) );
#4565 = VECTOR( '', #5701, 1000.00000000000 );
#4566 = CARTESIAN_POINT( '', ( 5.05000000000000, -7.26435935394490, -4.00000000000000 ) );
#4567 = CARTESIAN_POINT( '', ( 5.05000000000000, -6.08735555431870, 0.392637980906730 ) );
#4568 = VECTOR( '', #5702, 1000.00000000000 );
#4569 = CARTESIAN_POINT( '', ( 5.05000000000000, -7.50000000000000, -4.00000000000000 ) );
#4570 = CARTESIAN_POINT( '', ( 5.05000000000000, 4.92000000000000, -4.00000000000000 ) );
#4571 = VECTOR( '', #5703, 1000.00000000000 );
#4572 = CARTESIAN_POINT( '', ( 5.05000000000000, -7.50000000000000, -1.00000000000000 ) );
#4573 = VECTOR( '', #5704, 1000.00000000000 );
#4574 = COLOUR_RGB( '', 0.333333343267441, 0.666666686534882, 0.266666680574417 );
#4575 = CARTESIAN_POINT( '', ( 10.2000000000000, -4.50000000000000, 0.000000000000000 ) );
#4576 = CARTESIAN_POINT( '', ( 9.72832998645263, -4.50000000000000, 9.00000000000000 ) );
#4577 = CARTESIAN_POINT( '', ( 10.2524077792830, -4.50000000000000, -1.00000000000000 ) );
#4578 = VECTOR( '', #5705, 1000.00000000000 );
#4579 = CARTESIAN_POINT( '', ( 1.00000000000000, -4.50000000000000, 0.000000000000000 ) );
#4580 = CARTESIAN_POINT( '', ( 5.35000000000000, -4.50000000000000, 0.000000000000000 ) );
#4581 = VECTOR( '', #5706, 1000.00000000000 );
#4582 = CARTESIAN_POINT( '', ( 1.40403563636172, -4.50000000000000, 11.5700668181782 ) );
#4583 = CARTESIAN_POINT( '', ( 1.00000000000000, -4.50000000000000, 0.000000000000000 ) );
#4584 = VECTOR( '', #5707, 1000.00000000000 );
#4585 = CARTESIAN_POINT( '', ( 3.90000000000000, -4.50000000000000, 16.2500000000000 ) );
#4586 = CARTESIAN_POINT( '', ( 1.38235294117649, -4.50000000000000, 11.5294117647059 ) );
#4587 = VECTOR( '', #5708, 1000.00000000000 );
#4588 = CARTESIAN_POINT( '', ( 3.90000000000000, -4.50000000000000, 18.0000000000000 ) );
#4589 = CARTESIAN_POINT( '', ( 3.90000000000000, -4.50000000000000, 16.5000000000000 ) );
#4590 = VECTOR( '', #5709, 1000.00000000000 );
#4591 = CARTESIAN_POINT( '', ( 8.20000000000000, -4.50000000000000, 18.0000000000000 ) );
#4592 = CARTESIAN_POINT( '', ( 5.35000000000000, -4.50000000000000, 18.0000000000000 ) );
#4593 = VECTOR( '', #5710, 1000.00000000000 );
#4594 = CARTESIAN_POINT( '', ( 8.20000000000000, -4.50000000000000, 9.00000000000000 ) );
#4595 = CARTESIAN_POINT( '', ( 8.20000000000000, -4.50000000000000, -1.00000000000000 ) );
#4596 = VECTOR( '', #5711, 1000.00000000000 );
#4597 = CARTESIAN_POINT( '', ( 5.35000000000000, -4.50000000000000, 9.00000000000000 ) );
#4598 = VECTOR( '', #5712, 1000.00000000000 );
#4599 = COLOUR_RGB( '', 0.333333343267441, 0.666666686534882, 0.266666680574417 );
#4600 = CARTESIAN_POINT( '', ( 9.20000000000000, -3.75000000000000, 18.0000000000000 ) );
#4601 = CARTESIAN_POINT( '', ( 5.35000000000000, -3.75000000000000, 18.0000000000000 ) );
#4602 = VECTOR( '', #5713, 1000.00000000000 );
#4603 = CARTESIAN_POINT( '', ( 9.20000000000000, 0.000000000000000, 18.0000000000000 ) );
#4604 = CARTESIAN_POINT( '', ( 9.20000000000000, -16.2500000000000, 18.0000000000000 ) );
#4605 = VECTOR( '', #5714, 1000.00000000000 );
#4606 = CARTESIAN_POINT( '', ( 8.19058550445192, 0.000000000000000, 18.0000000000000 ) );
#4607 = CARTESIAN_POINT( '', ( 9.20000000000000, 0.000000000000000, 18.0000000000000 ) );
#4608 = VECTOR( '', #5715, 1000.00000000000 );
#4609 = CARTESIAN_POINT( '', ( 8.19058550445192, -0.750000000000000, 18.0000000000000 ) );
#4610 = CARTESIAN_POINT( '', ( 8.19058550445192, 1.17000000000000, 18.0000000000000 ) );
#4611 = VECTOR( '', #5716, 1000.00000000000 );
#4612 = CARTESIAN_POINT( '', ( 3.80796188425079, -0.750000000000000, 18.0000000000000 ) );
#4613 = CARTESIAN_POINT( '', ( 5.35000000000000, -0.750000000000000, 18.0000000000000 ) );
#4614 = VECTOR( '', #5717, 1000.00000000000 );
#4615 = CARTESIAN_POINT( '', ( 3.80796188425079, 0.000000000000000, 18.0000000000000 ) );
#4616 = CARTESIAN_POINT( '', ( 3.80796188425079, 1.17000000000000, 18.0000000000000 ) );
#4617 = VECTOR( '', #5718, 1000.00000000000 );
#4618 = CARTESIAN_POINT( '', ( 2.90000000000000, 0.000000000000000, 18.0000000000000 ) );
#4619 = CARTESIAN_POINT( '', ( 9.20000000000000, 0.000000000000000, 18.0000000000000 ) );
#4620 = VECTOR( '', #5719, 1000.00000000000 );
#4621 = CARTESIAN_POINT( '', ( 2.90000000000000, -3.75000000000000, 18.0000000000000 ) );
#4622 = CARTESIAN_POINT( '', ( 2.90000000000000, -3.83000000000000, 18.0000000000000 ) );
#4623 = VECTOR( '', #5720, 1000.00000000000 );
#4624 = CARTESIAN_POINT( '', ( 5.35000000000000, -3.75000000000000, 18.0000000000000 ) );
#4625 = VECTOR( '', #5721, 1000.00000000000 );
#4626 = COLOUR_RGB( '', 0.333333343267441, 0.666666686534882, 0.266666680574417 );
#4627 = CARTESIAN_POINT( '', ( 8.75000000000000, 0.000000000000000, 0.000000000000000 ) );
#4628 = CARTESIAN_POINT( '', ( 8.75000000000000, 0.000000000000000, 10.0000000000000 ) );
#4629 = CARTESIAN_POINT( '', ( 8.75000000000000, 0.000000000000000, -1.00000000000000 ) );
#4630 = VECTOR( '', #5722, 1000.00000000000 );
#4631 = CARTESIAN_POINT( '', ( 8.75000000000000, -0.750000000000000, 0.000000000000000 ) );
#4632 = CARTESIAN_POINT( '', ( 8.75000000000000, 1.17000000000000, 0.000000000000000 ) );
#4633 = VECTOR( '', #5723, 1000.00000000000 );
#4634 = CARTESIAN_POINT( '', ( 8.75000000000000, -0.750000000000000, 10.0000000000000 ) );
#4635 = CARTESIAN_POINT( '', ( 8.75000000000000, -0.750000000000000, 0.000000000000000 ) );
#4636 = VECTOR( '', #5724, 1000.00000000000 );
#4637 = CARTESIAN_POINT( '', ( 8.75000000000000, 0.000000000000000, 10.0000000000000 ) );
#4638 = VECTOR( '', #5725, 1000.00000000000 );
#4639 = COLOUR_RGB( '', 0.333333343267441, 0.666666686534882, 0.266666680574417 );
#4640 = CARTESIAN_POINT( '', ( 5.95000000000000, 0.000000000000000, 0.000000000000000 ) );
#4641 = CARTESIAN_POINT( '', ( 5.95000000000000, 9.92000000000000, 0.000000000000000 ) );
#4642 = VECTOR( '', #5726, 1000.00000000000 );
#4643 = CARTESIAN_POINT( '', ( 11.2000000000000, 0.000000000000000, 0.000000000000000 ) );
#4644 = CARTESIAN_POINT( '', ( 5.35000000000000, 0.000000000000000, 0.000000000000000 ) );
#4645 = VECTOR( '', #5727, 1000.00000000000 );
#4646 = CARTESIAN_POINT( '', ( 11.2000000000000, -3.75000000000000, 0.000000000000000 ) );
#4647 = CARTESIAN_POINT( '', ( 11.2000000000000, 9.92000000000000, 0.000000000000000 ) );
#4648 = VECTOR( '', #5728, 1000.00000000000 );
#4649 = CARTESIAN_POINT( '', ( 8.75000000000000, -3.75000000000000, 0.000000000000000 ) );
#4650 = CARTESIAN_POINT( '', ( 5.35000000000000, -3.75000000000000, 0.000000000000000 ) );
#4651 = VECTOR( '', #5729, 1000.00000000000 );
#4652 = CARTESIAN_POINT( '', ( 8.75000000000000, -3.00000000000000, 0.000000000000000 ) );
#4653 = CARTESIAN_POINT( '', ( 8.75000000000000, 12.4200000000000, 0.000000000000000 ) );
#4654 = VECTOR( '', #5730, 1000.00000000000 );
#4655 = CARTESIAN_POINT( '', ( 2.75000000000000, -3.00000000000000, 0.000000000000000 ) );
#4656 = CARTESIAN_POINT( '', ( 5.35000000000000, -3.00000000000000, 0.000000000000000 ) );
#4657 = VECTOR( '', #5731, 1000.00000000000 );
#4658 = CARTESIAN_POINT( '', ( 2.75000000000000, -3.75000000000000, 0.000000000000000 ) );
#4659 = CARTESIAN_POINT( '', ( 2.75000000000000, 12.4200000000000, 0.000000000000000 ) );
#4660 = VECTOR( '', #5732, 1000.00000000000 );
#4661 = CARTESIAN_POINT( '', ( 1.97668384925381, -3.75000000000000, 0.000000000000000 ) );
#4662 = CARTESIAN_POINT( '', ( 5.35000000000000, -3.75000000000000, 0.000000000000000 ) );
#4663 = VECTOR( '', #5733, 1000.00000000000 );
#4664 = CARTESIAN_POINT( '', ( 2.23649147038914, -3.30000000000000, 0.000000000000000 ) );
#4665 = CARTESIAN_POINT( '', ( 11.3124377020501, 12.4200000000000, 0.000000000000000 ) );
#4666 = VECTOR( '', #5734, 1000.00000000000 );
#4667 = CARTESIAN_POINT( '', ( 2.14988893001070, -3.15000000000000, 0.000000000000000 ) );
#4668 = AXIS2_PLACEMENT_3D( '', #5735, #5736, #5737 );
#4669 = CARTESIAN_POINT( '', ( 1.25011106998930, -3.15000000000000, 0.000000000000000 ) );
#4670 = CARTESIAN_POINT( '', ( 5.35000000000000, -3.15000000000000, 0.000000000000000 ) );
#4671 = VECTOR( '', #5738, 1000.00000000000 );
#4672 = CARTESIAN_POINT( '', ( 1.16350852961086, -3.30000000000000, 0.000000000000000 ) );
#4673 = AXIS2_PLACEMENT_3D( '', #5739, #5740, #5741 );
#4674 = CARTESIAN_POINT( '', ( 1.42331615074620, -3.75000000000000, 0.000000000000000 ) );
#4675 = CARTESIAN_POINT( '', ( -7.91243770205010, 12.4200000000000, 0.000000000000000 ) );
#4676 = VECTOR( '', #5742, 1000.00000000000 );
#4677 = CARTESIAN_POINT( '', ( 0.000000000000000, -3.75000000000000, 0.000000000000000 ) );
#4678 = CARTESIAN_POINT( '', ( 5.35000000000000, -3.75000000000000, 0.000000000000000 ) );
#4679 = VECTOR( '', #5743, 1000.00000000000 );
#4680 = CARTESIAN_POINT( '', ( 0.000000000000000, 0.000000000000000, 0.000000000000000 ) );
#4681 = CARTESIAN_POINT( '', ( 0.000000000000000, 12.4200000000000, 0.000000000000000 ) );
#4682 = VECTOR( '', #5744, 1000.00000000000 );
#4683 = CARTESIAN_POINT( '', ( 5.05000000000000, 0.000000000000000, 0.000000000000000 ) );
#4684 = CARTESIAN_POINT( '', ( 5.35000000000000, 0.000000000000000, 0.000000000000000 ) );
#4685 = VECTOR( '', #5745, 1000.00000000000 );
#4686 = CARTESIAN_POINT( '', ( 5.05000000000000, 9.92000000000000, 0.000000000000000 ) );
#4687 = VECTOR( '', #5746, 1000.00000000000 );
#4688 = COLOUR_RGB( '', 0.333333343267441, 0.666666686534882, 0.266666680574417 );
#4689 = CARTESIAN_POINT( '', ( 11.2000000000000, 0.000000000000000, 10.0000000000000 ) );
#4690 = CARTESIAN_POINT( '', ( 11.2000000000000, 0.000000000000000, -1.00000000000000 ) );
#4691 = VECTOR( '', #5747, 1000.00000000000 );
#4692 = CARTESIAN_POINT( '', ( 11.2000000000000, -3.75000000000000, 10.0000000000000 ) );
#4693 = CARTESIAN_POINT( '', ( 11.2000000000000, 7.42000000000000, 10.0000000000000 ) );
#4694 = VECTOR( '', #5748, 1000.00000000000 );
#4695 = CARTESIAN_POINT( '', ( 11.2000000000000, -3.75000000000000, -1.00000000000000 ) );
#4696 = VECTOR( '', #5749, 1000.00000000000 );
#4697 = COLOUR_RGB( '', 0.600000023841858, 0.600000023841858, 0.600000023841858 );
#4698 = CARTESIAN_POINT( '', ( 2.85000000000000, 0.000000000000000, 3.49000000000000 ) );
#4699 = CARTESIAN_POINT( '', ( 2.85000000000000, 0.000000000000000, 3.50000000000000 ) );
#4700 = CARTESIAN_POINT( '', ( 2.85000000000000, 0.000000000000000, -1.00000000000000 ) );
#4701 = VECTOR( '', #5750, 1000.00000000000 );
#4702 = CARTESIAN_POINT( '', ( 2.85000000000000, -1.45000000000000, 3.49000000000000 ) );
#4703 = CARTESIAN_POINT( '', ( 2.85000000000000, 1.45000000000000, 3.49000000000000 ) );
#4704 = VECTOR( '', #5751, 1000.00000000000 );
#4705 = CARTESIAN_POINT( '', ( 2.85000000000000, -1.45000000000000, 7.10000000000000 ) );
#4706 = CARTESIAN_POINT( '', ( 2.85000000000000, -1.45000000000000, 7.10000000000000 ) );
#4707 = VECTOR( '', #5752, 1000.00000000000 );
#4708 = CARTESIAN_POINT( '', ( 2.85000000000000, -1.30000000000000, 7.10000000000000 ) );
#4709 = CARTESIAN_POINT( '', ( 2.85000000000000, 1.45000000000000, 7.10000000000000 ) );
#4710 = VECTOR( '', #5753, 1000.00000000000 );
#4711 = CARTESIAN_POINT( '', ( 2.85000000000000, -1.30000000000000, 3.50000000000000 ) );
#4712 = CARTESIAN_POINT( '', ( 2.85000000000000, -1.30000000000000, -1.00000000000000 ) );
#4713 = VECTOR( '', #5754, 1000.00000000000 );
#4714 = CARTESIAN_POINT( '', ( 2.85000000000000, 10.0000000000000, 3.50000000000000 ) );
#4715 = VECTOR( '', #5755, 1000.00000000000 );
#4716 = COLOUR_RGB( '', 0.333333343267441, 0.666666686534882, 0.266666680574417 );
#4717 = CARTESIAN_POINT( '', ( 7.35000000000000, 0.000000000000000, 18.0000000000000 ) );
#4718 = CARTESIAN_POINT( '', ( 3.35000000000000, 0.000000000000000, 18.0000000000000 ) );
#4719 = AXIS2_PLACEMENT_3D( '', #5756, #5757, #5758 );
#4720 = CARTESIAN_POINT( '', ( 7.35000000000000, 0.000000000000000, 15.1000000000000 ) );
#4721 = CARTESIAN_POINT( '', ( 7.35000000000000, 0.000000000000000, 14.5000000000000 ) );
#4722 = VECTOR( '', #5759, 1000.00000000000 );
#4723 = CARTESIAN_POINT( '', ( 7.30959179422654, -0.400000000000000, 15.1000000000000 ) );
#4724 = AXIS2_PLACEMENT_3D( '', #5760, #5761, #5762 );
#4725 = CARTESIAN_POINT( '', ( 7.30959179422654, -0.400000000000000, 16.0000000000000 ) );
#4726 = CARTESIAN_POINT( '', ( 7.30959179422654, -0.400000000000000, 14.5000000000000 ) );
#4727 = VECTOR( '', #5763, 1000.00000000000 );
#4728 = CARTESIAN_POINT( '', ( 3.39040820577346, -0.400000000000000, 16.0000000000000 ) );
#4729 = AXIS2_PLACEMENT_3D( '', #5764, #5765, #5766 );
#4730 = CARTESIAN_POINT( '', ( 3.39040820577346, -0.400000000000000, 15.1000000000000 ) );
#4731 = CARTESIAN_POINT( '', ( 3.39040820577346, -0.400000000000000, 14.5000000000000 ) );
#4732 = VECTOR( '', #5767, 1000.00000000000 );
#4733 = CARTESIAN_POINT( '', ( 3.35000000000000, 0.000000000000000, 15.1000000000000 ) );
#4734 = AXIS2_PLACEMENT_3D( '', #5768, #5769, #5770 );
#4735 = CARTESIAN_POINT( '', ( 3.35000000000000, 0.000000000000000, 14.5000000000000 ) );
#4736 = VECTOR( '', #5771, 1000.00000000000 );
#4737 = COLOUR_RGB( '', 0.333333343267441, 0.666666686534882, 0.266666680574417 );
#4738 = CARTESIAN_POINT( '', ( 0.000000000000000, -3.75000000000000, 0.000000000000000 ) );
#4739 = CARTESIAN_POINT( '', ( 0.000000000000000, 0.000000000000000, 0.000000000000000 ) );
#4740 = CARTESIAN_POINT( '', ( 0.000000000000000, 1.17000000000000, 0.000000000000000 ) );
#4741 = VECTOR( '', #5772, 1000.00000000000 );
#4742 = CARTESIAN_POINT( '', ( 1.44641016151378, 0.000000000000000, 0.000000000000000 ) );
#4743 = CARTESIAN_POINT( '', ( 5.35000000000000, 0.000000000000000, 0.000000000000000 ) );
#4744 = VECTOR( '', #5773, 1000.00000000000 );
#4745 = CARTESIAN_POINT( '', ( 1.18660254037845, 0.450000000000000, 0.000000000000000 ) );
#4746 = CARTESIAN_POINT( '', ( 0.0492225100748797, 2.42000000000000, 0.000000000000000 ) );
#4747 = VECTOR( '', #5774, 1000.00000000000 );
#4748 = CARTESIAN_POINT( '', ( 1.27320508075689, 0.600000000000000, 0.000000000000000 ) );
#4749 = AXIS2_PLACEMENT_3D( '', #5775, #5776, #5777 );
#4750 = CARTESIAN_POINT( '', ( 2.12679491924311, 0.600000000000000, 0.000000000000000 ) );
#4751 = CARTESIAN_POINT( '', ( 5.35000000000000, 0.600000000000000, 0.000000000000000 ) );
#4752 = VECTOR( '', #5778, 1000.00000000000 );
#4753 = CARTESIAN_POINT( '', ( 2.21339745962156, 0.450000000000000, 0.000000000000000 ) );
#4754 = AXIS2_PLACEMENT_3D( '', #5779, #5780, #5781 );
#4755 = CARTESIAN_POINT( '', ( 1.95358983848623, 0.000000000000000, 0.000000000000000 ) );
#4756 = CARTESIAN_POINT( '', ( 3.35077748992512, 2.42000000000000, 0.000000000000000 ) );
#4757 = VECTOR( '', #5782, 1000.00000000000 );
#4758 = CARTESIAN_POINT( '', ( 2.75000000000000, 0.000000000000000, 0.000000000000000 ) );
#4759 = CARTESIAN_POINT( '', ( 5.35000000000000, 0.000000000000000, 0.000000000000000 ) );
#4760 = VECTOR( '', #5783, 1000.00000000000 );
#4761 = CARTESIAN_POINT( '', ( 2.75000000000000, -0.750000000000000, 0.000000000000000 ) );
#4762 = CARTESIAN_POINT( '', ( 2.75000000000000, 1.17000000000000, 0.000000000000000 ) );
#4763 = VECTOR( '', #5784, 1000.00000000000 );
#4764 = CARTESIAN_POINT( '', ( 5.35000000000000, -0.750000000000000, 0.000000000000000 ) );
#4765 = VECTOR( '', #5785, 1000.00000000000 );
#4766 = CARTESIAN_POINT( '', ( 11.2000000000000, 0.000000000000000, 0.000000000000000 ) );
#4767 = CARTESIAN_POINT( '', ( 5.35000000000000, 0.000000000000000, 0.000000000000000 ) );
#4768 = VECTOR( '', #5786, 1000.00000000000 );
#4769 = CARTESIAN_POINT( '', ( 11.2000000000000, -3.75000000000000, 0.000000000000000 ) );
#4770 = CARTESIAN_POINT( '', ( 11.2000000000000, -1.33000000000000, 0.000000000000000 ) );
#4771 = VECTOR( '', #5787, 1000.00000000000 );
#4772 = CARTESIAN_POINT( '', ( 5.35000000000000, -3.75000000000000, 0.000000000000000 ) );
#4773 = VECTOR( '', #5788, 1000.00000000000 );
#4774 = CARTESIAN_POINT( '', ( 5.05000000000000, -3.30000000000000, 0.000000000000000 ) );
#4775 = CARTESIAN_POINT( '', ( 5.35000000000000, -3.30000000000000, 0.000000000000000 ) );
#4776 = VECTOR( '', #5789, 1000.00000000000 );
#4777 = CARTESIAN_POINT( '', ( 5.05000000000000, -3.75000000000000, 0.000000000000000 ) );
#4778 = CARTESIAN_POINT( '', ( 5.05000000000000, 1.17000000000000, 0.000000000000000 ) );
#4779 = VECTOR( '', #5790, 1000.00000000000 );
#4780 = CARTESIAN_POINT( '', ( 5.35000000000000, -3.75000000000000, 0.000000000000000 ) );
#4781 = VECTOR( '', #5791, 1000.00000000000 );
#4782 = COLOUR_RGB( '', 0.866666674613953, 0.866666674613953, 0.866666674613953 );
#4783 = CARTESIAN_POINT( '', ( 5.95000000000000, 0.000000000000000, -4.00000000000000 ) );
#4784 = CARTESIAN_POINT( '', ( 5.05000000000000, 0.000000000000000, -4.00000000000000 ) );
#4785 = CARTESIAN_POINT( '', ( 5.35000000000000, 0.000000000000000, -4.00000000000000 ) );
#4786 = VECTOR( '', #5792, 1000.00000000000 );
#4787 = CARTESIAN_POINT( '', ( 5.95000000000000, -0.235640646055101, -4.00000000000000 ) );
#4788 = CARTESIAN_POINT( '', ( 5.95000000000000, -2.00000000000000, -4.00000000000000 ) );
#4789 = VECTOR( '', #5793, 1000.00000000000 );
#4790 = CARTESIAN_POINT( '', ( 5.05000000000000, -0.235640646055101, -4.00000000000000 ) );
#4791 = CARTESIAN_POINT( '', ( -2.45933806298170, -0.235640646055101, -4.00000000000000 ) );
#4792 = VECTOR( '', #5794, 1000.00000000000 );
#4793 = CARTESIAN_POINT( '', ( 5.05000000000000, -2.00000000000000, -4.00000000000000 ) );
#4794 = VECTOR( '', #5795, 1000.00000000000 );
#4795 = COLOUR_RGB( '', 0.600000023841858, 0.600000023841858, 0.600000023841858 );
#4796 = CARTESIAN_POINT( '', ( 0.952627944162880, 0.000000000000000, 7.10000000000000 ) );
#4797 = CARTESIAN_POINT( '', ( 0.952627944162880, 0.000000000000000, -1.00000000000000 ) );
#4798 = VECTOR( '', #5796, 1000.00000000000 );
#4799 = CARTESIAN_POINT( '', ( 0.952627944162880, -1.45000000000000, 7.10000000000000 ) );
#4800 = CARTESIAN_POINT( '', ( 0.952627944162880, 4.92000000000000, 7.10000000000000 ) );
#4801 = VECTOR( '', #5797, 1000.00000000000 );
#4802 = CARTESIAN_POINT( '', ( 0.952627944162880, -1.45000000000000, -1.00000000000000 ) );
#4803 = VECTOR( '', #5798, 1000.00000000000 );
#4804 = COLOUR_RGB( '', 0.333333343267441, 0.666666686534882, 0.266666680574417 );
#4805 = CARTESIAN_POINT( '', ( 8.75000000000000, -3.75000000000000, 10.0000000000000 ) );
#4806 = CARTESIAN_POINT( '', ( 8.75000000000000, -3.75000000000000, -1.00000000000000 ) );
#4807 = VECTOR( '', #5799, 1000.00000000000 );
#4808 = CARTESIAN_POINT( '', ( 8.75000000000000, -3.00000000000000, 10.0000000000000 ) );
#4809 = CARTESIAN_POINT( '', ( 8.75000000000000, -3.75000000000000, 10.0000000000000 ) );
#4810 = VECTOR( '', #5800, 1000.00000000000 );
#4811 = CARTESIAN_POINT( '', ( 8.75000000000000, -3.00000000000000, 0.000000000000000 ) );
#4812 = VECTOR( '', #5801, 1000.00000000000 );
#4813 = COLOUR_RGB( '', 0.333333343267441, 0.666666686534882, 0.266666680574417 );
#4814 = CARTESIAN_POINT( '', ( 2.75000000000000, 0.000000000000000, 12.0000000000000 ) );
#4815 = CARTESIAN_POINT( '', ( 2.75000000000000, 0.000000000000000, -1.00000000000000 ) );
#4816 = VECTOR( '', #5802, 1000.00000000000 );
#4817 = CARTESIAN_POINT( '', ( 2.75000000000000, -0.750000000000000, 12.0000000000000 ) );
#4818 = CARTESIAN_POINT( '', ( 2.75000000000000, 0.000000000000000, 12.0000000000000 ) );
#4819 = VECTOR( '', #5803, 1000.00000000000 );
#4820 = CARTESIAN_POINT( '', ( 2.75000000000000, -0.750000000000000, 12.0000000000000 ) );
#4821 = VECTOR( '', #5804, 1000.00000000000 );
#4822 = COLOUR_RGB( '', 0.333333343267441, 0.666666686534882, 0.266666680574417 );
#4823 = CARTESIAN_POINT( '', ( 0.952627944162880, -6.05000000000000, 3.50000000000000 ) );
#4824 = CARTESIAN_POINT( '', ( 0.952627944162880, -6.05000000000000, 7.10000000000000 ) );
#4825 = CARTESIAN_POINT( '', ( 0.952627944162880, -6.05000000000000, -1.00000000000000 ) );
#4826 = VECTOR( '', #5805, 1000.00000000000 );
#4827 = CARTESIAN_POINT( '', ( 2.84000000000000, -6.05000000000000, 3.50000000000000 ) );
#4828 = CARTESIAN_POINT( '', ( 0.952627944162880, -6.05000000000000, 3.50000000000000 ) );
#4829 = VECTOR( '', #5806, 1000.00000000000 );
#4830 = CARTESIAN_POINT( '', ( 2.84000000000000, -6.05000000000000, 3.49000000000000 ) );
#4831 = CARTESIAN_POINT( '', ( 2.84000000000000, -6.05000000000000, 3.50000000000000 ) );
#4832 = VECTOR( '', #5807, 1000.00000000000 );
#4833 = CARTESIAN_POINT( '', ( 2.85000000000000, -6.05000000000000, 3.49000000000000 ) );
#4834 = CARTESIAN_POINT( '', ( 2.84000000000000, -6.05000000000000, 3.49000000000000 ) );
#4835 = VECTOR( '', #5808, 1000.00000000000 );
#4836 = CARTESIAN_POINT( '', ( 2.85000000000000, -6.05000000000000, 7.10000000000000 ) );
#4837 = CARTESIAN_POINT( '', ( 2.85000000000000, -6.05000000000000, -1.00000000000000 ) );
#4838 = VECTOR( '', #5809, 1000.00000000000 );
#4839 = CARTESIAN_POINT( '', ( 0.952627944162880, -6.05000000000000, 7.10000000000000 ) );
#4840 = VECTOR( '', #5810, 1000.00000000000 );
#4841 = COLOUR_RGB( '', 0.333333343267441, 0.666666686534882, 0.266666680574417 );
#4842 = CARTESIAN_POINT( '', ( 10.2000000000000, -3.00000000000000, 0.000000000000000 ) );
#4843 = CARTESIAN_POINT( '', ( 9.72832998645263, -3.00000000000000, 9.00000000000000 ) );
#4844 = CARTESIAN_POINT( '', ( 10.2524077792830, -3.00000000000000, -1.00000000000000 ) );
#4845 = VECTOR( '', #5811, 1000.00000000000 );
#4846 = CARTESIAN_POINT( '', ( 10.2000000000000, 4.92000000000000, 0.000000000000000 ) );
#4847 = VECTOR( '', #5812, 1000.00000000000 );
#4848 = CARTESIAN_POINT( '', ( 9.72832998645263, 4.92000000000000, 9.00000000000000 ) );
#4849 = VECTOR( '', #5813, 1000.00000000000 );
#4850 = COLOUR_RGB( '', 0.866666674613953, 0.866666674613953, 0.866666674613953 );
#4851 = CARTESIAN_POINT( '', ( 5.95000000000000, 0.000000000000000, -4.00000000000000 ) );
#4852 = CARTESIAN_POINT( '', ( 5.95000000000000, 0.000000000000000, 0.000000000000000 ) );
#4853 = CARTESIAN_POINT( '', ( 5.95000000000000, 0.000000000000000, -1.00000000000000 ) );
#4854 = VECTOR( '', #5814, 1000.00000000000 );
#4855 = CARTESIAN_POINT( '', ( 5.95000000000000, -0.450000000000000, 0.000000000000000 ) );
#4856 = CARTESIAN_POINT( '', ( 5.95000000000000, 4.92000000000000, 0.000000000000000 ) );
#4857 = VECTOR( '', #5815, 1000.00000000000 );
#4858 = CARTESIAN_POINT( '', ( 5.95000000000000, -0.450000000000000, -3.20000000000000 ) );
#4859 = CARTESIAN_POINT( '', ( 5.95000000000000, -0.450000000000000, 0.000000000000000 ) );
#4860 = VECTOR( '', #5816, 1000.00000000000 );
#4861 = CARTESIAN_POINT( '', ( 5.95000000000000, -0.235640646055100, -4.00000000000000 ) );
#4862 = CARTESIAN_POINT( '', ( 5.95000000000000, -1.68059363811246, 1.39263798090673 ) );
#4863 = VECTOR( '', #5817, 1000.00000000000 );
#4864 = CARTESIAN_POINT( '', ( 5.95000000000000, 4.92000000000000, -4.00000000000000 ) );
#4865 = VECTOR( '', #5818, 1000.00000000000 );
#4866 = COLOUR_RGB( '', 0.333333343267441, 0.666666686534882, 0.266666680574417 );
#4867 = CARTESIAN_POINT( '', ( 2.84000000000000, 0.000000000000000, 3.50000000000000 ) );
#4868 = CARTESIAN_POINT( '', ( 2.84000000000000, -1.45000000000000, 3.50000000000000 ) );
#4869 = CARTESIAN_POINT( '', ( 2.84000000000000, 4.92000000000000, 3.50000000000000 ) );
#4870 = VECTOR( '', #5819, 1000.00000000000 );
#4871 = CARTESIAN_POINT( '', ( 0.000000000000000, 0.000000000000000, 3.50000000000000 ) );
#4872 = CARTESIAN_POINT( '', ( 5.35000000000000, 0.000000000000000, 3.50000000000000 ) );
#4873 = VECTOR( '', #5820, 1000.00000000000 );
#4874 = CARTESIAN_POINT( '', ( 0.000000000000000, -2.00000000000000, 3.50000000000000 ) );
#4875 = CARTESIAN_POINT( '', ( 0.000000000000000, 4.92000000000000, 3.50000000000000 ) );
#4876 = VECTOR( '', #5821, 1000.00000000000 );
#4877 = CARTESIAN_POINT( '', ( 0.952627944162870, -1.45000000000000, 3.50000000000000 ) );
#4878 = CARTESIAN_POINT( '', ( 5.35000000000000, 1.08882394016451, 3.50000000000000 ) );
#4879 = VECTOR( '', #5822, 1000.00000000000 );
#4880 = CARTESIAN_POINT( '', ( 0.952627944162880, -1.45000000000000, 3.50000000000000 ) );
#4881 = VECTOR( '', #5823, 1000.00000000000 );
#4882 = COLOUR_RGB( '', 0.333333343267441, 0.666666686534882, 0.266666680574417 );
#4883 = CARTESIAN_POINT( '', ( 0.952627944162880, -1.45000000000000, 7.10000000000000 ) );
#4884 = CARTESIAN_POINT( '', ( 0.952627944162880, -1.45000000000000, 7.10000000000000 ) );
#4885 = VECTOR( '', #5824, 1000.00000000000 );
#4886 = CARTESIAN_POINT( '', ( 2.84000000000000, -1.45000000000000, 3.49000000000000 ) );
#4887 = CARTESIAN_POINT( '', ( 2.85000000000000, -1.45000000000000, 3.49000000000000 ) );
#4888 = VECTOR( '', #5825, 1000.00000000000 );
#4889 = CARTESIAN_POINT( '', ( 2.84000000000000, -1.45000000000000, 3.50000000000000 ) );
#4890 = CARTESIAN_POINT( '', ( 2.84000000000000, -1.45000000000000, 3.50000000000000 ) );
#4891 = VECTOR( '', #5826, 1000.00000000000 );
#4892 = CARTESIAN_POINT( '', ( 0.952627944162880, -1.45000000000000, 3.50000000000000 ) );
#4893 = CARTESIAN_POINT( '', ( 0.952627944162880, -1.45000000000000, 3.50000000000000 ) );
#4894 = VECTOR( '', #5827, 1000.00000000000 );
#4895 = CARTESIAN_POINT( '', ( 0.952627944162880, -1.45000000000000, -1.00000000000000 ) );
#4896 = VECTOR( '', #5828, 1000.00000000000 );
#4897 = COLOUR_RGB( '', 0.333333343267441, 0.666666686534882, 0.266666680574417 );
#4898 = CARTESIAN_POINT( '', ( 11.2000000000000, -3.75000000000000, 10.0000000000000 ) );
#4899 = CARTESIAN_POINT( '', ( 11.2000000000000, 0.000000000000000, 10.0000000000000 ) );
#4900 = CARTESIAN_POINT( '', ( 11.2000000000000, -3.83000000000000, 10.0000000000000 ) );
#4901 = VECTOR( '', #5829, 1000.00000000000 );
#4902 = CARTESIAN_POINT( '', ( 9.20000000000000, 0.000000000000000, 10.0000000000000 ) );
#4903 = CARTESIAN_POINT( '', ( 11.2000000000000, 0.000000000000000, 10.0000000000000 ) );
#4904 = VECTOR( '', #5830, 1000.00000000000 );
#4905 = CARTESIAN_POINT( '', ( 9.20000000000000, -3.75000000000000, 10.0000000000000 ) );
#4906 = CARTESIAN_POINT( '', ( 9.20000000000000, -1.17000000000000, 10.0000000000000 ) );
#4907 = VECTOR( '', #5831, 1000.00000000000 );
#4908 = CARTESIAN_POINT( '', ( 5.35000000000000, -3.75000000000000, 10.0000000000000 ) );
#4909 = VECTOR( '', #5832, 1000.00000000000 );
#4910 = COLOUR_RGB( '', 0.333333343267441, 0.666666686534882, 0.266666680574417 );
#4911 = CARTESIAN_POINT( '', ( 2.12679491924311, 0.600000000000000, 12.0000000000000 ) );
#4912 = CARTESIAN_POINT( '', ( 2.12679491924311, 0.600000000000000, -1.00000000000000 ) );
#4913 = VECTOR( '', #5833, 1000.00000000000 );
#4914 = CARTESIAN_POINT( '', ( 2.21339745962156, 0.450000000000000, 12.0000000000000 ) );
#4915 = AXIS2_PLACEMENT_3D( '', #5834, #5835, #5836 );
#4916 = CARTESIAN_POINT( '', ( 2.21339745962156, 0.450000000000000, -1.00000000000000 ) );
#4917 = VECTOR( '', #5837, 1000.00000000000 );
#4918 = COLOUR_RGB( '', 0.866666674613953, 0.866666674613953, 0.866666674613953 );
#4919 = CARTESIAN_POINT( '', ( 5.05000000000000, 0.000000000000000, -4.00000000000000 ) );
#4920 = CARTESIAN_POINT( '', ( 5.35000000000000, 0.000000000000000, -4.00000000000000 ) );
#4921 = VECTOR( '', #5838, 1000.00000000000 );
#4922 = CARTESIAN_POINT( '', ( 5.05000000000000, -0.235640646055100, -4.00000000000000 ) );
#4923 = CARTESIAN_POINT( '', ( 5.35000000000000, -0.235640646055100, -4.00000000000000 ) );
#4924 = VECTOR( '', #5839, 1000.00000000000 );
#4925 = CARTESIAN_POINT( '', ( 5.05000000000000, 4.92000000000000, -4.00000000000000 ) );
#4926 = VECTOR( '', #5840, 1000.00000000000 );
#4927 = COLOUR_RGB( '', 0.333333343267441, 0.666666686534882, 0.266666680574417 );
#4928 = CARTESIAN_POINT( '', ( 0.952627944162880, -1.45000000000000, 8.80000000000000 ) );
#4929 = CARTESIAN_POINT( '', ( 0.952627944162880, -1.45000000000000, -1.00000000000000 ) );
#4930 = VECTOR( '', #5841, 1000.00000000000 );
#4931 = CARTESIAN_POINT( '', ( 0.000000000000000, -2.00000000000000, 3.50000000000000 ) );
#4932 = CARTESIAN_POINT( '', ( 7.04358891324554, 2.06661795512340, 3.50000000000000 ) );
#4933 = VECTOR( '', #5842, 1000.00000000000 );
#4934 = CARTESIAN_POINT( '', ( 0.000000000000000, -2.00000000000000, 8.80000000000000 ) );
#4935 = CARTESIAN_POINT( '', ( 0.000000000000000, -2.00000000000000, -1.00000000000000 ) );
#4936 = VECTOR( '', #5843, 1000.00000000000 );
#4937 = CARTESIAN_POINT( '', ( 5.35000000000000, 1.08882394016450, 8.80000000000000 ) );
#4938 = VECTOR( '', #5844, 1000.00000000000 );
#4939 = COLOUR_RGB( '', 0.866666674613953, 0.866666674613953, 0.866666674613953 );
#4940 = CARTESIAN_POINT( '', ( 8.95000000000000, 0.000000000000000, 7.10000000000000 ) );
#4941 = CARTESIAN_POINT( '', ( 5.35000000000000, 0.000000000000000, 7.10000000000000 ) );
#4942 = VECTOR( '', #5845, 1000.00000000000 );
#4943 = CARTESIAN_POINT( '', ( 8.95000000000000, -1.30000000000000, 7.10000000000000 ) );
#4944 = CARTESIAN_POINT( '', ( 8.95000000000000, 4.92000000000000, 7.10000000000000 ) );
#4945 = VECTOR( '', #5846, 1000.00000000000 );
#4946 = CARTESIAN_POINT( '', ( 2.85000000000000, -1.30000000000000, 7.10000000000000 ) );
#4947 = CARTESIAN_POINT( '', ( 0.952627944162880, -1.30000000000000, 7.10000000000000 ) );
#4948 = VECTOR( '', #5847, 1000.00000000000 );
#4949 = CARTESIAN_POINT( '', ( 2.85000000000000, -1.45000000000000, 7.10000000000000 ) );
#4950 = CARTESIAN_POINT( '', ( 2.85000000000000, 1.45000000000000, 7.10000000000000 ) );
#4951 = VECTOR( '', #5848, 1000.00000000000 );
#4952 = CARTESIAN_POINT( '', ( 0.952627944162880, -1.45000000000000, 7.10000000000000 ) );
#4953 = VECTOR( '', #5849, 1000.00000000000 );
#4954 = COLOUR_RGB( '', 0.333333343267441, 0.666666686534882, 0.266666680574417 );
#4955 = CARTESIAN_POINT( '', ( 3.80796188425079, -3.75000000000000, 18.0000000000000 ) );
#4956 = CARTESIAN_POINT( '', ( 2.75000000000000, -3.75000000000000, 12.0000000000000 ) );
#4957 = CARTESIAN_POINT( '', ( 0.457749250789949, -3.75000000000000, -1.00000000000000 ) );
#4958 = VECTOR( '', #5850, 1000.00000000000 );
#4959 = CARTESIAN_POINT( '', ( 2.75000000000000, -3.00000000000000, 12.0000000000000 ) );
#4960 = CARTESIAN_POINT( '', ( 2.75000000000000, -3.75000000000000, 12.0000000000000 ) );
#4961 = VECTOR( '', #5851, 1000.00000000000 );
#4962 = CARTESIAN_POINT( '', ( 3.80796188425079, -3.00000000000000, 18.0000000000000 ) );
#4963 = CARTESIAN_POINT( '', ( 2.75000000000000, -3.00000000000000, 12.0000000000000 ) );
#4964 = VECTOR( '', #5852, 1000.00000000000 );
#4965 = CARTESIAN_POINT( '', ( 3.80796188425079, 12.4200000000000, 18.0000000000000 ) );
#4966 = VECTOR( '', #5853, 1000.00000000000 );
#4967 = COLOUR_RGB( '', 0.866666674613953, 0.866666674613953, 0.866666674613953 );
#4968 = CARTESIAN_POINT( '', ( -2.45933806298169, -7.05000000000000, -3.20000000000000 ) );
#4969 = VECTOR( '', #5854, 1000.00000000000 );
#4970 = CARTESIAN_POINT( '', ( 5.35000000000000, -7.05000000000000, 0.000000000000000 ) );
#4971 = VECTOR( '', #5855, 1000.00000000000 );
#4972 = COLOUR_RGB( '', 0.333333343267441, 0.666666686534882, 0.266666680574417 );
#4973 = CARTESIAN_POINT( '', ( 0.952627944162880, -1.45000000000000, -1.00000000000000 ) );
#4974 = VECTOR( '', #5856, 1000.00000000000 );
#4975 = CARTESIAN_POINT( '', ( 2.85000000000000, -1.45000000000000, 3.49000000000000 ) );
#4976 = CARTESIAN_POINT( '', ( 2.85000000000000, -1.45000000000000, 7.10000000000000 ) );
#4977 = VECTOR( '', #5857, 1000.00000000000 );
#4978 = CARTESIAN_POINT( '', ( 2.84000000000000, -1.45000000000000, 3.49000000000000 ) );
#4979 = CARTESIAN_POINT( '', ( 2.85000000000000, -1.45000000000000, 3.49000000000000 ) );
#4980 = VECTOR( '', #5858, 1000.00000000000 );
#4981 = CARTESIAN_POINT( '', ( 2.84000000000000, -1.45000000000000, 3.50000000000000 ) );
#4982 = VECTOR( '', #5859, 1000.00000000000 );
#4983 = COLOUR_RGB( '', 0.600000023841858, 0.600000023841858, 0.600000023841858 );
#4984 = CARTESIAN_POINT( '', ( 2.84000000000000, -3.75000000000000, 3.49000000000000 ) );
#4985 = CARTESIAN_POINT( '', ( 2.84000000000000, -3.75000000000000, 3.50000000000000 ) );
#4986 = CARTESIAN_POINT( '', ( 2.84000000000000, -3.75000000000000, -1.00000000000000 ) );
#4987 = VECTOR( '', #5860, 1000.00000000000 );
#4988 = CARTESIAN_POINT( '', ( 2.84000000000000, -2.30000000000000, 3.49000000000000 ) );
#4989 = CARTESIAN_POINT( '', ( 2.84000000000000, -5.20000000000000, 3.49000000000000 ) );
#4990 = VECTOR( '', #5861, 1000.00000000000 );
#4991 = CARTESIAN_POINT( '', ( 2.84000000000000, -2.30000000000000, 3.50000000000000 ) );
#4992 = CARTESIAN_POINT( '', ( 2.84000000000000, -2.30000000000000, 3.50000000000000 ) );
#4993 = VECTOR( '', #5862, 1000.00000000000 );
#4994 = CARTESIAN_POINT( '', ( 2.84000000000000, 1.17000000000000, 3.50000000000000 ) );
#4995 = VECTOR( '', #5863, 1000.00000000000 );
#4996 = COLOUR_RGB( '', 0.866666674613953, 0.866666674613953, 0.866666674613953 );
#4997 = CARTESIAN_POINT( '', ( 0.952627944162880, -7.50000000000000, 7.10000000000000 ) );
#4998 = CARTESIAN_POINT( '', ( 0.952627944162880, 2.50000000000000, 7.10000000000000 ) );
#4999 = VECTOR( '', #5864, 1000.00000000000 );
#5000 = CARTESIAN_POINT( '', ( 2.85000000000000, -6.20000000000000, 7.10000000000000 ) );
#5001 = CARTESIAN_POINT( '', ( 2.85000000000000, -6.05000000000000, 7.10000000000000 ) );
#5002 = VECTOR( '', #5865, 1000.00000000000 );
#5003 = CARTESIAN_POINT( '', ( 8.95000000000000, -6.20000000000000, 7.10000000000000 ) );
#5004 = CARTESIAN_POINT( '', ( 0.952627944162880, -6.20000000000000, 7.10000000000000 ) );
#5005 = VECTOR( '', #5866, 1000.00000000000 );
#5006 = CARTESIAN_POINT( '', ( 8.95000000000000, -7.50000000000000, 7.10000000000000 ) );
#5007 = CARTESIAN_POINT( '', ( 8.95000000000000, 2.50000000000000, 7.10000000000000 ) );
#5008 = VECTOR( '', #5867, 1000.00000000000 );
#5009 = CARTESIAN_POINT( '', ( 5.35000000000000, -7.50000000000000, 7.10000000000000 ) );
#5010 = VECTOR( '', #5868, 1000.00000000000 );
#5011 = COLOUR_RGB( '', 0.333333343267441, 0.666666686534882, 0.266666680574417 );
#5012 = CARTESIAN_POINT( '', ( 9.20000000000000, -3.75000000000000, -1.00000000000000 ) );
#5013 = VECTOR( '', #5869, 1000.00000000000 );
#5014 = CARTESIAN_POINT( '', ( 9.20000000000000, 0.000000000000000, 18.0000000000000 ) );
#5015 = VECTOR( '', #5870, 1000.00000000000 );
#5016 = COLOUR_RGB( '', 0.333333343267441, 0.666666686534882, 0.266666680574417 );
#5017 = CARTESIAN_POINT( '', ( 1.27320508075689, 0.600000000000000, 12.0000000000000 ) );
#5018 = CARTESIAN_POINT( '', ( 1.27320508075689, 0.600000000000000, -1.00000000000000 ) );
#5019 = VECTOR( '', #5871, 1000.00000000000 );
#5020 = CARTESIAN_POINT( '', ( 1.18660254037844, 0.450000000000000, 12.0000000000000 ) );
#5021 = CARTESIAN_POINT( '', ( 1.18660254037844, 0.450000000000000, -1.00000000000000 ) );
#5022 = VECTOR( '', #5872, 1000.00000000000 );
#5023 = AXIS2_PLACEMENT_3D( '', #5873, #5874, #5875 );
#5024 = COLOUR_RGB( '', 0.333333343267441, 0.666666686534882, 0.266666680574417 );
#5025 = CARTESIAN_POINT( '', ( 9.51919493137861, 0.000000000000000, -1.00000000000000 ) );
#5026 = VECTOR( '', #5876, 1000.00000000000 );
#5027 = CARTESIAN_POINT( '', ( 8.75000000000000, -0.750000000000000, 10.0000000000000 ) );
#5028 = VECTOR( '', #5877, 1000.00000000000 );
#5029 = COLOUR_RGB( '', 0.600000023841858, 0.600000023841858, 0.600000023841858 );
#5030 = CARTESIAN_POINT( '', ( 2.85000000000000, -3.75000000000000, 3.49000000000000 ) );
#5031 = CARTESIAN_POINT( '', ( 5.35000000000000, -3.75000000000000, 3.49000000000000 ) );
#5032 = VECTOR( '', #5878, 1000.00000000000 );
#5033 = CARTESIAN_POINT( '', ( 2.85000000000000, -2.30000000000000, 3.49000000000000 ) );
#5034 = CARTESIAN_POINT( '', ( 2.85000000000000, -2.30000000000000, 3.49000000000000 ) );
#5035 = VECTOR( '', #5879, 1000.00000000000 );
#5036 = CARTESIAN_POINT( '', ( 2.84000000000000, -2.30000000000000, 3.49000000000000 ) );
#5037 = VECTOR( '', #5880, 1000.00000000000 );
#5038 = COLOUR_RGB( '', 0.333333343267441, 0.666666686534882, 0.266666680574417 );
#5039 = CARTESIAN_POINT( '', ( 3.90000000000000, -3.00000000000000, 18.0000000000000 ) );
#5040 = CARTESIAN_POINT( '', ( 3.90000000000000, 4.92000000000000, 18.0000000000000 ) );
#5041 = VECTOR( '', #5881, 1000.00000000000 );
#5042 = CARTESIAN_POINT( '', ( 3.90000000000000, -3.00000000000000, 16.2500000000000 ) );
#5043 = CARTESIAN_POINT( '', ( 3.90000000000000, -3.00000000000000, 16.2500000000000 ) );
#5044 = VECTOR( '', #5882, 1000.00000000000 );
#5045 = CARTESIAN_POINT( '', ( 3.90000000000000, -3.00000000000000, 16.5000000000000 ) );
#5046 = VECTOR( '', #5883, 1000.00000000000 );
#5047 = COLOUR_RGB( '', 0.866666674613953, 0.866666674613953, 0.866666674613953 );
#5048 = CARTESIAN_POINT( '', ( 5.05000000000000, -3.30000000000000, -3.20000000000000 ) );
#5049 = CARTESIAN_POINT( '', ( -2.45933806298169, -3.30000000000000, -3.20000000000000 ) );
#5050 = VECTOR( '', #5884, 1000.00000000000 );
#5051 = CARTESIAN_POINT( '', ( 5.05000000000000, -3.30000000000000, 0.307053304181600 ) );
#5052 = VECTOR( '', #5885, 1000.00000000000 );
#5053 = COLOUR_RGB( '', 0.600000023841858, 0.600000023841858, 0.600000023841858 );
#5054 = CARTESIAN_POINT( '', ( 2.85000000000000, -6.20000000000000, -1.00000000000000 ) );
#5055 = VECTOR( '', #5886, 1000.00000000000 );
#5056 = CARTESIAN_POINT( '', ( 2.85000000000000, -7.50000000000000, 3.49000000000000 ) );
#5057 = CARTESIAN_POINT( '', ( 2.85000000000000, -6.05000000000000, 3.49000000000000 ) );
#5058 = VECTOR( '', #5887, 1000.00000000000 );
#5059 = CARTESIAN_POINT( '', ( 2.85000000000000, -7.50000000000000, -1.00000000000000 ) );
#5060 = VECTOR( '', #5888, 1000.00000000000 );
#5061 = COLOUR_RGB( '', 0.333333343267441, 0.666666686534882, 0.266666680574417 );
#5062 = CARTESIAN_POINT( '', ( 3.39040820577346, -7.10000000000000, 16.0000000000000 ) );
#5063 = CARTESIAN_POINT( '', ( 7.30959179422654, -7.10000000000000, 16.0000000000000 ) );
#5064 = AXIS2_PLACEMENT_3D( '', #5889, #5890, #5891 );
#5065 = CARTESIAN_POINT( '', ( 7.30959179422654, -7.10000000000000, 15.1000000000000 ) );
#5066 = CARTESIAN_POINT( '', ( 7.30959179422654, -7.10000000000000, 14.5000000000000 ) );
#5067 = VECTOR( '', #5892, 1000.00000000000 );
#5068 = CARTESIAN_POINT( '', ( 7.35000000000000, -7.50000000000000, 15.1000000000000 ) );
#5069 = AXIS2_PLACEMENT_3D( '', #5893, #5894, #5895 );
#5070 = CARTESIAN_POINT( '', ( 7.35000000000000, -7.50000000000000, 18.0000000000000 ) );
#5071 = CARTESIAN_POINT( '', ( 7.35000000000000, -7.50000000000000, 14.5000000000000 ) );
#5072 = VECTOR( '', #5896, 1000.00000000000 );
#5073 = CARTESIAN_POINT( '', ( 3.35000000000000, -7.50000000000000, 18.0000000000000 ) );
#5074 = AXIS2_PLACEMENT_3D( '', #5897, #5898, #5899 );
#5075 = CARTESIAN_POINT( '', ( 3.35000000000000, -7.50000000000000, 15.1000000000000 ) );
#5076 = CARTESIAN_POINT( '', ( 3.35000000000000, -7.50000000000000, 14.5000000000000 ) );
#5077 = VECTOR( '', #5900, 1000.00000000000 );
#5078 = CARTESIAN_POINT( '', ( 3.39040820577346, -7.10000000000000, 15.1000000000000 ) );
#5079 = AXIS2_PLACEMENT_3D( '', #5901, #5902, #5903 );
#5080 = CARTESIAN_POINT( '', ( 3.39040820577346, -7.10000000000000, 14.5000000000000 ) );
#5081 = VECTOR( '', #5904, 1000.00000000000 );
#5082 = COLOUR_RGB( '', 0.333333343267441, 0.666666686534882, 0.266666680574417 );
#5083 = CARTESIAN_POINT( '', ( 1.16350852961086, -3.30000000000000, 12.0000000000000 ) );
#5084 = CARTESIAN_POINT( '', ( 1.16350852961086, -3.30000000000000, -1.00000000000000 ) );
#5085 = VECTOR( '', #5905, 1000.00000000000 );
#5086 = CARTESIAN_POINT( '', ( 1.25011106998930, -3.15000000000000, 12.0000000000000 ) );
#5087 = CARTESIAN_POINT( '', ( 1.25011106998930, -3.15000000000000, -1.00000000000000 ) );
#5088 = VECTOR( '', #5906, 1000.00000000000 );
#5089 = AXIS2_PLACEMENT_3D( '', #5907, #5908, #5909 );
#5090 = COLOUR_RGB( '', 0.866666674613953, 0.866666674613953, 0.866666674613953 );
#5091 = CARTESIAN_POINT( '', ( 8.95000000000000, 0.000000000000000, 3.50000000000000 ) );
#5092 = CARTESIAN_POINT( '', ( 8.95000000000000, 0.000000000000000, 7.10000000000000 ) );
#5093 = CARTESIAN_POINT( '', ( 8.95000000000000, 0.000000000000000, -1.00000000000000 ) );
#5094 = VECTOR( '', #5910, 1000.00000000000 );
#5095 = CARTESIAN_POINT( '', ( 8.95000000000000, -1.30000000000000, 3.50000000000000 ) );
#5096 = CARTESIAN_POINT( '', ( 8.95000000000000, -1.15000000000000, 3.50000000000000 ) );
#5097 = VECTOR( '', #5911, 1000.00000000000 );
#5098 = CARTESIAN_POINT( '', ( 8.95000000000000, -1.30000000000000, 7.10000000000000 ) );
#5099 = CARTESIAN_POINT( '', ( 8.95000000000000, -1.30000000000000, -1.00000000000000 ) );
#5100 = VECTOR( '', #5912, 1000.00000000000 );
#5101 = CARTESIAN_POINT( '', ( 8.95000000000000, 10.0000000000000, 7.10000000000000 ) );
#5102 = VECTOR( '', #5913, 1000.00000000000 );
#5103 = COLOUR_RGB( '', 0.866666674613953, 0.866666674613953, 0.866666674613953 );
#5104 = CARTESIAN_POINT( '', ( 5.05000000000000, -0.450000000000000, 0.000000000000000 ) );
#5105 = CARTESIAN_POINT( '', ( 5.35000000000000, -0.450000000000000, 0.000000000000000 ) );
#5106 = VECTOR( '', #5914, 1000.00000000000 );
#5107 = CARTESIAN_POINT( '', ( 5.05000000000000, -0.450000000000000, -3.20000000000000 ) );
#5108 = CARTESIAN_POINT( '', ( 5.05000000000000, -0.450000000000000, 0.307053304181600 ) );
#5109 = VECTOR( '', #5915, 1000.00000000000 );
#5110 = CARTESIAN_POINT( '', ( -2.45933806298169, -0.450000000000000, -3.20000000000000 ) );
#5111 = VECTOR( '', #5916, 1000.00000000000 );
#5112 = COLOUR_RGB( '', 0.333333343267441, 0.666666686534882, 0.266666680574417 );
#5113 = CARTESIAN_POINT( '', ( 0.500000000000000, -3.75000000000000, 12.0000000000000 ) );
#5114 = CARTESIAN_POINT( '', ( 0.500000000000000, 0.000000000000000, 12.0000000000000 ) );
#5115 = CARTESIAN_POINT( '', ( 0.500000000000000, -3.75000000000000, 12.0000000000000 ) );
#5116 = VECTOR( '', #5917, 1000.00000000000 );
#5117 = CARTESIAN_POINT( '', ( 2.90000000000000, -3.75000000000000, 16.5000000000000 ) );
#5118 = CARTESIAN_POINT( '', ( -6.43333333333330, -3.75000000000000, -1.00000000000000 ) );
#5119 = VECTOR( '', #5918, 1000.00000000000 );
#5120 = CARTESIAN_POINT( '', ( 2.90000000000000, 0.000000000000000, 16.5000000000000 ) );
#5121 = CARTESIAN_POINT( '', ( 2.90000000000000, -8.75000000000000, 16.5000000000000 ) );
#5122 = VECTOR( '', #5919, 1000.00000000000 );
#5123 = CARTESIAN_POINT( '', ( -3.82387543252595, 0.000000000000000, 3.89273356401384 ) );
#5124 = VECTOR( '', #5920, 1000.00000000000 );
#5125 = COLOUR_RGB( '', 0.333333343267441, 0.666666686534882, 0.266666680574417 );
#5126 = CARTESIAN_POINT( '', ( 2.30000000000000, 0.600000000000000, 12.0000000000000 ) );
#5127 = VECTOR( '', #5921, 1000.00000000000 );
#5128 = COLOUR_RGB( '', 0.333333343267441, 0.666666686534882, 0.266666680574417 );
#5129 = CARTESIAN_POINT( '', ( 0.952627944162880, -6.05000000000000, 8.80000000000000 ) );
#5130 = CARTESIAN_POINT( '', ( 0.952627944162880, -6.05000000000000, -1.00000000000000 ) );
#5131 = VECTOR( '', #5922, 1000.00000000000 );
#5132 = CARTESIAN_POINT( '', ( 0.000000000000000, -5.50000000000000, 8.80000000000000 ) );
#5133 = CARTESIAN_POINT( '', ( 5.35000000000000, -8.58882394016450, 8.80000000000000 ) );
#5134 = VECTOR( '', #5923, 1000.00000000000 );
#5135 = CARTESIAN_POINT( '', ( 0.000000000000000, -5.50000000000000, 3.50000000000000 ) );
#5136 = CARTESIAN_POINT( '', ( 0.000000000000000, -5.50000000000000, -1.00000000000000 ) );
#5137 = VECTOR( '', #5924, 1000.00000000000 );
#5138 = CARTESIAN_POINT( '', ( 2.71346189432334, -7.06661795512340, 3.50000000000000 ) );
#5139 = VECTOR( '', #5925, 1000.00000000000 );
#5140 = COLOUR_RGB( '', 0.600000023841858, 0.600000023841858, 0.600000023841858 );
#5141 = CARTESIAN_POINT( '', ( 2.84000000000000, 0.000000000000000, 3.50000000000000 ) );
#5142 = CARTESIAN_POINT( '', ( 2.84000000000000, 10.0000000000000, 3.50000000000000 ) );
#5143 = VECTOR( '', #5926, 1000.00000000000 );
#5144 = CARTESIAN_POINT( '', ( 2.84000000000000, 0.000000000000000, 3.49000000000000 ) );
#5145 = CARTESIAN_POINT( '', ( 2.84000000000000, -1.45000000000000, 3.49000000000000 ) );
#5146 = VECTOR( '', #5927, 1000.00000000000 );
#5147 = CARTESIAN_POINT( '', ( 2.84000000000000, 0.000000000000000, -1.00000000000000 ) );
#5148 = VECTOR( '', #5928, 1000.00000000000 );
#5149 = COLOUR_RGB( '', 0.333333343267441, 0.666666686534882, 0.266666680574417 );
#5150 = CARTESIAN_POINT( '', ( 8.19058550445192, -3.00000000000000, 18.0000000000000 ) );
#5151 = CARTESIAN_POINT( '', ( 5.35000000000000, -3.00000000000000, 18.0000000000000 ) );
#5152 = VECTOR( '', #5929, 1000.00000000000 );
#5153 = CARTESIAN_POINT( '', ( 2.75000000000000, -3.00000000000000, 0.000000000000000 ) );
#5154 = VECTOR( '', #5930, 1000.00000000000 );
#5155 = CARTESIAN_POINT( '', ( 8.75000000000000, -3.00000000000000, 10.0000000000000 ) );
#5156 = VECTOR( '', #5931, 1000.00000000000 );
#5157 = COLOUR_RGB( '', 0.333333343267441, 0.666666686534882, 0.266666680574417 );
#5158 = CARTESIAN_POINT( '', ( 8.20000000000000, -3.00000000000000, 9.00000000000000 ) );
#5159 = CARTESIAN_POINT( '', ( 5.35000000000000, -3.00000000000000, 9.00000000000000 ) );
#5160 = VECTOR( '', #5932, 1000.00000000000 );
#5161 = CARTESIAN_POINT( '', ( 8.20000000000000, -3.00000000000000, 18.0000000000000 ) );
#5162 = CARTESIAN_POINT( '', ( 8.20000000000000, -3.00000000000000, -1.00000000000000 ) );
#5163 = VECTOR( '', #5933, 1000.00000000000 );
#5164 = CARTESIAN_POINT( '', ( 5.35000000000000, -3.00000000000000, 18.0000000000000 ) );
#5165 = VECTOR( '', #5934, 1000.00000000000 );
#5166 = CARTESIAN_POINT( '', ( 1.40403563636172, -3.00000000000000, 11.5700668181782 ) );
#5167 = CARTESIAN_POINT( '', ( 1.38235294117649, -3.00000000000000, 11.5294117647059 ) );
#5168 = VECTOR( '', #5935, 1000.00000000000 );
#5169 = CARTESIAN_POINT( '', ( 1.00000000000000, -3.00000000000000, 0.000000000000000 ) );
#5170 = CARTESIAN_POINT( '', ( 1.00000000000000, -3.00000000000000, 0.000000000000000 ) );
#5171 = VECTOR( '', #5936, 1000.00000000000 );
#5172 = CARTESIAN_POINT( '', ( 5.35000000000000, -3.00000000000000, 0.000000000000000 ) );
#5173 = VECTOR( '', #5937, 1000.00000000000 );
#5174 = COLOUR_RGB( '', 0.866666674613953, 0.866666674613953, 0.866666674613953 );
#5175 = CARTESIAN_POINT( '', ( 5.35000000000000, -0.400000000000000, 15.1000000000000 ) );
#5176 = VECTOR( '', #5938, 1000.00000000000 );
#5177 = CARTESIAN_POINT( '', ( 7.30959179422654, -0.400000000000000, 16.0000000000000 ) );
#5178 = VECTOR( '', #5939, 1000.00000000000 );
#5179 = COLOUR_RGB( '', 0.333333343267441, 0.666666686534882, 0.266666680574417 );
#5180 = CARTESIAN_POINT( '', ( 0.000000000000000, -3.75000000000000, 12.0000000000000 ) );
#5181 = CARTESIAN_POINT( '', ( 0.000000000000000, 0.000000000000000, 12.0000000000000 ) );
#5182 = CARTESIAN_POINT( '', ( 0.000000000000000, -8.75000000000000, 12.0000000000000 ) );
#5183 = VECTOR( '', #5940, 1000.00000000000 );
#5184 = CARTESIAN_POINT( '', ( 0.000000000000000, 0.000000000000000, -1.00000000000000 ) );
#5185 = VECTOR( '', #5941, 1000.00000000000 );
#5186 = CARTESIAN_POINT( '', ( 0.000000000000000, -3.75000000000000, 3.50000000000000 ) );
#5187 = CARTESIAN_POINT( '', ( 0.000000000000000, -3.75000000000000, -1.00000000000000 ) );
#5188 = VECTOR( '', #5942, 1000.00000000000 );
#5189 = CARTESIAN_POINT( '', ( 0.000000000000000, 1.17000000000000, 3.50000000000000 ) );
#5190 = VECTOR( '', #5943, 1000.00000000000 );
#5191 = CARTESIAN_POINT( '', ( 0.000000000000000, -3.75000000000000, 8.80000000000000 ) );
#5192 = CARTESIAN_POINT( '', ( 0.000000000000000, -3.91000000000000, 8.80000000000000 ) );
#5193 = VECTOR( '', #5944, 1000.00000000000 );
#5194 = CARTESIAN_POINT( '', ( 0.000000000000000, -3.75000000000000, -1.00000000000000 ) );
#5195 = VECTOR( '', #5945, 1000.00000000000 );
#5196 = COLOUR_RGB( '', 0.333333343267441, 0.666666686534882, 0.266666680574417 );
#5197 = CARTESIAN_POINT( '', ( 5.35000000000000, -3.75000000000000, 18.0000000000000 ) );
#5198 = VECTOR( '', #5946, 1000.00000000000 );
#5199 = CARTESIAN_POINT( '', ( 0.500000000000000, -3.75000000000000, 12.0000000000000 ) );
#5200 = CARTESIAN_POINT( '', ( -6.43333333333330, -3.75000000000000, -1.00000000000000 ) );
#5201 = VECTOR( '', #5947, 1000.00000000000 );
#5202 = CARTESIAN_POINT( '', ( 0.000000000000000, -3.75000000000000, 12.0000000000000 ) );
#5203 = CARTESIAN_POINT( '', ( 5.35000000000000, -3.75000000000000, 12.0000000000000 ) );
#5204 = VECTOR( '', #5948, 1000.00000000000 );
#5205 = CARTESIAN_POINT( '', ( 0.000000000000000, -3.75000000000000, -1.00000000000000 ) );
#5206 = VECTOR( '', #5949, 1000.00000000000 );
#5207 = CARTESIAN_POINT( '', ( 1.42331615074619, -3.75000000000000, 12.0000000000000 ) );
#5208 = CARTESIAN_POINT( '', ( 1.42331615074619, -3.75000000000000, -1.00000000000000 ) );
#5209 = VECTOR( '', #5950, 1000.00000000000 );
#5210 = CARTESIAN_POINT( '', ( 1.97668384925381, -3.75000000000000, 12.0000000000000 ) );
#5211 = CARTESIAN_POINT( '', ( 5.35000000000000, -3.75000000000000, 12.0000000000000 ) );
#5212 = VECTOR( '', #5951, 1000.00000000000 );
#5213 = CARTESIAN_POINT( '', ( 1.97668384925381, -3.75000000000000, -1.00000000000000 ) );
#5214 = VECTOR( '', #5952, 1000.00000000000 );
#5215 = CARTESIAN_POINT( '', ( 2.75000000000000, -3.75000000000000, -1.00000000000000 ) );
#5216 = VECTOR( '', #5953, 1000.00000000000 );
#5217 = COLOUR_RGB( '', 0.866666674613953, 0.866666674613953, 0.866666674613953 );
#5218 = CARTESIAN_POINT( '', ( 5.05000000000000, -3.51435935394489, -4.00000000000000 ) );
#5219 = CARTESIAN_POINT( '', ( -2.45933806298170, -3.51435935394489, -4.00000000000000 ) );
#5220 = VECTOR( '', #5954, 1000.00000000000 );
#5221 = CARTESIAN_POINT( '', ( 5.05000000000000, -3.75000000000000, -4.00000000000000 ) );
#5222 = CARTESIAN_POINT( '', ( 5.35000000000000, -3.75000000000000, -4.00000000000000 ) );
#5223 = VECTOR( '', #5955, 1000.00000000000 );
#5224 = CARTESIAN_POINT( '', ( 5.05000000000000, -5.75000000000000, -4.00000000000000 ) );
#5225 = VECTOR( '', #5956, 1000.00000000000 );
#5226 = COLOUR_RGB( '', 0.333333343267441, 0.666666686534882, 0.266666680574417 );
#5227 = CARTESIAN_POINT( '', ( 8.20000000000000, 4.92000000000000, 9.00000000000000 ) );
#5228 = VECTOR( '', #5957, 1000.00000000000 );
#5229 = COLOUR_RGB( '', 0.600000023841858, 0.600000023841858, 0.600000023841858 );
#5230 = CARTESIAN_POINT( '', ( 5.35000000000000, 0.000000000000000, 18.0000000000000 ) );
#5231 = VECTOR( '', #5958, 1000.00000000000 );
#5232 = CARTESIAN_POINT( '', ( 11.2000000000000, 0.000000000000000, 10.0000000000000 ) );
#5233 = CARTESIAN_POINT( '', ( 5.35000000000000, 0.000000000000000, 10.0000000000000 ) );
#5234 = VECTOR( '', #5959, 1000.00000000000 );
#5235 = CARTESIAN_POINT( '', ( 11.2000000000000, 0.000000000000000, 0.000000000000000 ) );
#5236 = CARTESIAN_POINT( '', ( 11.2000000000000, 0.000000000000000, -1.00000000000000 ) );
#5237 = VECTOR( '', #5960, 1000.00000000000 );
#5238 = CARTESIAN_POINT( '', ( 5.35000000000000, 0.000000000000000, 0.000000000000000 ) );
#5239 = VECTOR( '', #5961, 1000.00000000000 );
#5240 = CARTESIAN_POINT( '', ( 5.05000000000000, 0.000000000000000, 0.000000000000000 ) );
#5241 = CARTESIAN_POINT( '', ( 5.05000000000000, 0.000000000000000, -1.00000000000000 ) );
#5242 = VECTOR( '', #5962, 1000.00000000000 );
#5243 = CARTESIAN_POINT( '', ( 0.000000000000000, 0.000000000000000, 0.000000000000000 ) );
#5244 = CARTESIAN_POINT( '', ( 5.35000000000000, 0.000000000000000, 0.000000000000000 ) );
#5245 = VECTOR( '', #5963, 1000.00000000000 );
#5246 = CARTESIAN_POINT( '', ( 0.000000000000000, 0.000000000000000, -1.00000000000000 ) );
#5247 = VECTOR( '', #5964, 1000.00000000000 );
#5248 = CARTESIAN_POINT( '', ( 2.84000000000000, 0.000000000000000, 3.49000000000000 ) );
#5249 = CARTESIAN_POINT( '', ( 2.84000000000000, 0.000000000000000, -1.00000000000000 ) );
#5250 = VECTOR( '', #5965, 1000.00000000000 );
#5251 = CARTESIAN_POINT( '', ( 2.85000000000000, 0.000000000000000, 3.49000000000000 ) );
#5252 = CARTESIAN_POINT( '', ( 5.35000000000000, 0.000000000000000, 3.49000000000000 ) );
#5253 = VECTOR( '', #5966, 1000.00000000000 );
#5254 = CARTESIAN_POINT( '', ( 2.85000000000000, 0.000000000000000, -1.00000000000000 ) );
#5255 = VECTOR( '', #5967, 1000.00000000000 );
#5256 = CARTESIAN_POINT( '', ( 8.95000000000000, 0.000000000000000, -1.00000000000000 ) );
#5257 = VECTOR( '', #5968, 1000.00000000000 );
#5258 = CARTESIAN_POINT( '', ( 0.000000000000000, 0.000000000000000, -1.00000000000000 ) );
#5259 = VECTOR( '', #5969, 1000.00000000000 );
#5260 = CARTESIAN_POINT( '', ( 2.90000000000000, 0.000000000000000, 16.5000000000000 ) );
#5261 = CARTESIAN_POINT( '', ( -6.43333333333330, 0.000000000000000, -1.00000000000000 ) );
#5262 = VECTOR( '', #5970, 1000.00000000000 );
#5263 = CARTESIAN_POINT( '', ( 2.90000000000000, 0.000000000000000, 18.0000000000000 ) );
#5264 = CARTESIAN_POINT( '', ( 2.90000000000000, 0.000000000000000, -1.00000000000000 ) );
#5265 = VECTOR( '', #5971, 1000.00000000000 );
#5266 = CARTESIAN_POINT( '', ( 5.35000000000000, 0.000000000000000, 18.0000000000000 ) );
#5267 = VECTOR( '', #5972, 1000.00000000000 );
#5268 = COLOUR_RGB( '', 0.333333343267441, 0.666666686534882, 0.266666680574417 );
#5269 = CARTESIAN_POINT( '', ( 2.84000000000000, -7.50000000000000, 3.50000000000000 ) );
#5270 = CARTESIAN_POINT( '', ( 0.000000000000000, -7.50000000000000, 3.50000000000000 ) );
#5271 = CARTESIAN_POINT( '', ( 5.35000000000000, -7.50000000000000, 3.50000000000000 ) );
#5272 = VECTOR( '', #5973, 1000.00000000000 );
#5273 = CARTESIAN_POINT( '', ( 2.84000000000000, 2.50000000000000, 3.50000000000000 ) );
#5274 = VECTOR( '', #5974, 1000.00000000000 );
#5275 = CARTESIAN_POINT( '', ( 0.000000000000000, 2.42000000000000, 3.50000000000000 ) );
#5276 = VECTOR( '', #5975, 1000.00000000000 );
#5277 = COLOUR_RGB( '', 0.333333343267441, 0.666666686534882, 0.266666680574417 );
#5278 = CARTESIAN_POINT( '', ( -5.74737419258900, 8.67000000000000, 12.0000000000000 ) );
#5279 = VECTOR( '', #5976, 1000.00000000000 );
#5280 = CARTESIAN_POINT( '', ( 2.14988893001070, -3.15000000000000, 12.0000000000000 ) );
#5281 = CARTESIAN_POINT( '', ( 2.30000000000000, -3.15000000000000, 12.0000000000000 ) );
#5282 = VECTOR( '', #5977, 1000.00000000000 );
#5283 = CARTESIAN_POINT( '', ( 2.23649147038914, -3.30000000000000, 12.0000000000000 ) );
#5284 = AXIS2_PLACEMENT_3D( '', #5978, #5979, #5980 );
#5285 = CARTESIAN_POINT( '', ( 9.14737419258897, 8.67000000000000, 12.0000000000000 ) );
#5286 = VECTOR( '', #5981, 1000.00000000000 );
#5287 = COLOUR_RGB( '', 0.866666674613953, 0.866666674613953, 0.866666674613953 );
#5288 = COLOUR_RGB( '', 0.333333343267441, 0.666666686534882, 0.266666680574417 );
#5289 = CARTESIAN_POINT( '', ( 11.2000000000000, -7.50000000000000, 10.0000000000000 ) );
#5290 = CARTESIAN_POINT( '', ( 11.2000000000000, -7.50000000000000, 0.000000000000000 ) );
#5291 = CARTESIAN_POINT( '', ( 11.2000000000000, -7.50000000000000, -1.00000000000000 ) );
#5292 = VECTOR( '', #5982, 1000.00000000000 );
#5293 = CARTESIAN_POINT( '', ( 11.2000000000000, 2.42000000000000, 0.000000000000000 ) );
#5294 = VECTOR( '', #5983, 1000.00000000000 );
#5295 = CARTESIAN_POINT( '', ( 11.2000000000000, -0.0800000000000000, 10.0000000000000 ) );
#5296 = VECTOR( '', #5984, 1000.00000000000 );
#5297 = COLOUR_RGB( '', 0.600000023841858, 0.600000023841858, 0.600000023841858 );
#5298 = CARTESIAN_POINT( '', ( 0.952627944162880, -3.75000000000000, 7.10000000000000 ) );
#5299 = CARTESIAN_POINT( '', ( 0.952627944162880, 1.17000000000000, 7.10000000000000 ) );
#5300 = VECTOR( '', #5985, 1000.00000000000 );
#5301 = CARTESIAN_POINT( '', ( 0.952627944162880, -3.75000000000000, 8.80000000000000 ) );
#5302 = CARTESIAN_POINT( '', ( 0.952627944162880, -3.75000000000000, -1.00000000000000 ) );
#5303 = VECTOR( '', #5986, 1000.00000000000 );
#5304 = CARTESIAN_POINT( '', ( 0.952627944162880, 1.17000000000000, 8.80000000000000 ) );
#5305 = VECTOR( '', #5987, 1000.00000000000 );
#5306 = COLOUR_RGB( '', 0.866666674613953, 0.866666674613953, 0.866666674613953 );
#5307 = CARTESIAN_POINT( '', ( 8.95000000000000, -3.75000000000000, 3.50000000000000 ) );
#5308 = CARTESIAN_POINT( '', ( 8.95000000000000, -2.45000000000000, 3.50000000000000 ) );
#5309 = CARTESIAN_POINT( '', ( 8.95000000000000, -4.90000000000000, 3.50000000000000 ) );
#5310 = VECTOR( '', #5988, 1000.00000000000 );
#5311 = CARTESIAN_POINT( '', ( 8.95000000000000, -3.75000000000000, 7.10000000000000 ) );
#5312 = CARTESIAN_POINT( '', ( 8.95000000000000, -3.75000000000000, -1.00000000000000 ) );
#5313 = VECTOR( '', #5989, 1000.00000000000 );
#5314 = CARTESIAN_POINT( '', ( 8.95000000000000, -2.45000000000000, 7.10000000000000 ) );
#5315 = CARTESIAN_POINT( '', ( 8.95000000000000, 1.17000000000000, 7.10000000000000 ) );
#5316 = VECTOR( '', #5990, 1000.00000000000 );
#5317 = CARTESIAN_POINT( '', ( 8.95000000000000, -2.45000000000000, -1.00000000000000 ) );
#5318 = VECTOR( '', #5991, 1000.00000000000 );
#5319 = COLOUR_RGB( '', 0.866666674613953, 0.866666674613953, 0.866666674613953 );
#5320 = CARTESIAN_POINT( '', ( 7.30959179422654, -3.35000000000000, 16.0000000000000 ) );
#5321 = VECTOR( '', #5992, 1000.00000000000 );
#5322 = COLOUR_RGB( '', 0.866666674613953, 0.866666674613953, 0.866666674613953 );
#5323 = CARTESIAN_POINT( '', ( 5.35000000000000, -7.26435935394490, -4.00000000000000 ) );
#5324 = VECTOR( '', #5993, 1000.00000000000 );
#5325 = COLOUR_RGB( '', 0.866666674613953, 0.866666674613953, 0.866666674613953 );
#5326 = CARTESIAN_POINT( '', ( 8.95000000000000, -1.30000000000000, -1.00000000000000 ) );
#5327 = VECTOR( '', #5994, 1000.00000000000 );
#5328 = COLOUR_RGB( '', 0.333333343267441, 0.666666686534882, 0.266666680574417 );
#5329 = CARTESIAN_POINT( '', ( 11.2000000000000, -3.75000000000000, -1.00000000000000 ) );
#5330 = VECTOR( '', #5995, 1000.00000000000 );
#5331 = CARTESIAN_POINT( '', ( 11.2000000000000, 0.000000000000000, 9.00000000000000 ) );
#5332 = VECTOR( '', #5996, 1000.00000000000 );
#5333 = COLOUR_RGB( '', 0.333333343267441, 0.666666686534882, 0.266666680574417 );
#5334 = CARTESIAN_POINT( '', ( 8.20000000000000, 4.92000000000000, 18.0000000000000 ) );
#5335 = VECTOR( '', #5997, 1000.00000000000 );
#5336 = COLOUR_RGB( '', 0.866666674613953, 0.866666674613953, 0.866666674613953 );
#5337 = CARTESIAN_POINT( '', ( 5.35000000000000, -7.50000000000000, -4.00000000000000 ) );
#5338 = VECTOR( '', #5998, 1000.00000000000 );
#5339 = COLOUR_RGB( '', 0.866666674613953, 0.866666674613953, 0.866666674613953 );
#5340 = CARTESIAN_POINT( '', ( 0.952627944162880, 0.000000000000000, 7.10000000000000 ) );
#5341 = CARTESIAN_POINT( '', ( 5.35000000000000, 0.000000000000000, 7.10000000000000 ) );
#5342 = VECTOR( '', #5999, 1000.00000000000 );
#5343 = CARTESIAN_POINT( '', ( 0.952627944162880, -1.30000000000000, 7.10000000000000 ) );
#5344 = VECTOR( '', #6000, 1000.00000000000 );
#5345 = CARTESIAN_POINT( '', ( 0.952627944162880, 10.0000000000000, 7.10000000000000 ) );
#5346 = VECTOR( '', #6001, 1000.00000000000 );
#5347 = COLOUR_RGB( '', 0.866666674613953, 0.866666674613953, 0.866666674613953 );
#5348 = CARTESIAN_POINT( '', ( 7.30959179422654, -7.10000000000000, 16.0000000000000 ) );
#5349 = VECTOR( '', #6002, 1000.00000000000 );
#5350 = COLOUR_RGB( '', 0.333333343267441, 0.666666686534882, 0.266666680574417 );
#5351 = CARTESIAN_POINT( '', ( 0.500000000000000, 0.000000000000000, 12.0000000000000 ) );
#5352 = CARTESIAN_POINT( '', ( -6.43333333333330, 0.000000000000000, -1.00000000000000 ) );
#5353 = VECTOR( '', #6003, 1000.00000000000 );
#5354 = CARTESIAN_POINT( '', ( 0.500000000000000, 7.50000000000000, 12.0000000000000 ) );
#5355 = VECTOR( '', #6004, 1000.00000000000 );
#5356 = COLOUR_RGB( '', 0.333333343267441, 0.666666686534882, 0.266666680574417 );
#5357 = CARTESIAN_POINT( '', ( 1.95358983848623, 0.000000000000000, 12.0000000000000 ) );
#5358 = CARTESIAN_POINT( '', ( 1.90684236454021, -0.0809690000000000, 12.0000000000000 ) );
#5359 = VECTOR( '', #6005, 1000.00000000000 );
#5360 = CARTESIAN_POINT( '', ( 1.95358983848623, 0.000000000000000, -1.00000000000000 ) );
#5361 = VECTOR( '', #6006, 1000.00000000000 );
#5362 = COLOUR_RGB( '', 0.600000023841858, 0.600000023841858, 0.600000023841858 );
#5363 = CARTESIAN_POINT( '', ( 2.84000000000000, -7.50000000000000, 3.49000000000000 ) );
#5364 = CARTESIAN_POINT( '', ( 2.84000000000000, -7.50000000000000, -1.00000000000000 ) );
#5365 = VECTOR( '', #6007, 1000.00000000000 );
#5366 = CARTESIAN_POINT( '', ( 2.84000000000000, -8.95000000000000, 3.49000000000000 ) );
#5367 = VECTOR( '', #6008, 1000.00000000000 );
#5368 = COLOUR_RGB( '', 0.866666674613953, 0.866666674613953, 0.866666674613953 );
#5369 = CARTESIAN_POINT( '', ( 5.05000000000000, -1.68059363811250, 1.39263798090673 ) );
#5370 = VECTOR( '', #6009, 1000.00000000000 );
#5371 = CARTESIAN_POINT( '', ( 5.95000000000000, -1.68059363811250, 1.39263798090673 ) );
#5372 = VECTOR( '', #6010, 1000.00000000000 );
#5373 = COLOUR_RGB( '', 0.333333343267441, 0.666666686534882, 0.266666680574417 );
#5374 = CARTESIAN_POINT( '', ( 5.35000000000000, -3.75000000000000, 8.80000000000000 ) );
#5375 = VECTOR( '', #6011, 1000.00000000000 );
#5376 = COLOUR_RGB( '', 0.333333343267441, 0.666666686534882, 0.266666680574417 );
#5377 = CARTESIAN_POINT( '', ( 0.952627944162880, -2.30000000000000, 3.50000000000000 ) );
#5378 = VECTOR( '', #6012, 1000.00000000000 );
#5379 = CARTESIAN_POINT( '', ( 2.85000000000000, -2.30000000000000, 7.10000000000000 ) );
#5380 = CARTESIAN_POINT( '', ( 2.85000000000000, -2.30000000000000, -1.00000000000000 ) );
#5381 = VECTOR( '', #6013, 1000.00000000000 );
#5382 = CARTESIAN_POINT( '', ( 0.952627944162880, -2.30000000000000, 7.10000000000000 ) );
#5383 = VECTOR( '', #6014, 1000.00000000000 );
#5384 = COLOUR_RGB( '', 0.866666674613953, 0.866666674613953, 0.866666674613953 );
#5385 = COLOUR_RGB( '', 0.333333343267441, 0.666666686534882, 0.266666680574417 );
#5386 = CARTESIAN_POINT( '', ( 0.952627944162880, -7.50000000000000, 8.80000000000000 ) );
#5387 = CARTESIAN_POINT( '', ( 0.952627944162880, 2.50000000000000, 8.80000000000000 ) );
#5388 = VECTOR( '', #6015, 1000.00000000000 );
#5389 = CARTESIAN_POINT( '', ( 0.000000000000000, -7.50000000000000, 8.80000000000000 ) );
#5390 = CARTESIAN_POINT( '', ( 5.35000000000000, -7.50000000000000, 8.80000000000000 ) );
#5391 = VECTOR( '', #6016, 1000.00000000000 );
#5392 = CARTESIAN_POINT( '', ( 0.000000000000000, 2.42000000000000, 8.80000000000000 ) );
#5393 = VECTOR( '', #6017, 1000.00000000000 );
#5394 = COLOUR_RGB( '', 0.600000023841858, 0.600000023841858, 0.600000023841858 );
#5395 = CARTESIAN_POINT( '', ( 2.84000000000000, -1.45000000000000, 3.49000000000000 ) );
#5396 = VECTOR( '', #6018, 1000.00000000000 );
#5397 = CARTESIAN_POINT( '', ( 2.85000000000000, 1.45000000000000, 3.49000000000000 ) );
#5398 = VECTOR( '', #6019, 1000.00000000000 );
#5399 = COLOUR_RGB( '', 0.333333343267441, 0.666666686534882, 0.266666680574417 );
#5400 = CARTESIAN_POINT( '', ( 0.952627944162880, 0.000000000000000, 8.80000000000000 ) );
#5401 = CARTESIAN_POINT( '', ( 0.000000000000000, 0.000000000000000, 8.80000000000000 ) );
#5402 = CARTESIAN_POINT( '', ( 5.35000000000000, 0.000000000000000, 8.80000000000000 ) );
#5403 = VECTOR( '', #6020, 1000.00000000000 );
#5404 = CARTESIAN_POINT( '', ( 0.952627944162880, 10.0000000000000, 8.80000000000000 ) );
#5405 = VECTOR( '', #6021, 1000.00000000000 );
#5406 = CARTESIAN_POINT( '', ( 0.000000000000000, 9.92000000000000, 8.80000000000000 ) );
#5407 = VECTOR( '', #6022, 1000.00000000000 );
#5408 = COLOUR_RGB( '', 0.866666674613953, 0.866666674613953, 0.866666674613953 );
#5409 = CARTESIAN_POINT( '', ( 5.35000000000000, -1.30000000000000, 3.50000000000000 ) );
#5410 = VECTOR( '', #6023, 1000.00000000000 );
#5411 = CARTESIAN_POINT( '', ( 5.35000000000000, 0.000000000000000, 3.50000000000000 ) );
#5412 = VECTOR( '', #6024, 1000.00000000000 );
#5413 = COLOUR_RGB( '', 0.866666674613953, 0.866666674613953, 0.866666674613953 );
#5414 = CARTESIAN_POINT( '', ( 2.85000000000000, -3.75000000000000, 3.50000000000000 ) );
#5415 = CARTESIAN_POINT( '', ( 5.35000000000000, -3.75000000000000, 3.50000000000000 ) );
#5416 = VECTOR( '', #6025, 1000.00000000000 );
#5417 = CARTESIAN_POINT( '', ( 2.85000000000000, -2.45000000000000, 3.50000000000000 ) );
#5418 = CARTESIAN_POINT( '', ( 5.35000000000000, -2.45000000000000, 3.50000000000000 ) );
#5419 = VECTOR( '', #6026, 1000.00000000000 );
#5420 = CARTESIAN_POINT( '', ( 2.85000000000000, 1.17000000000000, 3.50000000000000 ) );
#5421 = VECTOR( '', #6027, 1000.00000000000 );
#5422 = COLOUR_RGB( '', 0.333333343267441, 0.666666686534882, 0.266666680574417 );
#5423 = CARTESIAN_POINT( '', ( 1.40403563636172, -3.00000000000000, 11.5700668181782 ) );
#5424 = VECTOR( '', #6028, 1000.00000000000 );
#5425 = CARTESIAN_POINT( '', ( 1.00000000000000, 4.92000000000000, 0.000000000000000 ) );
#5426 = VECTOR( '', #6029, 1000.00000000000 );
#5427 = COLOUR_RGB( '', 0.866666674613953, 0.866666674613953, 0.866666674613953 );
#5428 = CARTESIAN_POINT( '', ( 5.35000000000000, 0.000000000000000, 15.1000000000000 ) );
#5429 = VECTOR( '', #6030, 1000.00000000000 );
#5430 = COLOUR_RGB( '', 0.333333343267441, 0.666666686534882, 0.266666680574417 );
#5431 = CARTESIAN_POINT( '', ( 9.20000000000000, 0.000000000000000, 10.0000000000000 ) );
#5432 = CARTESIAN_POINT( '', ( 5.35000000000000, 0.000000000000000, 10.0000000000000 ) );
#5433 = VECTOR( '', #6031, 1000.00000000000 );
#5434 = CARTESIAN_POINT( '', ( 9.20000000000000, -3.75000000000000, 10.0000000000000 ) );
#5435 = CARTESIAN_POINT( '', ( 9.20000000000000, 10.0800000000000, 10.0000000000000 ) );
#5436 = VECTOR( '', #6032, 1000.00000000000 );
#5437 = CARTESIAN_POINT( '', ( 9.03831400000000, -3.75000000000000, 10.0000000000000 ) );
#5438 = VECTOR( '', #6033, 1000.00000000000 );
#5439 = COLOUR_RGB( '', 0.866666674613953, 0.866666674613953, 0.866666674613953 );
#5440 = CARTESIAN_POINT( '', ( 8.95000000000000, -6.20000000000000, -1.00000000000000 ) );
#5441 = VECTOR( '', #6034, 1000.00000000000 );
#5442 = COLOUR_RGB( '', 0.333333343267441, 0.666666686534882, 0.266666680574417 );
#5443 = CARTESIAN_POINT( '', ( 1.44641016151378, 0.000000000000000, 12.0000000000000 ) );
#5444 = CARTESIAN_POINT( '', ( 5.35000000000000, 0.000000000000000, 12.0000000000000 ) );
#5445 = VECTOR( '', #6035, 1000.00000000000 );
#5446 = CARTESIAN_POINT( '', ( 1.10000000000000, 0.600000000000000, 12.0000000000000 ) );
#5447 = VECTOR( '', #6036, 1000.00000000000 );
#5448 = COLOUR_RGB( '', 0.333333343267441, 0.666666686534882, 0.266666680574417 );
#5449 = CARTESIAN_POINT( '', ( 2.23649147038914, -3.30000000000000, -1.00000000000000 ) );
#5450 = VECTOR( '', #6037, 1000.00000000000 );
#5451 = COLOUR_RGB( '', 0.333333343267441, 0.666666686534882, 0.266666680574417 );
#5452 = CARTESIAN_POINT( '', ( 5.35000000000000, -7.50000000000000, 0.000000000000000 ) );
#5453 = VECTOR( '', #6038, 1000.00000000000 );
#5454 = CARTESIAN_POINT( '', ( 0.000000000000000, -7.50000000000000, 0.000000000000000 ) );
#5455 = CARTESIAN_POINT( '', ( 5.35000000000000, -7.50000000000000, 0.000000000000000 ) );
#5456 = VECTOR( '', #6039, 1000.00000000000 );
#5457 = CARTESIAN_POINT( '', ( 0.000000000000000, 4.92000000000000, 0.000000000000000 ) );
#5458 = VECTOR( '', #6040, 1000.00000000000 );
#5459 = CARTESIAN_POINT( '', ( 5.05000000000000, 4.92000000000000, 0.000000000000000 ) );
#5460 = VECTOR( '', #6041, 1000.00000000000 );
#5461 = COLOUR_RGB( '', 0.866666674613953, 0.866666674613953, 0.866666674613953 );
#5462 = COLOUR_RGB( '', 0.333333343267441, 0.666666686534882, 0.266666680574417 );
#5463 = CARTESIAN_POINT( '', ( 0.457749250789960, 0.000000000000000, -1.00000000000000 ) );
#5464 = VECTOR( '', #6042, 1000.00000000000 );
#5465 = CARTESIAN_POINT( '', ( 1.44641016151378, 0.000000000000000, -1.00000000000000 ) );
#5466 = VECTOR( '', #6043, 1000.00000000000 );
#5467 = CARTESIAN_POINT( '', ( 5.35000000000000, 0.000000000000000, 12.0000000000000 ) );
#5468 = VECTOR( '', #6044, 1000.00000000000 );
#5469 = CARTESIAN_POINT( '', ( 2.90000000000000, 0.000000000000000, -1.00000000000000 ) );
#5470 = VECTOR( '', #6045, 1000.00000000000 );
#5471 = COLOUR_RGB( '', 0.333333343267441, 0.666666686534882, 0.266666680574417 );
#5472 = CARTESIAN_POINT( '', ( 5.35000000000000, -3.75000000000000, 3.50000000000000 ) );
#5473 = VECTOR( '', #6046, 1000.00000000000 );
#5474 = COLOUR_RGB( '', 0.866666674613953, 0.866666674613953, 0.866666674613953 );
#5475 = CARTESIAN_POINT( '', ( 2.85000000000000, -2.45000000000000, 7.10000000000000 ) );
#5476 = CARTESIAN_POINT( '', ( 0.952627944162880, -2.45000000000000, 7.10000000000000 ) );
#5477 = VECTOR( '', #6047, 1000.00000000000 );
#5478 = CARTESIAN_POINT( '', ( 2.85000000000000, -2.45000000000000, -1.00000000000000 ) );
#5479 = VECTOR( '', #6048, 1000.00000000000 );
#5480 = COLOUR_RGB( '', 0.333333343267441, 0.666666686534882, 0.266666680574417 );
#5481 = CARTESIAN_POINT( '', ( 2.75000000000000, -0.750000000000000, 12.0000000000000 ) );
#5482 = VECTOR( '', #6049, 1000.00000000000 );
#5483 = COLOUR_RGB( '', 0.333333343267441, 0.666666686534882, 0.266666680574417 );
#5484 = COLOUR_RGB( '', 0.600000023841858, 0.600000023841858, 0.600000023841858 );
#5485 = CARTESIAN_POINT( '', ( 2.85000000000000, -2.30000000000000, 7.10000000000000 ) );
#5486 = VECTOR( '', #6050, 1000.00000000000 );
#5487 = CARTESIAN_POINT( '', ( 2.85000000000000, -3.75000000000000, -1.00000000000000 ) );
#5488 = VECTOR( '', #6051, 1000.00000000000 );
#5489 = COLOUR_RGB( '', 0.333333343267441, 0.666666686534882, 0.266666680574417 );
#5490 = CARTESIAN_POINT( '', ( 0.000000000000000, -7.50000000000000, -1.00000000000000 ) );
#5491 = VECTOR( '', #6052, 1000.00000000000 );
#5492 = CARTESIAN_POINT( '', ( 0.000000000000000, -7.50000000000000, -1.00000000000000 ) );
#5493 = VECTOR( '', #6053, 1000.00000000000 );
#5494 = CARTESIAN_POINT( '', ( 0.000000000000000, -2.00000000000000, -1.00000000000000 ) );
#5495 = VECTOR( '', #6054, 1000.00000000000 );
#5496 = COLOUR_RGB( '', 0.600000023841858, 0.600000023841858, 0.600000023841858 );
#5497 = COLOUR_RGB( '', 0.600000023841858, 0.600000023841858, 0.600000023841858 );
#5498 = CARTESIAN_POINT( '', ( 0.952627944162880, 0.000000000000000, -1.00000000000000 ) );
#5499 = VECTOR( '', #6055, 1000.00000000000 );
#5500 = COLOUR_RGB( '', 0.333333343267441, 0.666666686534882, 0.266666680574417 );
#5501 = CARTESIAN_POINT( '', ( 0.000000000000000, 0.000000000000000, 12.0000000000000 ) );
#5502 = CARTESIAN_POINT( '', ( 5.35000000000000, 0.000000000000000, 12.0000000000000 ) );
#5503 = VECTOR( '', #6056, 1000.00000000000 );
#5504 = CARTESIAN_POINT( '', ( 0.000000000000000, 2.50000000000000, 12.0000000000000 ) );
#5505 = VECTOR( '', #6057, 1000.00000000000 );
#5506 = COLOUR_RGB( '', 0.333333343267441, 0.666666686534882, 0.266666680574417 );
#5507 = CARTESIAN_POINT( '', ( 2.14988893001070, -3.15000000000000, -1.00000000000000 ) );
#5508 = VECTOR( '', #6058, 1000.00000000000 );
#5509 = COLOUR_RGB( '', 0.866666674613953, 0.866666674613953, 0.866666674613953 );
#5510 = CARTESIAN_POINT( '', ( 5.95000000000000, 0.000000000000000, -1.00000000000000 ) );
#5511 = VECTOR( '', #6059, 1000.00000000000 );
#5512 = COLOUR_RGB( '', 0.600000023841858, 0.600000023841858, 0.600000023841858 );
#5513 = CARTESIAN_POINT( '', ( 5.35000000000000, -7.50000000000000, 3.49000000000000 ) );
#5514 = VECTOR( '', #6060, 1000.00000000000 );
#5515 = COLOUR_RGB( '', 0.333333343267441, 0.666666686534882, 0.266666680574417 );
#5516 = CARTESIAN_POINT( '', ( 2.90000000000000, -3.75000000000000, -1.00000000000000 ) );
#5517 = VECTOR( '', #6061, 1000.00000000000 );
#5518 = COLOUR_RGB( '', 0.866666674613953, 0.866666674613953, 0.866666674613953 );
#5519 = CARTESIAN_POINT( '', ( 5.05000000000000, -1.68059363811246, 1.39263798090673 ) );
#5520 = VECTOR( '', #6062, 1000.00000000000 );
#5521 = COLOUR_RGB( '', 0.333333343267441, 0.666666686534882, 0.266666680574417 );
#5522 = CARTESIAN_POINT( '', ( 2.90000000000000, -7.50000000000000, 16.5000000000000 ) );
#5523 = CARTESIAN_POINT( '', ( -6.43333333333330, -7.50000000000000, -1.00000000000000 ) );
#5524 = VECTOR( '', #6063, 1000.00000000000 );
#5525 = CARTESIAN_POINT( '', ( 2.90000000000000, -5.00000000000000, 16.5000000000000 ) );
#5526 = VECTOR( '', #6064, 1000.00000000000 );
#5527 = COLOUR_RGB( '', 0.333333343267441, 0.666666686534882, 0.266666680574417 );
#5528 = CARTESIAN_POINT( '', ( 0.000000000000000, 0.000000000000000, 3.50000000000000 ) );
#5529 = CARTESIAN_POINT( '', ( 5.35000000000000, 0.000000000000000, 3.50000000000000 ) );
#5530 = VECTOR( '', #6065, 1000.00000000000 );
#5531 = CARTESIAN_POINT( '', ( 0.000000000000000, 9.92000000000000, 3.50000000000000 ) );
#5532 = VECTOR( '', #6066, 1000.00000000000 );
#5533 = COLOUR_RGB( '', 0.333333343267441, 0.666666686534882, 0.266666680574417 );
#5534 = CARTESIAN_POINT( '', ( 2.90000000000000, -7.50000000000000, 18.0000000000000 ) );
#5535 = CARTESIAN_POINT( '', ( 2.90000000000000, 4.92000000000000, 18.0000000000000 ) );
#5536 = VECTOR( '', #6067, 1000.00000000000 );
#5537 = CARTESIAN_POINT( '', ( 5.35000000000000, -7.50000000000000, 18.0000000000000 ) );
#5538 = VECTOR( '', #6068, 1000.00000000000 );
#5539 = CARTESIAN_POINT( '', ( 5.35000000000000, -7.50000000000000, 18.0000000000000 ) );
#5540 = VECTOR( '', #6069, 1000.00000000000 );
#5541 = COLOUR_RGB( '', 0.333333343267441, 0.666666686534882, 0.266666680574417 );
#5542 = CARTESIAN_POINT( '', ( 5.35000000000000, -7.50000000000000, 10.0000000000000 ) );
#5543 = VECTOR( '', #6070, 1000.00000000000 );
#5544 = COLOUR_RGB( '', 0.866666674613953, 0.866666674613953, 0.866666674613953 );
#5545 = CARTESIAN_POINT( '', ( 2.85000000000000, -1.30000000000000, -1.00000000000000 ) );
#5546 = VECTOR( '', #6071, 1000.00000000000 );
#5547 = COLOUR_RGB( '', 0.333333343267441, 0.666666686534882, 0.266666680574417 );
#5548 = CARTESIAN_POINT( '', ( 9.20000000000000, 0.000000000000000, 18.0000000000000 ) );
#5549 = CARTESIAN_POINT( '', ( 9.20000000000000, 0.000000000000000, -1.00000000000000 ) );
#5550 = VECTOR( '', #6072, 1000.00000000000 );
#5551 = CARTESIAN_POINT( '', ( 9.20000000000000, -3.75000000000000, 18.0000000000000 ) );
#5552 = CARTESIAN_POINT( '', ( 9.20000000000000, -5.00000000000000, 18.0000000000000 ) );
#5553 = VECTOR( '', #6073, 1000.00000000000 );
#5554 = CARTESIAN_POINT( '', ( 9.20000000000000, -3.75000000000000, 18.0000000000000 ) );
#5555 = VECTOR( '', #6074, 1000.00000000000 );
#5556 = COLOUR_RGB( '', 0.600000023841858, 0.600000023841858, 0.600000023841858 );
#5557 = CARTESIAN_POINT( '', ( 5.35000000000000, -3.75000000000000, 12.0000000000000 ) );
#5558 = VECTOR( '', #6075, 1000.00000000000 );
#5559 = CARTESIAN_POINT( '', ( 5.35000000000000, -3.75000000000000, 7.10000000000000 ) );
#5560 = VECTOR( '', #6076, 1000.00000000000 );
#5561 = CARTESIAN_POINT( '', ( 5.05000000000000, -3.75000000000000, -1.00000000000000 ) );
#5562 = VECTOR( '', #6077, 1000.00000000000 );
#5563 = COLOUR_RGB( '', 0.333333343267441, 0.666666686534882, 0.266666680574417 );
#5564 = COLOUR_RGB( '', 0.333333343267441, 0.666666686534882, 0.266666680574417 );
#5565 = COLOUR_RGB( '', 0.600000023841858, 0.600000023841858, 0.600000023841858 );
#5566 = CARTESIAN_POINT( '', ( 5.35000000000000, -7.50000000000000, 15.1000000000000 ) );
#5567 = VECTOR( '', #6078, 1000.00000000000 );
#5568 = CARTESIAN_POINT( '', ( 2.90000000000000, -7.50000000000000, -1.00000000000000 ) );
#5569 = VECTOR( '', #6079, 1000.00000000000 );
#5570 = CARTESIAN_POINT( '', ( 0.952627944162880, -7.50000000000000, -1.00000000000000 ) );
#5571 = VECTOR( '', #6080, 1000.00000000000 );
#5572 = CARTESIAN_POINT( '', ( 8.95000000000000, -7.50000000000000, -1.00000000000000 ) );
#5573 = VECTOR( '', #6081, 1000.00000000000 );
#5574 = COLOUR_RGB( '', 0.866666674613953, 0.866666674613953, 0.866666674613953 );
#5575 = CARTESIAN_POINT( '', ( 5.35000000000000, -7.10000000000000, 15.1000000000000 ) );
#5576 = VECTOR( '', #6082, 1000.00000000000 );
#5577 = COLOUR_RGB( '', 0.866666674613953, 0.866666674613953, 0.866666674613953 );
#5578 = COLOUR_RGB( '', 0.866666674613953, 0.866666674613953, 0.866666674613953 );
#5579 = CARTESIAN_POINT( '', ( 5.05000000000000, -2.33735555431866, 0.392637980906730 ) );
#5580 = VECTOR( '', #6083, 1000.00000000000 );
#5581 = COLOUR_RGB( '', 0.333333343267441, 0.666666686534882, 0.266666680574417 );
#5582 = COLOUR_RGB( '', 0.333333343267441, 0.666666686534882, 0.266666680574417 );
#5583 = CARTESIAN_POINT( '', ( 8.19058550445192, -3.75000000000000, 18.0000000000000 ) );
#5584 = CARTESIAN_POINT( '', ( 5.35000000000000, -3.75000000000000, 18.0000000000000 ) );
#5585 = VECTOR( '', #6084, 1000.00000000000 );
#5586 = CARTESIAN_POINT( '', ( 5.35000000000000, 0.000000000000000, 18.0000000000000 ) );
#5587 = VECTOR( '', #6085, 1000.00000000000 );
#5588 = CARTESIAN_POINT( '', ( 5.35000000000000, 0.000000000000000, 18.0000000000000 ) );
#5589 = VECTOR( '', #6086, 1000.00000000000 );
#5590 = CARTESIAN_POINT( '', ( 8.19058550445192, 12.4200000000000, 18.0000000000000 ) );
#5591 = VECTOR( '', #6087, 1000.00000000000 );
#5592 = COLOUR_RGB( '', 0.333333343267441, 0.666666686534882, 0.266666680574417 );
#5593 = CARTESIAN_POINT( '', ( 0.000000000000000, 0.000000000000000, -1.00000000000000 ) );
#5594 = VECTOR( '', #6088, 1000.00000000000 );
#5595 = CARTESIAN_POINT( '', ( 0.000000000000000, 0.000000000000000, -1.00000000000000 ) );
#5596 = VECTOR( '', #6089, 1000.00000000000 );
#5597 = COLOUR_RGB( '', 0.333333343267441, 0.666666686534882, 0.266666680574417 );
#5598 = COLOUR_RGB( '', 0.866666674613953, 0.866666674613953, 0.866666674613953 );
#5599 = COLOUR_RGB( '', 0.866666674613953, 0.866666674613953, 0.866666674613953 );
#5600 = CARTESIAN_POINT( '', ( 5.05000000000000, 0.000000000000000, -1.00000000000000 ) );
#5601 = VECTOR( '', #6090, 1000.00000000000 );
#5602 = COLOUR_RGB( '', 0.866666674613953, 0.866666674613953, 0.866666674613953 );
#5603 = COLOUR_RGB( '', 0.333333343267441, 0.666666686534882, 0.266666680574417 );
#5604 = CARTESIAN_POINT( '', ( 9.51919493137861, -3.75000000000000, -1.00000000000000 ) );
#5605 = VECTOR( '', #6091, 1000.00000000000 );
#5606 = COLOUR_RGB( '', 0.333333343267441, 0.666666686534882, 0.266666680574417 );
#5607 = COLOUR_RGB( '', 0.333333343267441, 0.666666686534882, 0.266666680574417 );
#5608 = COLOUR_RGB( '', 0.333333343267441, 0.666666686534882, 0.266666680574417 );
#5609 = COLOUR_RGB( '', 0.600000023841858, 0.600000023841858, 0.600000023841858 );
#5610 = COLOUR_RGB( '', 0.600000023841858, 0.600000023841858, 0.600000023841858 );
#5611 = COLOUR_RGB( '', 0.600000023841858, 0.600000023841858, 0.600000023841858 );
#5612 = CARTESIAN_POINT( '', ( 5.35000000000000, 0.000000000000000, 3.49000000000000 ) );
#5613 = VECTOR( '', #6092, 1000.00000000000 );
#5614 = COLOUR_RGB( '', 0.333333343267441, 0.666666686534882, 0.266666680574417 );
#5615 = COLOUR_RGB( '', 0.866666674613953, 0.866666674613953, 0.866666674613953 );
#5616 = COLOUR_RGB( '', 0.333333343267441, 0.666666686534882, 0.266666680574417 );
#5617 = COLOUR_RGB( '', 0.333333343267441, 0.666666686534882, 0.266666680574417 );
#5618 = COLOUR_RGB( '', 0.600000023841858, 0.600000023841858, 0.600000023841858 );
#5619 = COLOUR_RGB( '', 0.866666674613953, 0.866666674613953, 0.866666674613953 );
#5620 = DIRECTION( '', ( -1.00000000000000, 0.000000000000000, -2.77555756156289E-033 ) );
#5621 = CARTESIAN_POINT( '', ( 5.35000000000000, 0.000000000000000, 15.1000000000000 ) );
#5622 = DIRECTION( '', ( 0.000000000000000, 0.000000000000000, -1.00000000000000 ) );
#5623 = DIRECTION( '', ( -1.00000000000000, 0.000000000000000, 0.000000000000000 ) );
#5624 = DIRECTION( '', ( -1.00000000000000, -8.44114070952338E-017, 6.16297582203916E-033 ) );
#5625 = CARTESIAN_POINT( '', ( 5.35000000000000, 0.000000000000000, 15.1000000000000 ) );
#5626 = DIRECTION( '', ( 0.000000000000000, 0.000000000000000, -1.00000000000000 ) );
#5627 = DIRECTION( '', ( -1.00000000000000, 0.000000000000000, 0.000000000000000 ) );
#5628 = DIRECTION( '', ( 0.000000000000000, 0.258819045102521, 0.965925826289068 ) );
#5629 = DIRECTION( '', ( 0.000000000000000, -1.00000000000000E-016, -1.00000000000000 ) );
#5630 = DIRECTION( '', ( 0.000000000000000, -1.00000000000000, 0.000000000000000 ) );
#5631 = DIRECTION( '', ( 0.000000000000000, 0.000000000000000, -1.00000000000000 ) );
#5632 = DIRECTION( '', ( 0.000000000000000, 1.00000000000000, 0.000000000000000 ) );
#5633 = DIRECTION( '', ( 0.000000000000000, 0.000000000000000, -1.00000000000000 ) );
#5634 = CARTESIAN_POINT( '', ( 5.35000000000000, -3.75000000000000, 15.1000000000000 ) );
#5635 = DIRECTION( '', ( 0.000000000000000, 0.000000000000000, -1.00000000000000 ) );
#5636 = DIRECTION( '', ( -1.00000000000000, 0.000000000000000, 0.000000000000000 ) );
#5637 = DIRECTION( '', ( 0.000000000000000, 0.000000000000000, -1.00000000000000 ) );
#5638 = CARTESIAN_POINT( '', ( 5.35000000000000, -3.75000000000000, 16.0000000000000 ) );
#5639 = DIRECTION( '', ( 0.000000000000000, 0.000000000000000, -1.00000000000000 ) );
#5640 = DIRECTION( '', ( -1.00000000000000, 0.000000000000000, 0.000000000000000 ) );
#5641 = DIRECTION( '', ( 0.000000000000000, 0.000000000000000, -1.00000000000000 ) );
#5642 = CARTESIAN_POINT( '', ( 5.35000000000000, -3.75000000000000, 15.1000000000000 ) );
#5643 = DIRECTION( '', ( 0.000000000000000, 0.000000000000000, -1.00000000000000 ) );
#5644 = DIRECTION( '', ( -1.00000000000000, 0.000000000000000, 0.000000000000000 ) );
#5645 = DIRECTION( '', ( 0.000000000000000, 0.000000000000000, -1.00000000000000 ) );
#5646 = CARTESIAN_POINT( '', ( 5.35000000000000, -3.75000000000000, 18.0000000000000 ) );
#5647 = DIRECTION( '', ( 0.000000000000000, 0.000000000000000, 1.00000000000000 ) );
#5648 = DIRECTION( '', ( -1.00000000000000, 0.000000000000000, 0.000000000000000 ) );
#5649 = DIRECTION( '', ( 0.000000000000000, 0.000000000000000, 1.00000000000000 ) );
#5650 = DIRECTION( '', ( -0.866025403784439, 0.500000000000000, 0.000000000000000 ) );
#5651 = DIRECTION( '', ( 0.000000000000000, 0.000000000000000, -1.00000000000000 ) );
#5652 = DIRECTION( '', ( 0.866025403784439, -0.500000000000000, 0.000000000000000 ) );
#5653 = DIRECTION( '', ( 0.000000000000000, 0.000000000000000, 1.00000000000000 ) );
#5654 = DIRECTION( '', ( 0.000000000000000, 0.000000000000000, -1.00000000000000 ) );
#5655 = DIRECTION( '', ( 0.000000000000000, -1.00000000000000, 0.000000000000000 ) );
#5656 = DIRECTION( '', ( 0.000000000000000, 0.000000000000000, 1.00000000000000 ) );
#5657 = DIRECTION( '', ( 0.000000000000000, -1.00000000000000, 0.000000000000000 ) );
#5658 = DIRECTION( '', ( 0.000000000000000, 0.000000000000000, -1.00000000000000 ) );
#5659 = DIRECTION( '', ( -1.00000000000000, -8.44114070952338E-017, 5.66558314796049E-033 ) );
#5660 = DIRECTION( '', ( 0.000000000000000, 0.000000000000000, -1.00000000000000 ) );
#5661 = CARTESIAN_POINT( '', ( 5.35000000000000, 0.000000000000000, 18.0000000000000 ) );
#5662 = DIRECTION( '', ( 0.000000000000000, 0.000000000000000, -1.00000000000000 ) );
#5663 = DIRECTION( '', ( -1.00000000000000, 0.000000000000000, 0.000000000000000 ) );
#5664 = DIRECTION( '', ( 0.000000000000000, 0.000000000000000, -1.00000000000000 ) );
#5665 = CARTESIAN_POINT( '', ( 5.35000000000000, 0.000000000000000, 16.0000000000000 ) );
#5666 = DIRECTION( '', ( 0.000000000000000, 0.000000000000000, -1.00000000000000 ) );
#5667 = DIRECTION( '', ( -1.00000000000000, 0.000000000000000, 0.000000000000000 ) );
#5668 = DIRECTION( '', ( 0.000000000000000, 0.000000000000000, -1.00000000000000 ) );
#5669 = DIRECTION( '', ( -1.00000000000000, 0.000000000000000, 0.000000000000000 ) );
#5670 = DIRECTION( '', ( 0.000000000000000, 1.00000000000000, 0.000000000000000 ) );
#5671 = DIRECTION( '', ( 1.00000000000000, 0.000000000000000, 0.000000000000000 ) );
#5672 = DIRECTION( '', ( 0.000000000000000, 1.00000000000000, 0.000000000000000 ) );
#5673 = DIRECTION( '', ( 1.00000000000000, 0.000000000000000, 0.000000000000000 ) );
#5674 = DIRECTION( '', ( 0.000000000000000, 1.00000000000000E-016, 1.00000000000000 ) );
#5675 = DIRECTION( '', ( -1.00000000000000, 0.000000000000000, 0.000000000000000 ) );
#5676 = DIRECTION( '', ( 0.000000000000000, 1.00000000000000E-016, 1.00000000000000 ) );
#5677 = DIRECTION( '', ( 3.00000000000000E-016, 0.000000000000000, 1.00000000000000 ) );
#5678 = DIRECTION( '', ( 0.000000000000000, 1.00000000000000, 0.000000000000000 ) );
#5679 = DIRECTION( '', ( -3.00000000000000E-016, 0.000000000000000, -1.00000000000000 ) );
#5680 = DIRECTION( '', ( 0.000000000000000, 1.00000000000000, 0.000000000000000 ) );
#5681 = DIRECTION( '', ( -1.00000000000000, 0.000000000000000, 0.000000000000000 ) );
#5682 = DIRECTION( '', ( 0.000000000000000, 1.00000000000000, 0.000000000000000 ) );
#5683 = DIRECTION( '', ( 1.00000000000000, 0.000000000000000, 0.000000000000000 ) );
#5684 = DIRECTION( '', ( 0.000000000000000, 1.00000000000000, 0.000000000000000 ) );
#5685 = DIRECTION( '', ( -1.00000000000000, 0.000000000000000, 0.000000000000000 ) );
#5686 = DIRECTION( '', ( 0.000000000000000, 1.00000000000000, 0.000000000000000 ) );
#5687 = DIRECTION( '', ( 1.00000000000000, 0.000000000000000, 0.000000000000000 ) );
#5688 = DIRECTION( '', ( 0.000000000000000, 1.00000000000000, 0.000000000000000 ) );
#5689 = DIRECTION( '', ( -1.00000000000000, 0.000000000000000, -2.77555756156289E-033 ) );
#5690 = DIRECTION( '', ( 1.00000000000000, -1.98867750302791E-016, 1.23259516440783E-032 ) );
#5691 = DIRECTION( '', ( 1.00000000000000, 0.000000000000000, 0.000000000000000 ) );
#5692 = DIRECTION( '', ( 0.000000000000000, 1.00000000000000, 0.000000000000000 ) );
#5693 = DIRECTION( '', ( 0.866025403784439, 0.500000000000000, 0.000000000000000 ) );
#5694 = DIRECTION( '', ( 0.000000000000000, -1.00000000000000, 0.000000000000000 ) );
#5695 = DIRECTION( '', ( 0.000000000000000, 0.258819045102521, 0.965925826289068 ) );
#5696 = DIRECTION( '', ( 0.000000000000000, -1.00000000000000E-016, -1.00000000000000 ) );
#5697 = DIRECTION( '', ( 0.000000000000000, 1.00000000000000, 0.000000000000000 ) );
#5698 = DIRECTION( '', ( 0.000000000000000, 0.000000000000000, 1.00000000000000 ) );
#5699 = DIRECTION( '', ( 0.000000000000000, 1.00000000000000, -1.00000000000000E-016 ) );
#5700 = DIRECTION( '', ( 0.000000000000000, 1.00000000000000, 0.000000000000000 ) );
#5701 = DIRECTION( '', ( 0.000000000000000, -1.00000000000000E-016, -1.00000000000000 ) );
#5702 = DIRECTION( '', ( 0.000000000000000, -0.258819045102521, -0.965925826289068 ) );
#5703 = DIRECTION( '', ( 0.000000000000000, -1.00000000000000, 0.000000000000000 ) );
#5704 = DIRECTION( '', ( 0.000000000000000, 0.000000000000000, 1.00000000000000 ) );
#5705 = DIRECTION( '', ( -0.0523359562429438, 0.000000000000000, 0.998629534754574 ) );
#5706 = DIRECTION( '', ( -1.00000000000000, 0.000000000000000, 0.000000000000000 ) );
#5707 = DIRECTION( '', ( 0.0348994967025011, 0.000000000000000, 0.999390827019096 ) );
#5708 = DIRECTION( '', ( 0.470588235294119, 0.000000000000000, 0.882352941176470 ) );
#5709 = DIRECTION( '', ( 2.96059473233366E-016, 0.000000000000000, 1.00000000000000 ) );
#5710 = DIRECTION( '', ( -1.00000000000000, 0.000000000000000, 0.000000000000000 ) );
#5711 = DIRECTION( '', ( 0.000000000000000, 0.000000000000000, -1.00000000000000 ) );
#5712 = DIRECTION( '', ( -1.00000000000000, 0.000000000000000, 0.000000000000000 ) );
#5713 = DIRECTION( '', ( -1.00000000000000, 0.000000000000000, 0.000000000000000 ) );
#5714 = DIRECTION( '', ( 0.000000000000000, 1.00000000000000, 0.000000000000000 ) );
#5715 = DIRECTION( '', ( -1.00000000000000, 0.000000000000000, 0.000000000000000 ) );
#5716 = DIRECTION( '', ( 0.000000000000000, 1.00000000000000, 0.000000000000000 ) );
#5717 = DIRECTION( '', ( 1.00000000000000, 0.000000000000000, 0.000000000000000 ) );
#5718 = DIRECTION( '', ( 0.000000000000000, -1.00000000000000, 0.000000000000000 ) );
#5719 = DIRECTION( '', ( -1.00000000000000, 0.000000000000000, 0.000000000000000 ) );
#5720 = DIRECTION( '', ( 0.000000000000000, 1.00000000000000, 0.000000000000000 ) );
#5721 = DIRECTION( '', ( -1.00000000000000, 0.000000000000000, 0.000000000000000 ) );
#5722 = DIRECTION( '', ( 0.000000000000000, 0.000000000000000, 1.00000000000000 ) );
#5723 = DIRECTION( '', ( 0.000000000000000, 1.00000000000000, 0.000000000000000 ) );
#5724 = DIRECTION( '', ( 0.000000000000000, 0.000000000000000, 1.00000000000000 ) );
#5725 = DIRECTION( '', ( 0.000000000000000, -1.00000000000000, 0.000000000000000 ) );
#5726 = DIRECTION( '', ( 0.000000000000000, -1.00000000000000, 0.000000000000000 ) );
#5727 = DIRECTION( '', ( -1.00000000000000, 0.000000000000000, 0.000000000000000 ) );
#5728 = DIRECTION( '', ( 0.000000000000000, -1.00000000000000, 0.000000000000000 ) );
#5729 = DIRECTION( '', ( 1.00000000000000, 0.000000000000000, 0.000000000000000 ) );
#5730 = DIRECTION( '', ( 0.000000000000000, 1.00000000000000, 0.000000000000000 ) );
#5731 = DIRECTION( '', ( 1.00000000000000, 0.000000000000000, 0.000000000000000 ) );
#5732 = DIRECTION( '', ( 0.000000000000000, -1.00000000000000, 0.000000000000000 ) );
#5733 = DIRECTION( '', ( 1.00000000000000, 0.000000000000000, 0.000000000000000 ) );
#5734 = DIRECTION( '', ( -0.500000000000000, -0.866025403784439, 0.000000000000000 ) );
#5735 = CARTESIAN_POINT( '', ( 2.14988893001070, -3.25000000000000, 0.000000000000000 ) );
#5736 = DIRECTION( '', ( 0.000000000000000, 0.000000000000000, 1.00000000000000 ) );
#5737 = DIRECTION( '', ( 1.00000000000000, 0.000000000000000, 0.000000000000000 ) );
#5738 = DIRECTION( '', ( 1.00000000000000, 0.000000000000000, 0.000000000000000 ) );
#5739 = CARTESIAN_POINT( '', ( 1.25011106998930, -3.25000000000000, 0.000000000000000 ) );
#5740 = DIRECTION( '', ( 0.000000000000000, 0.000000000000000, -1.00000000000000 ) );
#5741 = DIRECTION( '', ( -1.00000000000000, 0.000000000000000, 0.000000000000000 ) );
#5742 = DIRECTION( '', ( -0.500000000000000, 0.866025403784439, 0.000000000000000 ) );
#5743 = DIRECTION( '', ( 1.00000000000000, 0.000000000000000, 0.000000000000000 ) );
#5744 = DIRECTION( '', ( 0.000000000000000, 1.00000000000000, 0.000000000000000 ) );
#5745 = DIRECTION( '', ( -1.00000000000000, 0.000000000000000, 0.000000000000000 ) );
#5746 = DIRECTION( '', ( 0.000000000000000, 1.00000000000000, 0.000000000000000 ) );
#5747 = DIRECTION( '', ( 0.000000000000000, 0.000000000000000, -1.00000000000000 ) );
#5748 = DIRECTION( '', ( 0.000000000000000, 1.00000000000000, 0.000000000000000 ) );
#5749 = DIRECTION( '', ( 0.000000000000000, 0.000000000000000, 1.00000000000000 ) );
#5750 = DIRECTION( '', ( 0.000000000000000, 0.000000000000000, 1.00000000000000 ) );
#5751 = DIRECTION( '', ( 0.000000000000000, -1.00000000000000, 0.000000000000000 ) );
#5752 = DIRECTION( '', ( 0.000000000000000, 0.000000000000000, -1.00000000000000 ) );
#5753 = DIRECTION( '', ( 0.000000000000000, -1.00000000000000, 0.000000000000000 ) );
#5754 = DIRECTION( '', ( 0.000000000000000, 0.000000000000000, -1.00000000000000 ) );
#5755 = DIRECTION( '', ( 0.000000000000000, 1.00000000000000, 0.000000000000000 ) );
#5756 = CARTESIAN_POINT( '', ( 5.35000000000000, 0.000000000000000, 18.0000000000000 ) );
#5757 = DIRECTION( '', ( 0.000000000000000, 0.000000000000000, -1.00000000000000 ) );
#5758 = DIRECTION( '', ( -1.00000000000000, 0.000000000000000, 0.000000000000000 ) );
#5759 = DIRECTION( '', ( 0.000000000000000, 0.000000000000000, -1.00000000000000 ) );
#5760 = CARTESIAN_POINT( '', ( 5.35000000000000, 0.000000000000000, 15.1000000000000 ) );
#5761 = DIRECTION( '', ( 0.000000000000000, 0.000000000000000, -1.00000000000000 ) );
#5762 = DIRECTION( '', ( -1.00000000000000, 0.000000000000000, 0.000000000000000 ) );
#5763 = DIRECTION( '', ( 0.000000000000000, 0.000000000000000, -1.00000000000000 ) );
#5764 = CARTESIAN_POINT( '', ( 5.35000000000000, 0.000000000000000, 16.0000000000000 ) );
#5765 = DIRECTION( '', ( 0.000000000000000, 0.000000000000000, -1.00000000000000 ) );
#5766 = DIRECTION( '', ( -1.00000000000000, 0.000000000000000, 0.000000000000000 ) );
#5767 = DIRECTION( '', ( 0.000000000000000, 0.000000000000000, -1.00000000000000 ) );
#5768 = CARTESIAN_POINT( '', ( 5.35000000000000, 0.000000000000000, 15.1000000000000 ) );
#5769 = DIRECTION( '', ( 0.000000000000000, 0.000000000000000, -1.00000000000000 ) );
#5770 = DIRECTION( '', ( -1.00000000000000, 0.000000000000000, 0.000000000000000 ) );
#5771 = DIRECTION( '', ( 0.000000000000000, 0.000000000000000, -1.00000000000000 ) );
#5772 = DIRECTION( '', ( 0.000000000000000, 1.00000000000000, 0.000000000000000 ) );
#5773 = DIRECTION( '', ( 1.00000000000000, 0.000000000000000, 0.000000000000000 ) );
#5774 = DIRECTION( '', ( -0.500000000000000, 0.866025403784439, 0.000000000000000 ) );
#5775 = CARTESIAN_POINT( '', ( 1.27320508075689, 0.500000000000000, 0.000000000000000 ) );
#5776 = DIRECTION( '', ( 0.000000000000000, 0.000000000000000, 1.00000000000000 ) );
#5777 = DIRECTION( '', ( 1.00000000000000, 0.000000000000000, 0.000000000000000 ) );
#5778 = DIRECTION( '', ( 1.00000000000000, 0.000000000000000, 0.000000000000000 ) );
#5779 = CARTESIAN_POINT( '', ( 2.12679491924311, 0.500000000000000, 0.000000000000000 ) );
#5780 = DIRECTION( '', ( 0.000000000000000, 0.000000000000000, 1.00000000000000 ) );
#5781 = DIRECTION( '', ( 1.00000000000000, 0.000000000000000, 0.000000000000000 ) );
#5782 = DIRECTION( '', ( -0.500000000000000, -0.866025403784439, 0.000000000000000 ) );
#5783 = DIRECTION( '', ( 1.00000000000000, 0.000000000000000, 0.000000000000000 ) );
#5784 = DIRECTION( '', ( 0.000000000000000, -1.00000000000000, 0.000000000000000 ) );
#5785 = DIRECTION( '', ( -1.00000000000000, 0.000000000000000, 0.000000000000000 ) );
#5786 = DIRECTION( '', ( 1.00000000000000, 0.000000000000000, 0.000000000000000 ) );
#5787 = DIRECTION( '', ( 0.000000000000000, -1.00000000000000, 0.000000000000000 ) );
#5788 = DIRECTION( '', ( 1.00000000000000, 0.000000000000000, 0.000000000000000 ) );
#5789 = DIRECTION( '', ( 1.00000000000000, 0.000000000000000, 0.000000000000000 ) );
#5790 = DIRECTION( '', ( 0.000000000000000, -1.00000000000000, 0.000000000000000 ) );
#5791 = DIRECTION( '', ( 1.00000000000000, 0.000000000000000, 0.000000000000000 ) );
#5792 = DIRECTION( '', ( -1.00000000000000, 0.000000000000000, 2.00000000000000E-015 ) );
#5793 = DIRECTION( '', ( 0.000000000000000, 1.00000000000000, -1.00000000000000E-016 ) );
#5794 = DIRECTION( '', ( -1.00000000000000, -5.00000000000000E-016, 2.00000000000000E-015 ) );
#5795 = DIRECTION( '', ( 0.000000000000000, 1.00000000000000, -1.00000000000000E-016 ) );
#5796 = DIRECTION( '', ( 0.000000000000000, 0.000000000000000, -1.00000000000000 ) );
#5797 = DIRECTION( '', ( 0.000000000000000, 1.00000000000000, 0.000000000000000 ) );
#5798 = DIRECTION( '', ( 0.000000000000000, 0.000000000000000, -1.00000000000000 ) );
#5799 = DIRECTION( '', ( -1.77635683940025E-016, 0.000000000000000, 1.00000000000000 ) );
#5800 = DIRECTION( '', ( 0.000000000000000, 1.00000000000000, 0.000000000000000 ) );
#5801 = DIRECTION( '', ( -1.77635683940025E-016, 0.000000000000000, 1.00000000000000 ) );
#5802 = DIRECTION( '', ( 0.000000000000000, 0.000000000000000, -1.00000000000000 ) );
#5803 = DIRECTION( '', ( 0.000000000000000, -1.00000000000000, 0.000000000000000 ) );
#5804 = DIRECTION( '', ( 0.000000000000000, 0.000000000000000, -1.00000000000000 ) );
#5805 = DIRECTION( '', ( 0.000000000000000, 0.000000000000000, 1.00000000000000 ) );
#5806 = DIRECTION( '', ( 1.00000000000000, 0.000000000000000, 0.000000000000000 ) );
#5807 = DIRECTION( '', ( 0.000000000000000, 0.000000000000000, -1.00000000000000 ) );
#5808 = DIRECTION( '', ( 1.00000000000000, 0.000000000000000, 0.000000000000000 ) );
#5809 = DIRECTION( '', ( 0.000000000000000, 0.000000000000000, -1.00000000000000 ) );
#5810 = DIRECTION( '', ( 1.00000000000000, 0.000000000000000, 0.000000000000000 ) );
#5811 = DIRECTION( '', ( -0.0523359562429438, 0.000000000000000, 0.998629534754574 ) );
#5812 = DIRECTION( '', ( 0.000000000000000, -1.00000000000000, 0.000000000000000 ) );
#5813 = DIRECTION( '', ( 0.000000000000000, 1.00000000000000, 0.000000000000000 ) );
#5814 = DIRECTION( '', ( 0.000000000000000, 0.000000000000000, 1.00000000000000 ) );
#5815 = DIRECTION( '', ( 0.000000000000000, 1.00000000000000, 0.000000000000000 ) );
#5816 = DIRECTION( '', ( 0.000000000000000, 1.00000000000000E-016, 1.00000000000000 ) );
#5817 = DIRECTION( '', ( 0.000000000000000, 0.258819045102521, -0.965925826289068 ) );
#5818 = DIRECTION( '', ( 0.000000000000000, 1.00000000000000, 0.000000000000000 ) );
#5819 = DIRECTION( '', ( 0.000000000000000, -1.00000000000000, 0.000000000000000 ) );
#5820 = DIRECTION( '', ( 1.00000000000000, 0.000000000000000, 0.000000000000000 ) );
#5821 = DIRECTION( '', ( 0.000000000000000, 1.00000000000000, 0.000000000000000 ) );
#5822 = DIRECTION( '', ( -0.866025403784439, -0.500000000000000, 0.000000000000000 ) );
#5823 = DIRECTION( '', ( 1.00000000000000, 0.000000000000000, 0.000000000000000 ) );
#5824 = DIRECTION( '', ( 1.00000000000000, 0.000000000000000, 0.000000000000000 ) );
#5825 = DIRECTION( '', ( -1.00000000000000, 0.000000000000000, 0.000000000000000 ) );
#5826 = DIRECTION( '', ( 0.000000000000000, 0.000000000000000, -1.00000000000000 ) );
#5827 = DIRECTION( '', ( 1.00000000000000, 0.000000000000000, 0.000000000000000 ) );
#5828 = DIRECTION( '', ( 0.000000000000000, 0.000000000000000, -1.00000000000000 ) );
#5829 = DIRECTION( '', ( 0.000000000000000, 1.00000000000000, 0.000000000000000 ) );
#5830 = DIRECTION( '', ( -1.00000000000000, 0.000000000000000, 0.000000000000000 ) );
#5831 = DIRECTION( '', ( 0.000000000000000, -1.00000000000000, 0.000000000000000 ) );
#5832 = DIRECTION( '', ( -1.00000000000000, 0.000000000000000, 0.000000000000000 ) );
#5833 = DIRECTION( '', ( 0.000000000000000, 0.000000000000000, 1.00000000000000 ) );
#5834 = CARTESIAN_POINT( '', ( 2.12679491924311, 0.500000000000000, 12.0000000000000 ) );
#5835 = DIRECTION( '', ( 0.000000000000000, 0.000000000000000, 1.00000000000000 ) );
#5836 = DIRECTION( '', ( 1.00000000000000, 0.000000000000000, 0.000000000000000 ) );
#5837 = DIRECTION( '', ( 0.000000000000000, 0.000000000000000, 1.00000000000000 ) );
#5838 = DIRECTION( '', ( 1.00000000000000, 0.000000000000000, -2.00000000000000E-015 ) );
#5839 = DIRECTION( '', ( -1.00000000000000, 0.000000000000000, 0.000000000000000 ) );
#5840 = DIRECTION( '', ( 0.000000000000000, -1.00000000000000, 0.000000000000000 ) );
#5841 = DIRECTION( '', ( 0.000000000000000, 0.000000000000000, -1.00000000000000 ) );
#5842 = DIRECTION( '', ( 0.866025403784439, 0.500000000000000, 0.000000000000000 ) );
#5843 = DIRECTION( '', ( 0.000000000000000, 0.000000000000000, 1.00000000000000 ) );
#5844 = DIRECTION( '', ( 0.866025403784439, 0.500000000000000, 0.000000000000000 ) );
#5845 = DIRECTION( '', ( 1.00000000000000, 0.000000000000000, 0.000000000000000 ) );
#5846 = DIRECTION( '', ( 0.000000000000000, 1.00000000000000, 0.000000000000000 ) );
#5847 = DIRECTION( '', ( 1.00000000000000, 0.000000000000000, 0.000000000000000 ) );
#5848 = DIRECTION( '', ( 0.000000000000000, -1.00000000000000, 0.000000000000000 ) );
#5849 = DIRECTION( '', ( 1.00000000000000, 0.000000000000000, 0.000000000000000 ) );
#5850 = DIRECTION( '', ( -0.173648177666931, 0.000000000000000, -0.984807753012208 ) );
#5851 = DIRECTION( '', ( 0.000000000000000, 1.00000000000000, 0.000000000000000 ) );
#5852 = DIRECTION( '', ( 0.173648177666931, 0.000000000000000, 0.984807753012208 ) );
#5853 = DIRECTION( '', ( 0.000000000000000, -1.00000000000000, 0.000000000000000 ) );
#5854 = DIRECTION( '', ( 1.00000000000000, 0.000000000000000, 0.000000000000000 ) );
#5855 = DIRECTION( '', ( -1.00000000000000, 0.000000000000000, 0.000000000000000 ) );
#5856 = DIRECTION( '', ( 0.000000000000000, 0.000000000000000, -1.00000000000000 ) );
#5857 = DIRECTION( '', ( 0.000000000000000, 0.000000000000000, -1.00000000000000 ) );
#5858 = DIRECTION( '', ( -1.00000000000000, 0.000000000000000, 0.000000000000000 ) );
#5859 = DIRECTION( '', ( 0.000000000000000, 0.000000000000000, -1.00000000000000 ) );
#5860 = DIRECTION( '', ( 0.000000000000000, 0.000000000000000, 1.00000000000000 ) );
#5861 = DIRECTION( '', ( 0.000000000000000, 1.00000000000000, 0.000000000000000 ) );
#5862 = DIRECTION( '', ( 0.000000000000000, 0.000000000000000, -1.00000000000000 ) );
#5863 = DIRECTION( '', ( 0.000000000000000, -1.00000000000000, 0.000000000000000 ) );
#5864 = DIRECTION( '', ( 0.000000000000000, 1.00000000000000, 0.000000000000000 ) );
#5865 = DIRECTION( '', ( 0.000000000000000, -1.00000000000000, 0.000000000000000 ) );
#5866 = DIRECTION( '', ( 1.00000000000000, 0.000000000000000, 0.000000000000000 ) );
#5867 = DIRECTION( '', ( 0.000000000000000, 1.00000000000000, 0.000000000000000 ) );
#5868 = DIRECTION( '', ( -1.00000000000000, 0.000000000000000, 0.000000000000000 ) );
#5869 = DIRECTION( '', ( 0.000000000000000, 0.000000000000000, 1.00000000000000 ) );
#5870 = DIRECTION( '', ( 0.000000000000000, 0.000000000000000, -1.00000000000000 ) );
#5871 = DIRECTION( '', ( 0.000000000000000, 0.000000000000000, 1.00000000000000 ) );
#5872 = DIRECTION( '', ( 0.000000000000000, 0.000000000000000, 1.00000000000000 ) );
#5873 = CARTESIAN_POINT( '', ( 1.27320508075689, 0.500000000000000, 12.0000000000000 ) );
#5874 = DIRECTION( '', ( 0.000000000000000, 0.000000000000000, 1.00000000000000 ) );
#5875 = DIRECTION( '', ( 1.00000000000000, 0.000000000000000, 0.000000000000000 ) );
#5876 = DIRECTION( '', ( -0.0697564737441253, 0.000000000000000, 0.997564050259824 ) );
#5877 = DIRECTION( '', ( -0.0697564737441253, 0.000000000000000, 0.997564050259824 ) );
#5878 = DIRECTION( '', ( -1.00000000000000, 0.000000000000000, 0.000000000000000 ) );
#5879 = DIRECTION( '', ( 0.000000000000000, -1.00000000000000, 0.000000000000000 ) );
#5880 = DIRECTION( '', ( 1.00000000000000, 0.000000000000000, 0.000000000000000 ) );
#5881 = DIRECTION( '', ( 0.000000000000000, 1.00000000000000, 0.000000000000000 ) );
#5882 = DIRECTION( '', ( 0.000000000000000, -1.00000000000000, 0.000000000000000 ) );
#5883 = DIRECTION( '', ( 2.96059473233366E-016, 0.000000000000000, 1.00000000000000 ) );
#5884 = DIRECTION( '', ( 1.00000000000000, 0.000000000000000, 0.000000000000000 ) );
#5885 = DIRECTION( '', ( 0.000000000000000, -1.00000000000000E-016, -1.00000000000000 ) );
#5886 = DIRECTION( '', ( 0.000000000000000, 0.000000000000000, -1.00000000000000 ) );
#5887 = DIRECTION( '', ( 0.000000000000000, -1.00000000000000, 0.000000000000000 ) );
#5888 = DIRECTION( '', ( 0.000000000000000, 0.000000000000000, 1.00000000000000 ) );
#5889 = CARTESIAN_POINT( '', ( 5.35000000000000, -7.50000000000000, 16.0000000000000 ) );
#5890 = DIRECTION( '', ( 0.000000000000000, 0.000000000000000, -1.00000000000000 ) );
#5891 = DIRECTION( '', ( -1.00000000000000, 0.000000000000000, 0.000000000000000 ) );
#5892 = DIRECTION( '', ( 0.000000000000000, 0.000000000000000, -1.00000000000000 ) );
#5893 = CARTESIAN_POINT( '', ( 5.35000000000000, -7.50000000000000, 15.1000000000000 ) );
#5894 = DIRECTION( '', ( 0.000000000000000, 0.000000000000000, -1.00000000000000 ) );
#5895 = DIRECTION( '', ( -1.00000000000000, 0.000000000000000, 0.000000000000000 ) );
#5896 = DIRECTION( '', ( 0.000000000000000, 0.000000000000000, -1.00000000000000 ) );
#5897 = CARTESIAN_POINT( '', ( 5.35000000000000, -7.50000000000000, 18.0000000000000 ) );
#5898 = DIRECTION( '', ( 0.000000000000000, 0.000000000000000, -1.00000000000000 ) );
#5899 = DIRECTION( '', ( -1.00000000000000, 0.000000000000000, 0.000000000000000 ) );
#5900 = DIRECTION( '', ( 0.000000000000000, 0.000000000000000, -1.00000000000000 ) );
#5901 = CARTESIAN_POINT( '', ( 5.35000000000000, -7.50000000000000, 15.1000000000000 ) );
#5902 = DIRECTION( '', ( 0.000000000000000, 0.000000000000000, -1.00000000000000 ) );
#5903 = DIRECTION( '', ( -1.00000000000000, 0.000000000000000, 0.000000000000000 ) );
#5904 = DIRECTION( '', ( 0.000000000000000, 0.000000000000000, -1.00000000000000 ) );
#5905 = DIRECTION( '', ( 0.000000000000000, 0.000000000000000, -1.00000000000000 ) );
#5906 = DIRECTION( '', ( 0.000000000000000, 0.000000000000000, -1.00000000000000 ) );
#5907 = CARTESIAN_POINT( '', ( 1.25011106998930, -3.25000000000000, 12.0000000000000 ) );
#5908 = DIRECTION( '', ( 0.000000000000000, 0.000000000000000, -1.00000000000000 ) );
#5909 = DIRECTION( '', ( -1.00000000000000, 0.000000000000000, 0.000000000000000 ) );
#5910 = DIRECTION( '', ( 0.000000000000000, 0.000000000000000, 1.00000000000000 ) );
#5911 = DIRECTION( '', ( 0.000000000000000, 1.00000000000000, 0.000000000000000 ) );
#5912 = DIRECTION( '', ( 0.000000000000000, 0.000000000000000, -1.00000000000000 ) );
#5913 = DIRECTION( '', ( 0.000000000000000, 1.00000000000000, 0.000000000000000 ) );
#5914 = DIRECTION( '', ( -1.00000000000000, 0.000000000000000, 0.000000000000000 ) );
#5915 = DIRECTION( '', ( 0.000000000000000, 1.00000000000000E-016, 1.00000000000000 ) );
#5916 = DIRECTION( '', ( -1.00000000000000, 0.000000000000000, 0.000000000000000 ) );
#5917 = DIRECTION( '', ( 0.000000000000000, 1.00000000000000, 0.000000000000000 ) );
#5918 = DIRECTION( '', ( 0.470588235294119, 0.000000000000000, 0.882352941176470 ) );
#5919 = DIRECTION( '', ( 0.000000000000000, 1.00000000000000, 0.000000000000000 ) );
#5920 = DIRECTION( '', ( 0.470588235294119, 0.000000000000000, 0.882352941176470 ) );
#5921 = DIRECTION( '', ( -1.00000000000000, 0.000000000000000, 0.000000000000000 ) );
#5922 = DIRECTION( '', ( 0.000000000000000, 0.000000000000000, 1.00000000000000 ) );
#5923 = DIRECTION( '', ( -0.866025403784439, 0.500000000000000, 0.000000000000000 ) );
#5924 = DIRECTION( '', ( 0.000000000000000, 0.000000000000000, -1.00000000000000 ) );
#5925 = DIRECTION( '', ( -0.866025403784439, 0.500000000000000, 0.000000000000000 ) );
#5926 = DIRECTION( '', ( 0.000000000000000, -1.00000000000000, 0.000000000000000 ) );
#5927 = DIRECTION( '', ( 0.000000000000000, 1.00000000000000, 0.000000000000000 ) );
#5928 = DIRECTION( '', ( 0.000000000000000, 0.000000000000000, -1.00000000000000 ) );
#5929 = DIRECTION( '', ( -1.00000000000000, 0.000000000000000, 0.000000000000000 ) );
#5930 = DIRECTION( '', ( 0.000000000000000, 0.000000000000000, 1.00000000000000 ) );
#5931 = DIRECTION( '', ( -0.0697564737441251, 0.000000000000000, 0.997564050259824 ) );
#5932 = DIRECTION( '', ( -1.00000000000000, 0.000000000000000, 0.000000000000000 ) );
#5933 = DIRECTION( '', ( 0.000000000000000, 0.000000000000000, -1.00000000000000 ) );
#5934 = DIRECTION( '', ( -1.00000000000000, 0.000000000000000, 0.000000000000000 ) );
#5935 = DIRECTION( '', ( 0.470588235294119, 0.000000000000000, 0.882352941176470 ) );
#5936 = DIRECTION( '', ( 0.0348994967025011, 0.000000000000000, 0.999390827019096 ) );
#5937 = DIRECTION( '', ( -1.00000000000000, 0.000000000000000, 0.000000000000000 ) );
#5938 = DIRECTION( '', ( -1.00000000000000, 1.98867750302791E-016, -1.23259516440783E-032 ) );
#5939 = DIRECTION( '', ( -1.00000000000000, 1.98867750302791E-016, -2.26623325918420E-032 ) );
#5940 = DIRECTION( '', ( 0.000000000000000, 1.00000000000000, 0.000000000000000 ) );
#5941 = DIRECTION( '', ( 0.000000000000000, 0.000000000000000, -1.00000000000000 ) );
#5942 = DIRECTION( '', ( 0.000000000000000, 0.000000000000000, -1.00000000000000 ) );
#5943 = DIRECTION( '', ( 0.000000000000000, 1.00000000000000, 0.000000000000000 ) );
#5944 = DIRECTION( '', ( 0.000000000000000, -1.00000000000000, 0.000000000000000 ) );
#5945 = DIRECTION( '', ( 0.000000000000000, 0.000000000000000, -1.00000000000000 ) );
#5946 = DIRECTION( '', ( 1.00000000000000, 0.000000000000000, 0.000000000000000 ) );
#5947 = DIRECTION( '', ( 0.470588235294119, 0.000000000000000, 0.882352941176470 ) );
#5948 = DIRECTION( '', ( 1.00000000000000, 0.000000000000000, 0.000000000000000 ) );
#5949 = DIRECTION( '', ( 0.000000000000000, 0.000000000000000, -1.00000000000000 ) );
#5950 = DIRECTION( '', ( 0.000000000000000, 0.000000000000000, -1.00000000000000 ) );
#5951 = DIRECTION( '', ( -1.00000000000000, 0.000000000000000, 0.000000000000000 ) );
#5952 = DIRECTION( '', ( 0.000000000000000, 0.000000000000000, 1.00000000000000 ) );
#5953 = DIRECTION( '', ( 0.000000000000000, 0.000000000000000, -1.00000000000000 ) );
#5954 = DIRECTION( '', ( 1.00000000000000, -5.00000000000000E-016, -2.00000000000000E-015 ) );
#5955 = DIRECTION( '', ( 1.00000000000000, 0.000000000000000, -2.00000000000000E-015 ) );
#5956 = DIRECTION( '', ( 0.000000000000000, 1.00000000000000, -1.00000000000000E-016 ) );
#5957 = DIRECTION( '', ( 0.000000000000000, 1.00000000000000, 0.000000000000000 ) );
#5958 = DIRECTION( '', ( -1.00000000000000, 0.000000000000000, 0.000000000000000 ) );
#5959 = DIRECTION( '', ( -1.00000000000000, 0.000000000000000, 0.000000000000000 ) );
#5960 = DIRECTION( '', ( 0.000000000000000, 0.000000000000000, 1.00000000000000 ) );
#5961 = DIRECTION( '', ( 1.00000000000000, 0.000000000000000, 0.000000000000000 ) );
#5962 = DIRECTION( '', ( 0.000000000000000, 0.000000000000000, -1.00000000000000 ) );
#5963 = DIRECTION( '', ( 1.00000000000000, 0.000000000000000, 0.000000000000000 ) );
#5964 = DIRECTION( '', ( 0.000000000000000, 0.000000000000000, -1.00000000000000 ) );
#5965 = DIRECTION( '', ( 0.000000000000000, 0.000000000000000, 1.00000000000000 ) );
#5966 = DIRECTION( '', ( -1.00000000000000, 0.000000000000000, 0.000000000000000 ) );
#5967 = DIRECTION( '', ( 0.000000000000000, 0.000000000000000, -1.00000000000000 ) );
#5968 = DIRECTION( '', ( 0.000000000000000, 0.000000000000000, -1.00000000000000 ) );
#5969 = DIRECTION( '', ( 0.000000000000000, 0.000000000000000, -1.00000000000000 ) );
#5970 = DIRECTION( '', ( 0.470588235294119, 0.000000000000000, 0.882352941176470 ) );
#5971 = DIRECTION( '', ( 3.00000000000000E-016, 0.000000000000000, 1.00000000000000 ) );
#5972 = DIRECTION( '', ( -1.00000000000000, 0.000000000000000, 0.000000000000000 ) );
#5973 = DIRECTION( '', ( -1.00000000000000, 0.000000000000000, 0.000000000000000 ) );
#5974 = DIRECTION( '', ( 0.000000000000000, -1.00000000000000, 0.000000000000000 ) );
#5975 = DIRECTION( '', ( 0.000000000000000, 1.00000000000000, 0.000000000000000 ) );
#5976 = DIRECTION( '', ( 0.500000000000000, -0.866025403784439, 0.000000000000000 ) );
#5977 = DIRECTION( '', ( -1.00000000000000, 0.000000000000000, 0.000000000000000 ) );
#5978 = CARTESIAN_POINT( '', ( 2.14988893001070, -3.25000000000000, 12.0000000000000 ) );
#5979 = DIRECTION( '', ( 0.000000000000000, 0.000000000000000, 1.00000000000000 ) );
#5980 = DIRECTION( '', ( 1.00000000000000, 0.000000000000000, 0.000000000000000 ) );
#5981 = DIRECTION( '', ( 0.500000000000000, 0.866025403784439, 0.000000000000000 ) );
#5982 = DIRECTION( '', ( 0.000000000000000, 0.000000000000000, -1.00000000000000 ) );
#5983 = DIRECTION( '', ( 0.000000000000000, -1.00000000000000, 0.000000000000000 ) );
#5984 = DIRECTION( '', ( 0.000000000000000, 1.00000000000000, 0.000000000000000 ) );
#5985 = DIRECTION( '', ( 0.000000000000000, 1.00000000000000, 0.000000000000000 ) );
#5986 = DIRECTION( '', ( 0.000000000000000, 0.000000000000000, -1.00000000000000 ) );
#5987 = DIRECTION( '', ( 0.000000000000000, 1.00000000000000, 0.000000000000000 ) );
#5988 = DIRECTION( '', ( 0.000000000000000, 1.00000000000000, 0.000000000000000 ) );
#5989 = DIRECTION( '', ( 0.000000000000000, 0.000000000000000, -1.00000000000000 ) );
#5990 = DIRECTION( '', ( 0.000000000000000, 1.00000000000000, 0.000000000000000 ) );
#5991 = DIRECTION( '', ( 0.000000000000000, 0.000000000000000, 1.00000000000000 ) );
#5992 = DIRECTION( '', ( -1.00000000000000, 1.98867750302791E-016, -2.26623325918420E-032 ) );
#5993 = DIRECTION( '', ( 1.00000000000000, 0.000000000000000, 0.000000000000000 ) );
#5994 = DIRECTION( '', ( 0.000000000000000, 0.000000000000000, -1.00000000000000 ) );
#5995 = DIRECTION( '', ( 0.000000000000000, 0.000000000000000, 1.00000000000000 ) );
#5996 = DIRECTION( '', ( 0.000000000000000, 0.000000000000000, 1.00000000000000 ) );
#5997 = DIRECTION( '', ( 0.000000000000000, -1.00000000000000, 0.000000000000000 ) );
#5998 = DIRECTION( '', ( -1.00000000000000, 0.000000000000000, 2.00000000000000E-015 ) );
#5999 = DIRECTION( '', ( -1.00000000000000, 0.000000000000000, 0.000000000000000 ) );
#6000 = DIRECTION( '', ( 1.00000000000000, 0.000000000000000, 0.000000000000000 ) );
#6001 = DIRECTION( '', ( 0.000000000000000, 1.00000000000000, 0.000000000000000 ) );
#6002 = DIRECTION( '', ( -1.00000000000000, 1.98867750302791E-016, -2.26623325918420E-032 ) );
#6003 = DIRECTION( '', ( -0.470588235294119, 0.000000000000000, -0.882352941176470 ) );
#6004 = DIRECTION( '', ( 0.000000000000000, 1.00000000000000, 0.000000000000000 ) );
#6005 = DIRECTION( '', ( 0.500000000000000, 0.866025403784439, 0.000000000000000 ) );
#6006 = DIRECTION( '', ( 0.000000000000000, 0.000000000000000, -1.00000000000000 ) );
#6007 = DIRECTION( '', ( 0.000000000000000, 0.000000000000000, -1.00000000000000 ) );
#6008 = DIRECTION( '', ( 0.000000000000000, 1.00000000000000, 0.000000000000000 ) );
#6009 = DIRECTION( '', ( 0.000000000000000, -0.258819045102521, 0.965925826289068 ) );
#6010 = DIRECTION( '', ( 0.000000000000000, 0.258819045102521, -0.965925826289068 ) );
#6011 = DIRECTION( '', ( 1.00000000000000, 0.000000000000000, 0.000000000000000 ) );
#6012 = DIRECTION( '', ( 1.00000000000000, 0.000000000000000, 0.000000000000000 ) );
#6013 = DIRECTION( '', ( 0.000000000000000, 0.000000000000000, 1.00000000000000 ) );
#6014 = DIRECTION( '', ( 1.00000000000000, 0.000000000000000, 0.000000000000000 ) );
#6015 = DIRECTION( '', ( 0.000000000000000, 1.00000000000000, 0.000000000000000 ) );
#6016 = DIRECTION( '', ( -1.00000000000000, 0.000000000000000, 0.000000000000000 ) );
#6017 = DIRECTION( '', ( 0.000000000000000, -1.00000000000000, 0.000000000000000 ) );
#6018 = DIRECTION( '', ( 0.000000000000000, 1.00000000000000, 0.000000000000000 ) );
#6019 = DIRECTION( '', ( 0.000000000000000, -1.00000000000000, 0.000000000000000 ) );
#6020 = DIRECTION( '', ( -1.00000000000000, 0.000000000000000, 0.000000000000000 ) );
#6021 = DIRECTION( '', ( 0.000000000000000, 1.00000000000000, 0.000000000000000 ) );
#6022 = DIRECTION( '', ( 0.000000000000000, -1.00000000000000, 0.000000000000000 ) );
#6023 = DIRECTION( '', ( -1.00000000000000, 0.000000000000000, 0.000000000000000 ) );
#6024 = DIRECTION( '', ( -1.00000000000000, 0.000000000000000, 0.000000000000000 ) );
#6025 = DIRECTION( '', ( 1.00000000000000, 0.000000000000000, 0.000000000000000 ) );
#6026 = DIRECTION( '', ( -1.00000000000000, 0.000000000000000, 0.000000000000000 ) );
#6027 = DIRECTION( '', ( 0.000000000000000, 1.00000000000000, 0.000000000000000 ) );
#6028 = DIRECTION( '', ( 0.000000000000000, -1.00000000000000, 0.000000000000000 ) );
#6029 = DIRECTION( '', ( 0.000000000000000, 1.00000000000000, 0.000000000000000 ) );
#6030 = DIRECTION( '', ( 1.00000000000000, 0.000000000000000, 2.77555756156289E-033 ) );
#6031 = DIRECTION( '', ( 1.00000000000000, 0.000000000000000, 0.000000000000000 ) );
#6032 = DIRECTION( '', ( 0.000000000000000, -1.00000000000000, 0.000000000000000 ) );
#6033 = DIRECTION( '', ( 1.00000000000000, 0.000000000000000, 0.000000000000000 ) );
#6034 = DIRECTION( '', ( 0.000000000000000, 0.000000000000000, -1.00000000000000 ) );
#6035 = DIRECTION( '', ( -1.00000000000000, 0.000000000000000, 0.000000000000000 ) );
#6036 = DIRECTION( '', ( 0.500000000000000, -0.866025403784439, 0.000000000000000 ) );
#6037 = DIRECTION( '', ( 0.000000000000000, 0.000000000000000, 1.00000000000000 ) );
#6038 = DIRECTION( '', ( -1.00000000000000, 0.000000000000000, 0.000000000000000 ) );
#6039 = DIRECTION( '', ( -1.00000000000000, 0.000000000000000, 0.000000000000000 ) );
#6040 = DIRECTION( '', ( 0.000000000000000, 1.00000000000000, 0.000000000000000 ) );
#6041 = DIRECTION( '', ( 0.000000000000000, -1.00000000000000, 0.000000000000000 ) );
#6042 = DIRECTION( '', ( -0.173648177666930, 0.000000000000000, -0.984807753012208 ) );
#6043 = DIRECTION( '', ( 0.000000000000000, 0.000000000000000, 1.00000000000000 ) );
#6044 = DIRECTION( '', ( 1.00000000000000, 0.000000000000000, 0.000000000000000 ) );
#6045 = DIRECTION( '', ( 3.00000000000000E-016, 0.000000000000000, 1.00000000000000 ) );
#6046 = DIRECTION( '', ( 1.00000000000000, 0.000000000000000, 0.000000000000000 ) );
#6047 = DIRECTION( '', ( 1.00000000000000, 0.000000000000000, 0.000000000000000 ) );
#6048 = DIRECTION( '', ( 0.000000000000000, 0.000000000000000, 1.00000000000000 ) );
#6049 = DIRECTION( '', ( 0.173648177666930, 0.000000000000000, 0.984807753012208 ) );
#6050 = DIRECTION( '', ( 0.000000000000000, -1.00000000000000, 0.000000000000000 ) );
#6051 = DIRECTION( '', ( 0.000000000000000, 0.000000000000000, -1.00000000000000 ) );
#6052 = DIRECTION( '', ( 0.000000000000000, 0.000000000000000, 1.00000000000000 ) );
#6053 = DIRECTION( '', ( 0.000000000000000, 0.000000000000000, 1.00000000000000 ) );
#6054 = DIRECTION( '', ( 0.000000000000000, 0.000000000000000, 1.00000000000000 ) );
#6055 = DIRECTION( '', ( 0.000000000000000, 0.000000000000000, 1.00000000000000 ) );
#6056 = DIRECTION( '', ( -1.00000000000000, 0.000000000000000, 0.000000000000000 ) );
#6057 = DIRECTION( '', ( 0.000000000000000, 1.00000000000000, 0.000000000000000 ) );
#6058 = DIRECTION( '', ( 0.000000000000000, 0.000000000000000, 1.00000000000000 ) );
#6059 = DIRECTION( '', ( 0.000000000000000, 0.000000000000000, -1.00000000000000 ) );
#6060 = DIRECTION( '', ( 1.00000000000000, 0.000000000000000, 0.000000000000000 ) );
#6061 = DIRECTION( '', ( 3.00000000000000E-016, 0.000000000000000, 1.00000000000000 ) );
#6062 = DIRECTION( '', ( 0.000000000000000, -0.258819045102521, 0.965925826289068 ) );
#6063 = DIRECTION( '', ( -0.470588235294119, 0.000000000000000, -0.882352941176470 ) );
#6064 = DIRECTION( '', ( 0.000000000000000, 1.00000000000000, 0.000000000000000 ) );
#6065 = DIRECTION( '', ( -1.00000000000000, 0.000000000000000, 0.000000000000000 ) );
#6066 = DIRECTION( '', ( 0.000000000000000, 1.00000000000000, 0.000000000000000 ) );
#6067 = DIRECTION( '', ( 0.000000000000000, -1.00000000000000, 0.000000000000000 ) );
#6068 = DIRECTION( '', ( 1.00000000000000, 0.000000000000000, 0.000000000000000 ) );
#6069 = DIRECTION( '', ( 1.00000000000000, 0.000000000000000, 0.000000000000000 ) );
#6070 = DIRECTION( '', ( 1.00000000000000, 0.000000000000000, 0.000000000000000 ) );
#6071 = DIRECTION( '', ( 0.000000000000000, 0.000000000000000, -1.00000000000000 ) );
#6072 = DIRECTION( '', ( 0.000000000000000, 0.000000000000000, -1.00000000000000 ) );
#6073 = DIRECTION( '', ( 0.000000000000000, 1.00000000000000, 0.000000000000000 ) );
#6074 = DIRECTION( '', ( 0.000000000000000, 0.000000000000000, -1.00000000000000 ) );
#6075 = DIRECTION( '', ( 1.00000000000000, 0.000000000000000, 0.000000000000000 ) );
#6076 = DIRECTION( '', ( 1.00000000000000, 0.000000000000000, 0.000000000000000 ) );
#6077 = DIRECTION( '', ( 0.000000000000000, 0.000000000000000, -1.00000000000000 ) );
#6078 = DIRECTION( '', ( 1.00000000000000, 0.000000000000000, 2.77555756156289E-033 ) );
#6079 = DIRECTION( '', ( -3.00000000000000E-016, 0.000000000000000, -1.00000000000000 ) );
#6080 = DIRECTION( '', ( 0.000000000000000, 0.000000000000000, 1.00000000000000 ) );
#6081 = DIRECTION( '', ( 0.000000000000000, 0.000000000000000, 1.00000000000000 ) );
#6082 = DIRECTION( '', ( 1.00000000000000, -1.98867750302791E-016, 1.23259516440783E-032 ) );
#6083 = DIRECTION( '', ( 0.000000000000000, -0.258819045102521, -0.965925826289068 ) );
#6084 = DIRECTION( '', ( 1.00000000000000, 0.000000000000000, 0.000000000000000 ) );
#6085 = DIRECTION( '', ( 1.00000000000000, 0.000000000000000, 0.000000000000000 ) );
#6086 = DIRECTION( '', ( 1.00000000000000, 0.000000000000000, 0.000000000000000 ) );
#6087 = DIRECTION( '', ( 0.000000000000000, 1.00000000000000, 0.000000000000000 ) );
#6088 = DIRECTION( '', ( 0.000000000000000, 0.000000000000000, 1.00000000000000 ) );
#6089 = DIRECTION( '', ( 0.000000000000000, 0.000000000000000, 1.00000000000000 ) );
#6090 = DIRECTION( '', ( 0.000000000000000, 0.000000000000000, 1.00000000000000 ) );
#6091 = DIRECTION( '', ( -0.0697564737441251, 0.000000000000000, 0.997564050259824 ) );
#6092 = DIRECTION( '', ( 1.00000000000000, 0.000000000000000, 0.000000000000000 ) );
ENDSEC;
END-ISO-10303-21;
