ISO-10303-21;
HEADER;
FILE_DESCRIPTION(('STEP AP242'),'1');
FILE_NAME('732511350.stp','2025-09-30T10:22:23',('TraceParts'),('TraceParts S.A.S.'),'Spatial InterOp 3D',' ',' ');
FILE_SCHEMA(('AP242_MANAGED_MODEL_BASED_3D_ENGINEERING_MIM_LF  {1 0 10303 442 1 1 4}'));
ENDSEC;
DATA;
#1=MECHANICAL_DESIGN_GEOMETRIC_PRESENTATION_REPRESENTATION(' ',(#10,#11,#12,#13,#14,#15,#16,#17,#18,#19,#20,#21,#22,#23,#24,#25,#26,#27,#28,#29,#30,#31,#32,#33,#34,#35,#36,#37,#38,#39,#40,#41,#42,#43,#44,#45,#46,#47,#48,#49,#50,#51,#52,#53,#54,#55,#56,#57,#58,#59,#60,#61,#62,#63,#64,#65,#66,#67,#68,#69,#70,#71,#72,#73,#74,#75,#76,#77,#78,#79,#80,#81,#82,#83,#84,#85,#86,#87,#88,#89,#90,#91,#92,#93,#94,#95,#96,#97,#98,#99,#100,#101,#102,#103),#6);
#2=PRODUCT_DEFINITION_CONTEXT('',#104,'design');
#3=APPLICATION_PROTOCOL_DEFINITION('INTERNATIONAL STANDARD','ap242_managed_model_based_3d_engineering',2014,#104);
#4=PRODUCT_CATEGORY_RELATIONSHIP('NONE','NONE',#105,#106);
#5=SHAPE_DEFINITION_REPRESENTATION(#107,#108);
#6= (GEOMETRIC_REPRESENTATION_CONTEXT(3)GLOBAL_UNCERTAINTY_ASSIGNED_CONTEXT((#111))GLOBAL_UNIT_ASSIGNED_CONTEXT((#113,#114,#115))REPRESENTATION_CONTEXT('NONE','WORKSPACE'));
#10=STYLED_ITEM('',(#117),#118);
#11=STYLED_ITEM('',(#119),#120);
#12=STYLED_ITEM('',(#121),#122);
#13=STYLED_ITEM('',(#123),#124);
#14=STYLED_ITEM('',(#125),#126);
#15=STYLED_ITEM('',(#127),#128);
#16=STYLED_ITEM('',(#129),#130);
#17=STYLED_ITEM('',(#131),#132);
#18=STYLED_ITEM('',(#133),#134);
#19=STYLED_ITEM('',(#135),#136);
#20=STYLED_ITEM('',(#137),#138);
#21=STYLED_ITEM('',(#139),#140);
#22=STYLED_ITEM('',(#141),#142);
#23=STYLED_ITEM('',(#143),#144);
#24=STYLED_ITEM('',(#145),#146);
#25=STYLED_ITEM('',(#147),#148);
#26=STYLED_ITEM('',(#149),#150);
#27=STYLED_ITEM('',(#151),#152);
#28=STYLED_ITEM('',(#153),#154);
#29=STYLED_ITEM('',(#155),#156);
#30=STYLED_ITEM('',(#157),#158);
#31=STYLED_ITEM('',(#159),#160);
#32=STYLED_ITEM('',(#161),#162);
#33=STYLED_ITEM('',(#163),#164);
#34=STYLED_ITEM('',(#165),#166);
#35=STYLED_ITEM('',(#167),#168);
#36=STYLED_ITEM('',(#169),#170);
#37=STYLED_ITEM('',(#171),#172);
#38=STYLED_ITEM('',(#173),#174);
#39=STYLED_ITEM('',(#175),#176);
#40=STYLED_ITEM('',(#177),#178);
#41=STYLED_ITEM('',(#179),#180);
#42=STYLED_ITEM('',(#181),#182);
#43=STYLED_ITEM('',(#183),#184);
#44=STYLED_ITEM('',(#185),#186);
#45=STYLED_ITEM('',(#187),#188);
#46=STYLED_ITEM('',(#189),#190);
#47=STYLED_ITEM('',(#191),#192);
#48=STYLED_ITEM('',(#193),#194);
#49=STYLED_ITEM('',(#195),#196);
#50=STYLED_ITEM('',(#197),#198);
#51=STYLED_ITEM('',(#199),#200);
#52=STYLED_ITEM('',(#201),#202);
#53=STYLED_ITEM('',(#203),#204);
#54=STYLED_ITEM('',(#205),#206);
#55=STYLED_ITEM('',(#207),#208);
#56=STYLED_ITEM('',(#209),#210);
#57=STYLED_ITEM('',(#211),#212);
#58=STYLED_ITEM('',(#213),#214);
#59=STYLED_ITEM('',(#215),#216);
#60=STYLED_ITEM('',(#217),#218);
#61=STYLED_ITEM('',(#219),#220);
#62=STYLED_ITEM('',(#221),#222);
#63=STYLED_ITEM('',(#223),#224);
#64=STYLED_ITEM('',(#225),#226);
#65=STYLED_ITEM('',(#227),#228);
#66=STYLED_ITEM('',(#229),#230);
#67=STYLED_ITEM('',(#231),#232);
#68=STYLED_ITEM('',(#233),#234);
#69=STYLED_ITEM('',(#235),#236);
#70=STYLED_ITEM('',(#237),#238);
#71=STYLED_ITEM('',(#239),#240);
#72=STYLED_ITEM('',(#241),#242);
#73=STYLED_ITEM('',(#243),#244);
#74=STYLED_ITEM('',(#245),#246);
#75=STYLED_ITEM('',(#247),#248);
#76=STYLED_ITEM('',(#249),#250);
#77=STYLED_ITEM('',(#251),#252);
#78=STYLED_ITEM('',(#253),#254);
#79=STYLED_ITEM('',(#255),#256);
#80=STYLED_ITEM('',(#257),#258);
#81=STYLED_ITEM('',(#259),#260);
#82=STYLED_ITEM('',(#261),#262);
#83=STYLED_ITEM('',(#263),#264);
#84=STYLED_ITEM('',(#265),#266);
#85=STYLED_ITEM('',(#267),#268);
#86=STYLED_ITEM('',(#269),#270);
#87=STYLED_ITEM('',(#271),#272);
#88=STYLED_ITEM('',(#273),#274);
#89=STYLED_ITEM('',(#275),#276);
#90=STYLED_ITEM('',(#277),#278);
#91=STYLED_ITEM('',(#279),#280);
#92=STYLED_ITEM('',(#281),#282);
#93=STYLED_ITEM('',(#283),#284);
#94=STYLED_ITEM('',(#285),#286);
#95=STYLED_ITEM('',(#287),#288);
#96=STYLED_ITEM('',(#289),#290);
#97=STYLED_ITEM('',(#291),#292);
#98=STYLED_ITEM('',(#293),#294);
#99=STYLED_ITEM('',(#295),#296);
#100=STYLED_ITEM('',(#297),#298);
#101=STYLED_ITEM('',(#299),#300);
#102=STYLED_ITEM('',(#301),#302);
#103=STYLED_ITEM('',(#303),#304);
#104=APPLICATION_CONTEXT('managed model based 3d engineering');
#105=PRODUCT_CATEGORY('part','NONE');
#106=PRODUCT_RELATED_PRODUCT_CATEGORY('detail',' ',(#305));
#107=PRODUCT_DEFINITION_SHAPE('NONE','NONE',#306);
#108=ADVANCED_BREP_SHAPE_REPRESENTATION('body1',(#304,#307),#6);
#111=UNCERTAINTY_MEASURE_WITH_UNIT(LENGTH_MEASURE(1.0E-06),#113,'','');
#113= (CONVERSION_BASED_UNIT('MILLIMETRE',#310)LENGTH_UNIT()NAMED_UNIT(#313));
#114= (NAMED_UNIT(#315)PLANE_ANGLE_UNIT()SI_UNIT($,.RADIAN.));
#115= (NAMED_UNIT(#315)SOLID_ANGLE_UNIT()SI_UNIT($,.STERADIAN.));
#117=PRESENTATION_STYLE_ASSIGNMENT((#321));
#118=ADVANCED_FACE('',(#322),#323,.T.);
#119=PRESENTATION_STYLE_ASSIGNMENT((#324));
#120=ADVANCED_FACE('',(#325),#326,.T.);
#121=PRESENTATION_STYLE_ASSIGNMENT((#327));
#122=ADVANCED_FACE('',(#328),#329,.T.);
#123=PRESENTATION_STYLE_ASSIGNMENT((#330));
#124=ADVANCED_FACE('',(#331),#332,.T.);
#125=PRESENTATION_STYLE_ASSIGNMENT((#333));
#126=ADVANCED_FACE('',(#334),#335,.T.);
#127=PRESENTATION_STYLE_ASSIGNMENT((#336));
#128=ADVANCED_FACE('',(#337),#338,.F.);
#129=PRESENTATION_STYLE_ASSIGNMENT((#339));
#130=ADVANCED_FACE('',(#340),#341,.F.);
#131=PRESENTATION_STYLE_ASSIGNMENT((#342));
#132=ADVANCED_FACE('',(#343),#344,.T.);
#133=PRESENTATION_STYLE_ASSIGNMENT((#345));
#134=ADVANCED_FACE('',(#346),#347,.T.);
#135=PRESENTATION_STYLE_ASSIGNMENT((#348));
#136=ADVANCED_FACE('',(#349),#350,.T.);
#137=PRESENTATION_STYLE_ASSIGNMENT((#351));
#138=ADVANCED_FACE('',(#352),#353,.T.);
#139=PRESENTATION_STYLE_ASSIGNMENT((#354));
#140=ADVANCED_FACE('',(#355),#356,.T.);
#141=PRESENTATION_STYLE_ASSIGNMENT((#357));
#142=ADVANCED_FACE('',(#358),#359,.T.);
#143=PRESENTATION_STYLE_ASSIGNMENT((#360));
#144=ADVANCED_FACE('',(#361),#362,.T.);
#145=PRESENTATION_STYLE_ASSIGNMENT((#363));
#146=ADVANCED_FACE('',(#364),#365,.T.);
#147=PRESENTATION_STYLE_ASSIGNMENT((#366));
#148=ADVANCED_FACE('',(#367),#368,.T.);
#149=PRESENTATION_STYLE_ASSIGNMENT((#369));
#150=ADVANCED_FACE('',(#370),#371,.T.);
#151=PRESENTATION_STYLE_ASSIGNMENT((#372));
#152=ADVANCED_FACE('',(#373),#374,.T.);
#153=PRESENTATION_STYLE_ASSIGNMENT((#375));
#154=ADVANCED_FACE('',(#376),#377,.T.);
#155=PRESENTATION_STYLE_ASSIGNMENT((#378));
#156=ADVANCED_FACE('',(#379),#380,.T.);
#157=PRESENTATION_STYLE_ASSIGNMENT((#381));
#158=ADVANCED_FACE('',(#382),#383,.T.);
#159=PRESENTATION_STYLE_ASSIGNMENT((#384));
#160=ADVANCED_FACE('',(#385),#386,.T.);
#161=PRESENTATION_STYLE_ASSIGNMENT((#387));
#162=ADVANCED_FACE('',(#388),#389,.T.);
#163=PRESENTATION_STYLE_ASSIGNMENT((#390));
#164=ADVANCED_FACE('',(#391),#392,.T.);
#165=PRESENTATION_STYLE_ASSIGNMENT((#393));
#166=ADVANCED_FACE('',(#394),#395,.T.);
#167=PRESENTATION_STYLE_ASSIGNMENT((#396));
#168=ADVANCED_FACE('',(#397),#398,.T.);
#169=PRESENTATION_STYLE_ASSIGNMENT((#399));
#170=ADVANCED_FACE('',(#400),#401,.T.);
#171=PRESENTATION_STYLE_ASSIGNMENT((#402));
#172=ADVANCED_FACE('',(#403),#404,.T.);
#173=PRESENTATION_STYLE_ASSIGNMENT((#405));
#174=ADVANCED_FACE('',(#406),#407,.T.);
#175=PRESENTATION_STYLE_ASSIGNMENT((#408));
#176=ADVANCED_FACE('',(#409),#410,.F.);
#177=PRESENTATION_STYLE_ASSIGNMENT((#411));
#178=ADVANCED_FACE('',(#412),#413,.F.);
#179=PRESENTATION_STYLE_ASSIGNMENT((#414));
#180=ADVANCED_FACE('',(#415),#416,.F.);
#181=PRESENTATION_STYLE_ASSIGNMENT((#417));
#182=ADVANCED_FACE('',(#418),#419,.T.);
#183=PRESENTATION_STYLE_ASSIGNMENT((#420));
#184=ADVANCED_FACE('',(#421),#422,.T.);
#185=PRESENTATION_STYLE_ASSIGNMENT((#423));
#186=ADVANCED_FACE('',(#424),#425,.T.);
#187=PRESENTATION_STYLE_ASSIGNMENT((#426));
#188=ADVANCED_FACE('',(#427),#428,.F.);
#189=PRESENTATION_STYLE_ASSIGNMENT((#429));
#190=ADVANCED_FACE('',(#430),#431,.F.);
#191=PRESENTATION_STYLE_ASSIGNMENT((#432));
#192=ADVANCED_FACE('',(#433,#434),#435,.T.);
#193=PRESENTATION_STYLE_ASSIGNMENT((#436));
#194=ADVANCED_FACE('',(#437,#438),#439,.F.);
#195=PRESENTATION_STYLE_ASSIGNMENT((#440));
#196=ADVANCED_FACE('',(#441,#442),#443,.F.);
#197=PRESENTATION_STYLE_ASSIGNMENT((#444));
#198=ADVANCED_FACE('',(#445,#446),#447,.T.);
#199=PRESENTATION_STYLE_ASSIGNMENT((#448));
#200=ADVANCED_FACE('',(#449),#450,.F.);
#201=PRESENTATION_STYLE_ASSIGNMENT((#451));
#202=ADVANCED_FACE('',(#452),#453,.F.);
#203=PRESENTATION_STYLE_ASSIGNMENT((#454));
#204=ADVANCED_FACE('',(#455),#456,.T.);
#205=PRESENTATION_STYLE_ASSIGNMENT((#457));
#206=ADVANCED_FACE('',(#458),#459,.T.);
#207=PRESENTATION_STYLE_ASSIGNMENT((#460));
#208=ADVANCED_FACE('',(#461),#462,.T.);
#209=PRESENTATION_STYLE_ASSIGNMENT((#463));
#210=ADVANCED_FACE('',(#464),#465,.F.);
#211=PRESENTATION_STYLE_ASSIGNMENT((#466));
#212=ADVANCED_FACE('',(#467),#468,.F.);
#213=PRESENTATION_STYLE_ASSIGNMENT((#469));
#214=ADVANCED_FACE('',(#470),#471,.T.);
#215=PRESENTATION_STYLE_ASSIGNMENT((#472));
#216=ADVANCED_FACE('',(#473),#474,.T.);
#217=PRESENTATION_STYLE_ASSIGNMENT((#475));
#218=ADVANCED_FACE('',(#476),#477,.T.);
#219=PRESENTATION_STYLE_ASSIGNMENT((#478));
#220=ADVANCED_FACE('',(#479),#480,.F.);
#221=PRESENTATION_STYLE_ASSIGNMENT((#481));
#222=ADVANCED_FACE('',(#482),#483,.F.);
#223=PRESENTATION_STYLE_ASSIGNMENT((#484));
#224=ADVANCED_FACE('',(#485),#486,.F.);
#225=PRESENTATION_STYLE_ASSIGNMENT((#487));
#226=ADVANCED_FACE('',(#488),#489,.F.);
#227=PRESENTATION_STYLE_ASSIGNMENT((#490));
#228=ADVANCED_FACE('',(#491),#492,.F.);
#229=PRESENTATION_STYLE_ASSIGNMENT((#493));
#230=ADVANCED_FACE('',(#494),#495,.F.);
#231=PRESENTATION_STYLE_ASSIGNMENT((#496));
#232=ADVANCED_FACE('',(#497),#498,.F.);
#233=PRESENTATION_STYLE_ASSIGNMENT((#499));
#234=ADVANCED_FACE('',(#500),#501,.T.);
#235=PRESENTATION_STYLE_ASSIGNMENT((#502));
#236=ADVANCED_FACE('',(#503),#504,.F.);
#237=PRESENTATION_STYLE_ASSIGNMENT((#505));
#238=ADVANCED_FACE('',(#506),#507,.T.);
#239=PRESENTATION_STYLE_ASSIGNMENT((#508));
#240=ADVANCED_FACE('',(#509),#510,.F.);
#241=PRESENTATION_STYLE_ASSIGNMENT((#511));
#242=ADVANCED_FACE('',(#512),#513,.F.);
#243=PRESENTATION_STYLE_ASSIGNMENT((#514));
#244=ADVANCED_FACE('',(#515),#516,.T.);
#245=PRESENTATION_STYLE_ASSIGNMENT((#517));
#246=ADVANCED_FACE('',(#518),#519,.T.);
#247=PRESENTATION_STYLE_ASSIGNMENT((#520));
#248=ADVANCED_FACE('',(#521,#522),#523,.T.);
#249=PRESENTATION_STYLE_ASSIGNMENT((#524));
#250=ADVANCED_FACE('',(#525),#526,.F.);
#251=PRESENTATION_STYLE_ASSIGNMENT((#527));
#252=ADVANCED_FACE('',(#528),#529,.F.);
#253=PRESENTATION_STYLE_ASSIGNMENT((#530));
#254=ADVANCED_FACE('',(#531,#532),#533,.T.);
#255=PRESENTATION_STYLE_ASSIGNMENT((#534));
#256=ADVANCED_FACE('',(#535),#536,.T.);
#257=PRESENTATION_STYLE_ASSIGNMENT((#537));
#258=ADVANCED_FACE('',(#538),#539,.T.);
#259=PRESENTATION_STYLE_ASSIGNMENT((#540));
#260=ADVANCED_FACE('',(#541),#542,.T.);
#261=PRESENTATION_STYLE_ASSIGNMENT((#543));
#262=ADVANCED_FACE('',(#544),#545,.T.);
#263=PRESENTATION_STYLE_ASSIGNMENT((#546));
#264=ADVANCED_FACE('',(#547),#548,.T.);
#265=PRESENTATION_STYLE_ASSIGNMENT((#549));
#266=ADVANCED_FACE('',(#550),#551,.T.);
#267=PRESENTATION_STYLE_ASSIGNMENT((#552));
#268=ADVANCED_FACE('',(#553),#554,.T.);
#269=PRESENTATION_STYLE_ASSIGNMENT((#555));
#270=ADVANCED_FACE('',(#556),#557,.T.);
#271=PRESENTATION_STYLE_ASSIGNMENT((#558));
#272=ADVANCED_FACE('',(#559),#560,.T.);
#273=PRESENTATION_STYLE_ASSIGNMENT((#561));
#274=ADVANCED_FACE('',(#562),#563,.T.);
#275=PRESENTATION_STYLE_ASSIGNMENT((#564));
#276=ADVANCED_FACE('',(#565),#566,.T.);
#277=PRESENTATION_STYLE_ASSIGNMENT((#567));
#278=ADVANCED_FACE('',(#568),#569,.T.);
#279=PRESENTATION_STYLE_ASSIGNMENT((#570));
#280=ADVANCED_FACE('',(#571),#572,.T.);
#281=PRESENTATION_STYLE_ASSIGNMENT((#573));
#282=ADVANCED_FACE('',(#574),#575,.F.);
#283=PRESENTATION_STYLE_ASSIGNMENT((#576));
#284=ADVANCED_FACE('',(#577),#578,.T.);
#285=PRESENTATION_STYLE_ASSIGNMENT((#579));
#286=ADVANCED_FACE('',(#580),#581,.T.);
#287=PRESENTATION_STYLE_ASSIGNMENT((#582));
#288=ADVANCED_FACE('',(#583),#584,.T.);
#289=PRESENTATION_STYLE_ASSIGNMENT((#585));
#290=ADVANCED_FACE('',(#586,#587),#588,.T.);
#291=PRESENTATION_STYLE_ASSIGNMENT((#589));
#292=ADVANCED_FACE('',(#590),#591,.T.);
#293=PRESENTATION_STYLE_ASSIGNMENT((#592));
#294=ADVANCED_FACE('',(#593,#594),#595,.T.);
#295=PRESENTATION_STYLE_ASSIGNMENT((#596));
#296=ADVANCED_FACE('',(#597),#598,.T.);
#297=PRESENTATION_STYLE_ASSIGNMENT((#599));
#298=ADVANCED_FACE('',(#600),#601,.T.);
#299=PRESENTATION_STYLE_ASSIGNMENT((#602));
#300=ADVANCED_FACE('',(#603),#604,.T.);
#301=PRESENTATION_STYLE_ASSIGNMENT((#605));
#302=ADVANCED_FACE('',(#606),#607,.T.);
#303=PRESENTATION_STYLE_ASSIGNMENT((#608));
#304=MANIFOLD_SOLID_BREP('body1',#609);
#305=PRODUCT('body1','','PART--DESC',(#610));
#306=PRODUCT_DEFINITION('','NONE',#611,#2);
#307=AXIS2_PLACEMENT_3D('',#612,#613,#614);
#310=LENGTH_MEASURE_WITH_UNIT(LENGTH_MEASURE(1.0),#615);
#313=DIMENSIONAL_EXPONENTS(1.0,0.0,0.0,0.0,0.0,0.0,0.0);
#315=DIMENSIONAL_EXPONENTS(0.0,0.0,0.0,0.0,0.0,0.0,0.0);
#321=SURFACE_STYLE_USAGE(.BOTH.,#616);
#322=FACE_OUTER_BOUND('',#617,.T.);
#323=CYLINDRICAL_SURFACE('',#618,2.6797);
#324=SURFACE_STYLE_USAGE(.BOTH.,#619);
#325=FACE_OUTER_BOUND('',#620,.T.);
#326=CONICAL_SURFACE('',#621,2.6797,0.785398163397448);
#327=SURFACE_STYLE_USAGE(.BOTH.,#622);
#328=FACE_OUTER_BOUND('',#623,.T.);
#329=CONICAL_SURFACE('',#624,2.6797,0.785398163397448);
#330=SURFACE_STYLE_USAGE(.BOTH.,#625);
#331=FACE_OUTER_BOUND('',#626,.T.);
#332=CONICAL_SURFACE('',#627,2.6797,0.785398163397448);
#333=SURFACE_STYLE_USAGE(.BOTH.,#628);
#334=FACE_OUTER_BOUND('',#629,.T.);
#335=CYLINDRICAL_SURFACE('',#630,2.6797);
#336=SURFACE_STYLE_USAGE(.BOTH.,#631);
#337=FACE_OUTER_BOUND('',#632,.T.);
#338=CONICAL_SURFACE('',#633,2.423795,0.785398163397448);
#339=SURFACE_STYLE_USAGE(.BOTH.,#634);
#340=FACE_OUTER_BOUND('',#635,.T.);
#341=CYLINDRICAL_SURFACE('',#636,2.322195);
#342=SURFACE_STYLE_USAGE(.BOTH.,#637);
#343=FACE_OUTER_BOUND('',#638,.T.);
#344=CYLINDRICAL_SURFACE('',#639,2.74447);
#345=SURFACE_STYLE_USAGE(.BOTH.,#640);
#346=FACE_OUTER_BOUND('',#641,.T.);
#347=CYLINDRICAL_SURFACE('',#642,2.74447);
#348=SURFACE_STYLE_USAGE(.BOTH.,#643);
#349=FACE_OUTER_BOUND('',#644,.T.);
#350=CYLINDRICAL_SURFACE('',#645,2.74447);
#351=SURFACE_STYLE_USAGE(.BOTH.,#646);
#352=FACE_OUTER_BOUND('',#647,.T.);
#353=CYLINDRICAL_SURFACE('',#648,2.74447);
#354=SURFACE_STYLE_USAGE(.BOTH.,#649);
#355=FACE_OUTER_BOUND('',#650,.T.);
#356=CYLINDRICAL_SURFACE('',#651,2.74447);
#357=SURFACE_STYLE_USAGE(.BOTH.,#652);
#358=FACE_OUTER_BOUND('',#653,.T.);
#359=CYLINDRICAL_SURFACE('',#654,2.74447);
#360=SURFACE_STYLE_USAGE(.BOTH.,#655);
#361=FACE_OUTER_BOUND('',#656,.T.);
#362=CYLINDRICAL_SURFACE('',#657,2.74447);
#363=SURFACE_STYLE_USAGE(.BOTH.,#658);
#364=FACE_OUTER_BOUND('',#659,.T.);
#365=CYLINDRICAL_SURFACE('',#660,2.74447);
#366=SURFACE_STYLE_USAGE(.BOTH.,#661);
#367=FACE_OUTER_BOUND('',#662,.T.);
#368=CYLINDRICAL_SURFACE('',#663,2.74447);
#369=SURFACE_STYLE_USAGE(.BOTH.,#664);
#370=FACE_OUTER_BOUND('',#665,.T.);
#371=CYLINDRICAL_SURFACE('',#666,2.74447);
#372=SURFACE_STYLE_USAGE(.BOTH.,#667);
#373=FACE_OUTER_BOUND('',#668,.T.);
#374=CYLINDRICAL_SURFACE('',#669,2.74447);
#375=SURFACE_STYLE_USAGE(.BOTH.,#670);
#376=FACE_OUTER_BOUND('',#671,.T.);
#377=CYLINDRICAL_SURFACE('',#672,2.74447);
#378=SURFACE_STYLE_USAGE(.BOTH.,#673);
#379=FACE_OUTER_BOUND('',#674,.T.);
#380=CYLINDRICAL_SURFACE('',#675,3.128645);
#381=SURFACE_STYLE_USAGE(.BOTH.,#676);
#382=FACE_OUTER_BOUND('',#677,.T.);
#383=CYLINDRICAL_SURFACE('',#678,3.128645);
#384=SURFACE_STYLE_USAGE(.BOTH.,#679);
#385=FACE_OUTER_BOUND('',#680,.T.);
#386=CYLINDRICAL_SURFACE('',#681,3.128645);
#387=SURFACE_STYLE_USAGE(.BOTH.,#682);
#388=FACE_OUTER_BOUND('',#683,.T.);
#389=CYLINDRICAL_SURFACE('',#684,3.128645);
#390=SURFACE_STYLE_USAGE(.BOTH.,#685);
#391=FACE_OUTER_BOUND('',#686,.T.);
#392=CYLINDRICAL_SURFACE('',#687,3.128645);
#393=SURFACE_STYLE_USAGE(.BOTH.,#688);
#394=FACE_OUTER_BOUND('',#689,.T.);
#395=CYLINDRICAL_SURFACE('',#690,3.128645);
#396=SURFACE_STYLE_USAGE(.BOTH.,#691);
#397=FACE_OUTER_BOUND('',#692,.T.);
#398=CYLINDRICAL_SURFACE('',#693,3.128645);
#399=SURFACE_STYLE_USAGE(.BOTH.,#694);
#400=FACE_OUTER_BOUND('',#695,.T.);
#401=CYLINDRICAL_SURFACE('',#696,3.128645);
#402=SURFACE_STYLE_USAGE(.BOTH.,#697);
#403=FACE_OUTER_BOUND('',#698,.T.);
#404=CYLINDRICAL_SURFACE('',#699,3.128645);
#405=SURFACE_STYLE_USAGE(.BOTH.,#700);
#406=FACE_OUTER_BOUND('',#701,.T.);
#407=CYLINDRICAL_SURFACE('',#702,3.128645);
#408=SURFACE_STYLE_USAGE(.BOTH.,#703);
#409=FACE_OUTER_BOUND('',#704,.T.);
#410=CYLINDRICAL_SURFACE('',#705,1.9558);
#411=SURFACE_STYLE_USAGE(.BOTH.,#706);
#412=FACE_OUTER_BOUND('',#707,.T.);
#413=CYLINDRICAL_SURFACE('',#708,1.9558);
#414=SURFACE_STYLE_USAGE(.BOTH.,#709);
#415=FACE_OUTER_BOUND('',#710,.T.);
#416=CYLINDRICAL_SURFACE('',#711,0.4826);
#417=SURFACE_STYLE_USAGE(.BOTH.,#712);
#418=FACE_OUTER_BOUND('',#713,.T.);
#419=CYLINDRICAL_SURFACE('',#714,0.635);
#420=SURFACE_STYLE_USAGE(.BOTH.,#715);
#421=FACE_OUTER_BOUND('',#716,.T.);
#422=CYLINDRICAL_SURFACE('',#717,0.635);
#423=SURFACE_STYLE_USAGE(.BOTH.,#718);
#424=FACE_OUTER_BOUND('',#719,.T.);
#425=CONICAL_SURFACE('',#720,0.5334,0.785398163397446);
#426=SURFACE_STYLE_USAGE(.BOTH.,#721);
#427=FACE_OUTER_BOUND('',#722,.T.);
#428=CONICAL_SURFACE('',#723,0.4826,1.0471975511966);
#429=SURFACE_STYLE_USAGE(.BOTH.,#724);
#430=FACE_OUTER_BOUND('',#725,.T.);
#431=CYLINDRICAL_SURFACE('',#726,0.6477);
#432=SURFACE_STYLE_USAGE(.BOTH.,#727);
#433=FACE_BOUND('',#728,.T.);
#434=FACE_OUTER_BOUND('',#729,.T.);
#435=PLANE('',#730);
#436=SURFACE_STYLE_USAGE(.BOTH.,#731);
#437=FACE_BOUND('',#732,.T.);
#438=FACE_OUTER_BOUND('',#733,.T.);
#439=PLANE('',#734);
#440=SURFACE_STYLE_USAGE(.BOTH.,#735);
#441=FACE_OUTER_BOUND('',#736,.T.);
#442=FACE_BOUND('',#737,.T.);
#443=PLANE('',#738);
#444=SURFACE_STYLE_USAGE(.BOTH.,#739);
#445=FACE_OUTER_BOUND('',#740,.T.);
#446=FACE_BOUND('',#741,.T.);
#447=PLANE('',#742);
#448=SURFACE_STYLE_USAGE(.BOTH.,#743);
#449=FACE_OUTER_BOUND('',#744,.T.);
#450=CYLINDRICAL_SURFACE('',#745,0.6477);
#451=SURFACE_STYLE_USAGE(.BOTH.,#746);
#452=FACE_OUTER_BOUND('',#747,.T.);
#453=CONICAL_SURFACE('',#748,0.4826,1.0471975511966);
#454=SURFACE_STYLE_USAGE(.BOTH.,#749);
#455=FACE_OUTER_BOUND('',#750,.T.);
#456=CONICAL_SURFACE('',#751,0.5334,0.785398163397446);
#457=SURFACE_STYLE_USAGE(.BOTH.,#752);
#458=FACE_OUTER_BOUND('',#753,.T.);
#459=CYLINDRICAL_SURFACE('',#754,0.635);
#460=SURFACE_STYLE_USAGE(.BOTH.,#755);
#461=FACE_OUTER_BOUND('',#756,.T.);
#462=PLANE('',#757);
#463=SURFACE_STYLE_USAGE(.BOTH.,#758);
#464=FACE_OUTER_BOUND('',#759,.T.);
#465=PLANE('',#760);
#466=SURFACE_STYLE_USAGE(.BOTH.,#761);
#467=FACE_OUTER_BOUND('',#762,.T.);
#468=PLANE('',#763);
#469=SURFACE_STYLE_USAGE(.BOTH.,#764);
#470=FACE_OUTER_BOUND('',#765,.T.);
#471=CYLINDRICAL_SURFACE('',#766,0.635);
#472=SURFACE_STYLE_USAGE(.BOTH.,#767);
#473=FACE_OUTER_BOUND('',#768,.T.);
#474=PLANE('',#769);
#475=SURFACE_STYLE_USAGE(.BOTH.,#770);
#476=FACE_OUTER_BOUND('',#771,.T.);
#477=CYLINDRICAL_SURFACE('',#772,0.635);
#478=SURFACE_STYLE_USAGE(.BOTH.,#773);
#479=FACE_OUTER_BOUND('',#774,.T.);
#480=PLANE('',#775);
#481=SURFACE_STYLE_USAGE(.BOTH.,#776);
#482=FACE_OUTER_BOUND('',#777,.T.);
#483=CYLINDRICAL_SURFACE('',#778,0.4826);
#484=SURFACE_STYLE_USAGE(.BOTH.,#779);
#485=FACE_OUTER_BOUND('',#780,.T.);
#486=CONICAL_SURFACE('',#781,0.4826,0.785398163397448);
#487=SURFACE_STYLE_USAGE(.BOTH.,#782);
#488=FACE_OUTER_BOUND('',#783,.T.);
#489=PLANE('',#784);
#490=SURFACE_STYLE_USAGE(.BOTH.,#785);
#491=FACE_OUTER_BOUND('',#786,.T.);
#492=PLANE('',#787);
#493=SURFACE_STYLE_USAGE(.BOTH.,#788);
#494=FACE_OUTER_BOUND('',#789,.T.);
#495=CONICAL_SURFACE('',#790,0.4826,0.785398163397448);
#496=SURFACE_STYLE_USAGE(.BOTH.,#791);
#497=FACE_OUTER_BOUND('',#792,.T.);
#498=CYLINDRICAL_SURFACE('',#793,0.4826);
#499=SURFACE_STYLE_USAGE(.BOTH.,#794);
#500=FACE_OUTER_BOUND('',#795,.T.);
#501=CYLINDRICAL_SURFACE('',#796,0.635);
#502=SURFACE_STYLE_USAGE(.BOTH.,#797);
#503=FACE_OUTER_BOUND('',#798,.T.);
#504=CYLINDRICAL_SURFACE('',#799,0.4826);
#505=SURFACE_STYLE_USAGE(.BOTH.,#800);
#506=FACE_OUTER_BOUND('',#801,.T.);
#507=PLANE('',#802);
#508=SURFACE_STYLE_USAGE(.BOTH.,#803);
#509=FACE_OUTER_BOUND('',#804,.T.);
#510=CYLINDRICAL_SURFACE('',#805,1.9558);
#511=SURFACE_STYLE_USAGE(.BOTH.,#806);
#512=FACE_OUTER_BOUND('',#807,.T.);
#513=CYLINDRICAL_SURFACE('',#808,1.9558);
#514=SURFACE_STYLE_USAGE(.BOTH.,#809);
#515=FACE_OUTER_BOUND('',#810,.T.);
#516=CYLINDRICAL_SURFACE('',#811,3.128645);
#517=SURFACE_STYLE_USAGE(.BOTH.,#812);
#518=FACE_OUTER_BOUND('',#813,.T.);
#519=CYLINDRICAL_SURFACE('',#814,2.74447);
#520=SURFACE_STYLE_USAGE(.BOTH.,#815);
#521=FACE_BOUND('',#816,.T.);
#522=FACE_OUTER_BOUND('',#817,.T.);
#523=PLANE('',#818);
#524=SURFACE_STYLE_USAGE(.BOTH.,#819);
#525=FACE_OUTER_BOUND('',#820,.T.);
#526=CYLINDRICAL_SURFACE('',#821,2.322195);
#527=SURFACE_STYLE_USAGE(.BOTH.,#822);
#528=FACE_OUTER_BOUND('',#823,.T.);
#529=CONICAL_SURFACE('',#824,2.423795,0.785398163397448);
#530=SURFACE_STYLE_USAGE(.BOTH.,#825);
#531=FACE_BOUND('',#826,.T.);
#532=FACE_OUTER_BOUND('',#827,.T.);
#533=PLANE('',#828);
#534=SURFACE_STYLE_USAGE(.BOTH.,#829);
#535=FACE_OUTER_BOUND('',#830,.T.);
#536=CYLINDRICAL_SURFACE('',#831,2.6797);
#537=SURFACE_STYLE_USAGE(.BOTH.,#832);
#538=FACE_OUTER_BOUND('',#833,.T.);
#539=CONICAL_SURFACE('',#834,2.6797,0.785398163397448);
#540=SURFACE_STYLE_USAGE(.BOTH.,#835);
#541=FACE_OUTER_BOUND('',#836,.T.);
#542=(B_SPLINE_SURFACE(1,3,((#838,#839,#840,#841,#842,#843,#844,#845,#846,#847,#848,#849,#850,#851,#852,#853,#854,#855,#856,#857,#858,#859,#860,#861,#862,#863,#864,#865,#866,#867,#868,#869,#870,#871,#872,#873,#874,#875,#876,#877,#878,#879,#880,#881,#882,#883,#884,#885,#886,#887,#888,#889,#890,#891,#892,#893,#894,#895,#896,#897,#898,#899,#900,#901,#902,#903,#904,#905,#906,#907,#908,#909,#910,#911,#912,#913),(#914,#915,#916,#917,#918,#919,#920,#921,#922,#923,#924,#925,#926,#927,#928,#929,#930,#931,#932,#933,#934,#935,#936,#937,#938,#939,#940,#941,#942,#943,#944,#945,#946,#947,#948,#949,#950,#951,#952,#953,#954,#955,#956,#957,#958,#959,#960,#961,#962,#963,#964,#965,#966,#967,#968,#969,#970,#971,#972,#973,#974,#975,#976,#977,#978,#979,#980,#981,#982,#983,#984,#985,#986,#987,#988,#989)),.UNSPECIFIED.,.F.,.F.,.F.)B_SPLINE_SURFACE_WITH_KNOTS((2,2),(4,3,3,3,3,3,3,3,3,3,3,3,3,3,3,3,3,3,3,3,3,3,3,3,3,4),(0.0,1.0),(0.124216251580887,0.125,0.15,0.175,0.2,0.225,0.25,0.275,0.3,0.325,0.35,0.375,0.4,0.425,0.45,0.475,0.5,0.525,0.55,0.575,0.6,0.625,0.65,0.675,0.7,0.724523324643366),.UNSPECIFIED.)RATIONAL_B_SPLINE_SURFACE(((1.15073218010265,1.15745424515047,1.16440114353419,1.17157287525381,0.942809041582063,0.942809041582063,1.17157287525381,0.942809041582063,0.942809041582063,1.17157287525381,0.942809041582063,0.942809041582063,1.17157287525381,0.942809041582063,0.942809041582063,1.17157287525381,0.942809041582063,0.942809041582063,1.17157287525381,0.942809041582063,0.942809041582063,1.17157287525381,0.942809041582063,0.942809041582063,1.17157287525381,0.942809041582063,0.942809041582063,1.17157287525381,0.942809041582063,0.942809041582063,1.17157287525381,0.942809041582063,0.942809041582063,1.17157287525381,0.942809041582063,0.942809041582063,1.17157287525381,0.942809041582063,0.942809041582063,1.17157287525381,0.942809041582063,0.942809041582063,1.17157287525381,0.942809041582063,0.942809041582063,1.17157287525381,0.942809041582063,0.942809041582063,1.17157287525381,0.942809041582063,0.942809041582063,1.17157287525381,0.942809041582063,0.942809041582063,1.17157287525381,0.942809041582063,0.942809041582063,1.17157287525381,0.942809041582063,0.942809041582063,1.17157287525381,0.942809041582063,0.942809041582063,1.17157287525381,0.942809041582063,0.942809041582063,1.17157287525381,0.942809041582063,0.942809041582063,1.17157287525381,0.942809041582063,0.942809041582063,1.17157287525381,0.947170884862082,0.942892208910106,1.15873684739788),(1.15073218010265,1.15745424515047,1.16440114353419,1.17157287525381,0.942809041582063,0.942809041582063,1.17157287525381,0.942809041582063,0.942809041582063,1.17157287525381,0.942809041582063,0.942809041582063,1.17157287525381,0.942809041582063,0.942809041582063,1.17157287525381,0.942809041582063,0.942809041582063,1.17157287525381,0.942809041582063,0.942809041582063,1.17157287525381,0.942809041582063,0.942809041582063,1.17157287525381,0.942809041582063,0.942809041582063,1.17157287525381,0.942809041582063,0.942809041582063,1.17157287525381,0.942809041582063,0.942809041582063,1.17157287525381,0.942809041582063,0.942809041582063,1.17157287525381,0.942809041582063,0.942809041582063,1.17157287525381,0.942809041582063,0.942809041582063,1.17157287525381,0.942809041582063,0.942809041582063,1.17157287525381,0.942809041582063,0.942809041582063,1.17157287525381,0.942809041582063,0.942809041582063,1.17157287525381,0.942809041582063,0.942809041582063,1.17157287525381,0.942809041582063,0.942809041582063,1.17157287525381,0.942809041582063,0.942809041582063,1.17157287525381,0.942809041582063,0.942809041582063,1.17157287525381,0.942809041582063,0.942809041582063,1.17157287525381,0.942809041582063,0.942809041582063,1.17157287525381,0.942809041582063,0.942809041582063,1.17157287525381,0.947170884862082,0.942892208910106,1.15873684739788)))BOUNDED_SURFACE()REPRESENTATION_ITEM('')GEOMETRIC_REPRESENTATION_ITEM()SURFACE());
#543=SURFACE_STYLE_USAGE(.BOTH.,#996);
#544=FACE_OUTER_BOUND('',#997,.T.);
#545=CONICAL_SURFACE('',#998,2.6797,0.785398163397448);
#546=SURFACE_STYLE_USAGE(.BOTH.,#999);
#547=FACE_OUTER_BOUND('',#1000,.T.);
#548=CYLINDRICAL_SURFACE('',#1001,2.6797);
#549=SURFACE_STYLE_USAGE(.BOTH.,#1002);
#550=FACE_OUTER_BOUND('',#1003,.T.);
#551=PLANE('',#1004);
#552=SURFACE_STYLE_USAGE(.BOTH.,#1005);
#553=FACE_OUTER_BOUND('',#1006,.T.);
#554=PLANE('',#1007);
#555=SURFACE_STYLE_USAGE(.BOTH.,#1008);
#556=FACE_OUTER_BOUND('',#1009,.T.);
#557=PLANE('',#1010);
#558=SURFACE_STYLE_USAGE(.BOTH.,#1011);
#559=FACE_OUTER_BOUND('',#1012,.T.);
#560=PLANE('',#1013);
#561=SURFACE_STYLE_USAGE(.BOTH.,#1014);
#562=FACE_OUTER_BOUND('',#1015,.T.);
#563=PLANE('',#1016);
#564=SURFACE_STYLE_USAGE(.BOTH.,#1017);
#565=FACE_OUTER_BOUND('',#1018,.T.);
#566=PLANE('',#1019);
#567=SURFACE_STYLE_USAGE(.BOTH.,#1020);
#568=FACE_OUTER_BOUND('',#1021,.T.);
#569=PLANE('',#1022);
#570=SURFACE_STYLE_USAGE(.BOTH.,#1023);
#571=FACE_OUTER_BOUND('',#1024,.T.);
#572=PLANE('',#1025);
#573=SURFACE_STYLE_USAGE(.BOTH.,#1026);
#574=FACE_OUTER_BOUND('',#1027,.T.);
#575=(B_SPLINE_SURFACE(1,3,((#1029,#1030,#1031,#1032,#1033,#1034,#1035,#1036,#1037,#1038,#1039,#1040,#1041,#1042,#1043,#1044,#1045,#1046,#1047,#1048,#1049,#1050,#1051,#1052,#1053,#1054,#1055,#1056,#1057,#1058,#1059,#1060,#1061,#1062,#1063,#1064,#1065,#1066,#1067,#1068,#1069,#1070,#1071,#1072,#1073,#1074,#1075,#1076,#1077,#1078,#1079,#1080,#1081,#1082,#1083,#1084,#1085,#1086,#1087,#1088,#1089,#1090,#1091,#1092,#1093,#1094,#1095,#1096,#1097,#1098,#1099,#1100,#1101,#1102,#1103,#1104),(#1105,#1106,#1107,#1108,#1109,#1110,#1111,#1112,#1113,#1114,#1115,#1116,#1117,#1118,#1119,#1120,#1121,#1122,#1123,#1124,#1125,#1126,#1127,#1128,#1129,#1130,#1131,#1132,#1133,#1134,#1135,#1136,#1137,#1138,#1139,#1140,#1141,#1142,#1143,#1144,#1145,#1146,#1147,#1148,#1149,#1150,#1151,#1152,#1153,#1154,#1155,#1156,#1157,#1158,#1159,#1160,#1161,#1162,#1163,#1164,#1165,#1166,#1167,#1168,#1169,#1170,#1171,#1172,#1173,#1174,#1175,#1176,#1177,#1178,#1179,#1180)),.UNSPECIFIED.,.F.,.F.,.F.)B_SPLINE_SURFACE_WITH_KNOTS((2,2),(4,3,3,3,3,3,3,3,3,3,3,3,3,3,3,3,3,3,3,3,3,3,3,3,3,4),(0.0,1.0),(0.103476955668323,0.125,0.15,0.175,0.2,0.225,0.25,0.275,0.3,0.325,0.35,0.375,0.4,0.425,0.45,0.475,0.5,0.525,0.55,0.575,0.6,0.625,0.65,0.675,0.7,0.704033272233664),.UNSPECIFIED.)RATIONAL_B_SPLINE_SURFACE(((1.08939943736463,0.94723396394669,0.97462510990975,1.17157287525381,0.942809041582063,0.942809041582063,1.17157287525381,0.942809041582063,0.942809041582063,1.17157287525381,0.942809041582063,0.942809041582063,1.17157287525381,0.942809041582063,0.942809041582063,1.17157287525381,0.942809041582063,0.942809041582063,1.17157287525381,0.942809041582063,0.942809041582063,1.17157287525381,0.942809041582063,0.942809041582063,1.17157287525381,0.942809041582063,0.942809041582063,1.17157287525381,0.942809041582063,0.942809041582063,1.17157287525381,0.942809041582063,0.942809041582063,1.17157287525381,0.942809041582063,0.942809041582063,1.17157287525381,0.942809041582063,0.942809041582063,1.17157287525381,0.942809041582063,0.942809041582063,1.17157287525381,0.942809041582063,0.942809041582063,1.17157287525381,0.942809041582063,0.942809041582063,1.17157287525381,0.942809041582063,0.942809041582063,1.17157287525381,0.942809041582063,0.942809041582063,1.17157287525381,0.942809041582063,0.942809041582063,1.17157287525381,0.942809041582063,0.942809041582063,1.17157287525381,0.942809041582063,0.942809041582063,1.17157287525381,0.942809041582063,0.942809041582063,1.17157287525381,0.942809041582063,0.942809041582063,1.17157287525381,0.942809041582063,0.942809041582063,1.17157287525381,1.13466620251722,1.10371371611605,1.07871541605029),(1.08939943736463,0.94723396394669,0.97462510990975,1.17157287525381,0.942809041582063,0.942809041582063,1.17157287525381,0.942809041582063,0.942809041582063,1.17157287525381,0.942809041582063,0.942809041582063,1.17157287525381,0.942809041582063,0.942809041582063,1.17157287525381,0.942809041582063,0.942809041582063,1.17157287525381,0.942809041582063,0.942809041582063,1.17157287525381,0.942809041582063,0.942809041582063,1.17157287525381,0.942809041582063,0.942809041582063,1.17157287525381,0.942809041582063,0.942809041582063,1.17157287525381,0.942809041582063,0.942809041582063,1.17157287525381,0.942809041582063,0.942809041582063,1.17157287525381,0.942809041582063,0.942809041582063,1.17157287525381,0.942809041582063,0.942809041582063,1.17157287525381,0.942809041582063,0.942809041582063,1.17157287525381,0.942809041582063,0.942809041582063,1.17157287525381,0.942809041582063,0.942809041582063,1.17157287525381,0.942809041582063,0.942809041582063,1.17157287525381,0.942809041582063,0.942809041582063,1.17157287525381,0.942809041582063,0.942809041582063,1.17157287525381,0.942809041582063,0.942809041582063,1.17157287525381,0.942809041582063,0.942809041582063,1.17157287525381,0.942809041582063,0.942809041582063,1.17157287525381,0.942809041582063,0.942809041582063,1.17157287525381,1.13466620251722,1.10371371611605,1.07871541605029)))BOUNDED_SURFACE()REPRESENTATION_ITEM('')GEOMETRIC_REPRESENTATION_ITEM()SURFACE());
#576=SURFACE_STYLE_USAGE(.BOTH.,#1187);
#577=FACE_OUTER_BOUND('',#1188,.T.);
#578=PLANE('',#1189);
#579=SURFACE_STYLE_USAGE(.BOTH.,#1190);
#580=FACE_OUTER_BOUND('',#1191,.T.);
#581=PLANE('',#1192);
#582=SURFACE_STYLE_USAGE(.BOTH.,#1193);
#583=FACE_OUTER_BOUND('',#1194,.T.);
#584=PLANE('',#1195);
#585=SURFACE_STYLE_USAGE(.BOTH.,#1196);
#586=FACE_BOUND('',#1197,.T.);
#587=FACE_OUTER_BOUND('',#1198,.T.);
#588=PLANE('',#1199);
#589=SURFACE_STYLE_USAGE(.BOTH.,#1200);
#590=FACE_OUTER_BOUND('',#1201,.T.);
#591=PLANE('',#1202);
#592=SURFACE_STYLE_USAGE(.BOTH.,#1203);
#593=FACE_BOUND('',#1204,.T.);
#594=FACE_OUTER_BOUND('',#1205,.T.);
#595=PLANE('',#1206);
#596=SURFACE_STYLE_USAGE(.BOTH.,#1207);
#597=FACE_OUTER_BOUND('',#1208,.T.);
#598=PLANE('',#1209);
#599=SURFACE_STYLE_USAGE(.BOTH.,#1210);
#600=FACE_OUTER_BOUND('',#1211,.T.);
#601=PLANE('',#1212);
#602=SURFACE_STYLE_USAGE(.BOTH.,#1213);
#603=FACE_OUTER_BOUND('',#1214,.T.);
#604=PLANE('',#1215);
#605=SURFACE_STYLE_USAGE(.BOTH.,#1216);
#606=FACE_OUTER_BOUND('',#1217,.T.);
#607=PLANE('',#1218);
#608=SURFACE_STYLE_USAGE(.BOTH.,#1219);
#609=CLOSED_SHELL('',(#118,#120,#122,#124,#126,#128,#130,#132,#134,#136,#138,#140,#142,#144,#146,#148,#150,#152,#154,#156,#158,#160,#162,#164,#166,#168,#170,#172,#174,#176,#178,#180,#182,#184,#186,#188,#190,#192,#194,#196,#198,#200,#202,#204,#206,#208,#210,#212,#214,#216,#218,#220,#222,#224,#226,#228,#230,#232,#234,#236,#238,#240,#242,#244,#246,#248,#250,#252,#254,#256,#258,#260,#262,#264,#266,#268,#270,#272,#274,#276,#278,#280,#282,#284,#286,#288,#290,#292,#294,#296,#298,#300,#302));
#610=PRODUCT_CONTEXT('',#104,'mechanical');
#611=PRODUCT_DEFINITION_FORMATION_WITH_SPECIFIED_SOURCE(' ','NONE',#305,.NOT_KNOWN.);
#612=CARTESIAN_POINT('',(0.0,0.0,0.0));
#613=DIRECTION('',(0.0,0.0,1.0));
#614=DIRECTION('',(1.0,0.0,0.0));
#615= (NAMED_UNIT(#313)LENGTH_UNIT()SI_UNIT(.MILLI.,.METRE.));
#616=SURFACE_SIDE_STYLE('',(#1221));
#617=EDGE_LOOP('',(#1222,#1223,#1224,#1225));
#618=AXIS2_PLACEMENT_3D('',#1226,#1227,#1228);
#619=SURFACE_SIDE_STYLE('',(#1229));
#620=EDGE_LOOP('',(#1230,#1231,#1232));
#621=AXIS2_PLACEMENT_3D('',#1233,#1234,#1235);
#622=SURFACE_SIDE_STYLE('',(#1236));
#623=EDGE_LOOP('',(#1237,#1238,#1239,#1240,#1241,#1242,#1243,#1244,#1245));
#624=AXIS2_PLACEMENT_3D('',#1246,#1247,#1248);
#625=SURFACE_SIDE_STYLE('',(#1249));
#626=EDGE_LOOP('',(#1250,#1251,#1252,#1253,#1254,#1255,#1256,#1257));
#627=AXIS2_PLACEMENT_3D('',#1258,#1259,#1260);
#628=SURFACE_SIDE_STYLE('',(#1261));
#629=EDGE_LOOP('',(#1262,#1263,#1264,#1265));
#630=AXIS2_PLACEMENT_3D('',#1266,#1267,#1268);
#631=SURFACE_SIDE_STYLE('',(#1269));
#632=EDGE_LOOP('',(#1270,#1271,#1272,#1273));
#633=AXIS2_PLACEMENT_3D('',#1274,#1275,#1276);
#634=SURFACE_SIDE_STYLE('',(#1277));
#635=EDGE_LOOP('',(#1278,#1279,#1280,#1281));
#636=AXIS2_PLACEMENT_3D('',#1282,#1283,#1284);
#637=SURFACE_SIDE_STYLE('',(#1285));
#638=EDGE_LOOP('',(#1286,#1287,#1288,#1289));
#639=AXIS2_PLACEMENT_3D('',#1290,#1291,#1292);
#640=SURFACE_SIDE_STYLE('',(#1293));
#641=EDGE_LOOP('',(#1294,#1295,#1296,#1297));
#642=AXIS2_PLACEMENT_3D('',#1298,#1299,#1300);
#643=SURFACE_SIDE_STYLE('',(#1301));
#644=EDGE_LOOP('',(#1302,#1303,#1304,#1305));
#645=AXIS2_PLACEMENT_3D('',#1306,#1307,#1308);
#646=SURFACE_SIDE_STYLE('',(#1309));
#647=EDGE_LOOP('',(#1310,#1311,#1312,#1313));
#648=AXIS2_PLACEMENT_3D('',#1314,#1315,#1316);
#649=SURFACE_SIDE_STYLE('',(#1317));
#650=EDGE_LOOP('',(#1318,#1319,#1320,#1321));
#651=AXIS2_PLACEMENT_3D('',#1322,#1323,#1324);
#652=SURFACE_SIDE_STYLE('',(#1325));
#653=EDGE_LOOP('',(#1326,#1327,#1328,#1329));
#654=AXIS2_PLACEMENT_3D('',#1330,#1331,#1332);
#655=SURFACE_SIDE_STYLE('',(#1333));
#656=EDGE_LOOP('',(#1334,#1335,#1336,#1337));
#657=AXIS2_PLACEMENT_3D('',#1338,#1339,#1340);
#658=SURFACE_SIDE_STYLE('',(#1341));
#659=EDGE_LOOP('',(#1342,#1343,#1344,#1345));
#660=AXIS2_PLACEMENT_3D('',#1346,#1347,#1348);
#661=SURFACE_SIDE_STYLE('',(#1349));
#662=EDGE_LOOP('',(#1350,#1351,#1352,#1353));
#663=AXIS2_PLACEMENT_3D('',#1354,#1355,#1356);
#664=SURFACE_SIDE_STYLE('',(#1357));
#665=EDGE_LOOP('',(#1358,#1359,#1360,#1361));
#666=AXIS2_PLACEMENT_3D('',#1362,#1363,#1364);
#667=SURFACE_SIDE_STYLE('',(#1365));
#668=EDGE_LOOP('',(#1366,#1367,#1368,#1369));
#669=AXIS2_PLACEMENT_3D('',#1370,#1371,#1372);
#670=SURFACE_SIDE_STYLE('',(#1373));
#671=EDGE_LOOP('',(#1374,#1375,#1376,#1377));
#672=AXIS2_PLACEMENT_3D('',#1378,#1379,#1380);
#673=SURFACE_SIDE_STYLE('',(#1381));
#674=EDGE_LOOP('',(#1382,#1383,#1384));
#675=AXIS2_PLACEMENT_3D('',#1385,#1386,#1387);
#676=SURFACE_SIDE_STYLE('',(#1388));
#677=EDGE_LOOP('',(#1389,#1390,#1391,#1392,#1393));
#678=AXIS2_PLACEMENT_3D('',#1394,#1395,#1396);
#679=SURFACE_SIDE_STYLE('',(#1397));
#680=EDGE_LOOP('',(#1398,#1399,#1400,#1401));
#681=AXIS2_PLACEMENT_3D('',#1402,#1403,#1404);
#682=SURFACE_SIDE_STYLE('',(#1405));
#683=EDGE_LOOP('',(#1406,#1407,#1408,#1409));
#684=AXIS2_PLACEMENT_3D('',#1410,#1411,#1412);
#685=SURFACE_SIDE_STYLE('',(#1413));
#686=EDGE_LOOP('',(#1414,#1415,#1416,#1417));
#687=AXIS2_PLACEMENT_3D('',#1418,#1419,#1420);
#688=SURFACE_SIDE_STYLE('',(#1421));
#689=EDGE_LOOP('',(#1422,#1423,#1424,#1425));
#690=AXIS2_PLACEMENT_3D('',#1426,#1427,#1428);
#691=SURFACE_SIDE_STYLE('',(#1429));
#692=EDGE_LOOP('',(#1430,#1431,#1432,#1433));
#693=AXIS2_PLACEMENT_3D('',#1434,#1435,#1436);
#694=SURFACE_SIDE_STYLE('',(#1437));
#695=EDGE_LOOP('',(#1438,#1439,#1440,#1441));
#696=AXIS2_PLACEMENT_3D('',#1442,#1443,#1444);
#697=SURFACE_SIDE_STYLE('',(#1445));
#698=EDGE_LOOP('',(#1446,#1447,#1448,#1449));
#699=AXIS2_PLACEMENT_3D('',#1450,#1451,#1452);
#700=SURFACE_SIDE_STYLE('',(#1453));
#701=EDGE_LOOP('',(#1454,#1455,#1456,#1457));
#702=AXIS2_PLACEMENT_3D('',#1458,#1459,#1460);
#703=SURFACE_SIDE_STYLE('',(#1461));
#704=EDGE_LOOP('',(#1462,#1463,#1464,#1465));
#705=AXIS2_PLACEMENT_3D('',#1466,#1467,#1468);
#706=SURFACE_SIDE_STYLE('',(#1469));
#707=EDGE_LOOP('',(#1470,#1471,#1472,#1473));
#708=AXIS2_PLACEMENT_3D('',#1474,#1475,#1476);
#709=SURFACE_SIDE_STYLE('',(#1477));
#710=EDGE_LOOP('',(#1478,#1479,#1480,#1481,#1482,#1483,#1484));
#711=AXIS2_PLACEMENT_3D('',#1485,#1486,#1487);
#712=SURFACE_SIDE_STYLE('',(#1488));
#713=EDGE_LOOP('',(#1489,#1490,#1491,#1492,#1493));
#714=AXIS2_PLACEMENT_3D('',#1494,#1495,#1496);
#715=SURFACE_SIDE_STYLE('',(#1497));
#716=EDGE_LOOP('',(#1498,#1499,#1500,#1501));
#717=AXIS2_PLACEMENT_3D('',#1502,#1503,#1504);
#718=SURFACE_SIDE_STYLE('',(#1505));
#719=EDGE_LOOP('',(#1506,#1507,#1508,#1509));
#720=AXIS2_PLACEMENT_3D('',#1510,#1511,#1512);
#721=SURFACE_SIDE_STYLE('',(#1513));
#722=EDGE_LOOP('',(#1514,#1515,#1516,#1517));
#723=AXIS2_PLACEMENT_3D('',#1518,#1519,#1520);
#724=SURFACE_SIDE_STYLE('',(#1521));
#725=EDGE_LOOP('',(#1522,#1523,#1524,#1525));
#726=AXIS2_PLACEMENT_3D('',#1526,#1527,#1528);
#727=SURFACE_SIDE_STYLE('',(#1529));
#728=EDGE_LOOP('',(#1530,#1531));
#729=EDGE_LOOP('',(#1532,#1533));
#730=AXIS2_PLACEMENT_3D('',#1534,#1535,#1536);
#731=SURFACE_SIDE_STYLE('',(#1537));
#732=EDGE_LOOP('',(#1538,#1539));
#733=EDGE_LOOP('',(#1540,#1541));
#734=AXIS2_PLACEMENT_3D('',#1542,#1543,#1544);
#735=SURFACE_SIDE_STYLE('',(#1545));
#736=EDGE_LOOP('',(#1546,#1547,#1548));
#737=EDGE_LOOP('',(#1549,#1550));
#738=AXIS2_PLACEMENT_3D('',#1551,#1552,#1553);
#739=SURFACE_SIDE_STYLE('',(#1554));
#740=EDGE_LOOP('',(#1555,#1556));
#741=EDGE_LOOP('',(#1557,#1558));
#742=AXIS2_PLACEMENT_3D('',#1559,#1560,#1561);
#743=SURFACE_SIDE_STYLE('',(#1562));
#744=EDGE_LOOP('',(#1563,#1564,#1565,#1566,#1567));
#745=AXIS2_PLACEMENT_3D('',#1568,#1569,#1570);
#746=SURFACE_SIDE_STYLE('',(#1571));
#747=EDGE_LOOP('',(#1572,#1573,#1574,#1575));
#748=AXIS2_PLACEMENT_3D('',#1576,#1577,#1578);
#749=SURFACE_SIDE_STYLE('',(#1579));
#750=EDGE_LOOP('',(#1580,#1581,#1582,#1583));
#751=AXIS2_PLACEMENT_3D('',#1584,#1585,#1586);
#752=SURFACE_SIDE_STYLE('',(#1587));
#753=EDGE_LOOP('',(#1588,#1589,#1590,#1591));
#754=AXIS2_PLACEMENT_3D('',#1592,#1593,#1594);
#755=SURFACE_SIDE_STYLE('',(#1595));
#756=EDGE_LOOP('',(#1596,#1597,#1598,#1599));
#757=AXIS2_PLACEMENT_3D('',#1600,#1601,#1602);
#758=SURFACE_SIDE_STYLE('',(#1603));
#759=EDGE_LOOP('',(#1604,#1605,#1606,#1607,#1608));
#760=AXIS2_PLACEMENT_3D('',#1609,#1610,#1611);
#761=SURFACE_SIDE_STYLE('',(#1612));
#762=EDGE_LOOP('',(#1613,#1614,#1615,#1616,#1617));
#763=AXIS2_PLACEMENT_3D('',#1618,#1619,#1620);
#764=SURFACE_SIDE_STYLE('',(#1621));
#765=EDGE_LOOP('',(#1622,#1623,#1624,#1625));
#766=AXIS2_PLACEMENT_3D('',#1626,#1627,#1628);
#767=SURFACE_SIDE_STYLE('',(#1629));
#768=EDGE_LOOP('',(#1630,#1631,#1632,#1633));
#769=AXIS2_PLACEMENT_3D('',#1634,#1635,#1636);
#770=SURFACE_SIDE_STYLE('',(#1637));
#771=EDGE_LOOP('',(#1638,#1639,#1640,#1641));
#772=AXIS2_PLACEMENT_3D('',#1642,#1643,#1644);
#773=SURFACE_SIDE_STYLE('',(#1645));
#774=EDGE_LOOP('',(#1646,#1647,#1648,#1649,#1650));
#775=AXIS2_PLACEMENT_3D('',#1651,#1652,#1653);
#776=SURFACE_SIDE_STYLE('',(#1654));
#777=EDGE_LOOP('',(#1655,#1656,#1657,#1658));
#778=AXIS2_PLACEMENT_3D('',#1659,#1660,#1661);
#779=SURFACE_SIDE_STYLE('',(#1662));
#780=EDGE_LOOP('',(#1663,#1664,#1665,#1666));
#781=AXIS2_PLACEMENT_3D('',#1667,#1668,#1669);
#782=SURFACE_SIDE_STYLE('',(#1670));
#783=EDGE_LOOP('',(#1671,#1672,#1673,#1674,#1675));
#784=AXIS2_PLACEMENT_3D('',#1676,#1677,#1678);
#785=SURFACE_SIDE_STYLE('',(#1679));
#786=EDGE_LOOP('',(#1680,#1681,#1682,#1683,#1684,#1685,#1686,#1687,#1688,#1689,#1690,#1691,#1692));
#787=AXIS2_PLACEMENT_3D('',#1693,#1694,#1695);
#788=SURFACE_SIDE_STYLE('',(#1696));
#789=EDGE_LOOP('',(#1697,#1698,#1699,#1700));
#790=AXIS2_PLACEMENT_3D('',#1701,#1702,#1703);
#791=SURFACE_SIDE_STYLE('',(#1704));
#792=EDGE_LOOP('',(#1705,#1706,#1707,#1708));
#793=AXIS2_PLACEMENT_3D('',#1709,#1710,#1711);
#794=SURFACE_SIDE_STYLE('',(#1712));
#795=EDGE_LOOP('',(#1713,#1714,#1715,#1716));
#796=AXIS2_PLACEMENT_3D('',#1717,#1718,#1719);
#797=SURFACE_SIDE_STYLE('',(#1720));
#798=EDGE_LOOP('',(#1721,#1722,#1723,#1724,#1725,#1726,#1727));
#799=AXIS2_PLACEMENT_3D('',#1728,#1729,#1730);
#800=SURFACE_SIDE_STYLE('',(#1731));
#801=EDGE_LOOP('',(#1732,#1733));
#802=AXIS2_PLACEMENT_3D('',#1734,#1735,#1736);
#803=SURFACE_SIDE_STYLE('',(#1737));
#804=EDGE_LOOP('',(#1738,#1739,#1740,#1741));
#805=AXIS2_PLACEMENT_3D('',#1742,#1743,#1744);
#806=SURFACE_SIDE_STYLE('',(#1745));
#807=EDGE_LOOP('',(#1746,#1747,#1748,#1749));
#808=AXIS2_PLACEMENT_3D('',#1750,#1751,#1752);
#809=SURFACE_SIDE_STYLE('',(#1753));
#810=EDGE_LOOP('',(#1754,#1755,#1756,#1757));
#811=AXIS2_PLACEMENT_3D('',#1758,#1759,#1760);
#812=SURFACE_SIDE_STYLE('',(#1761));
#813=EDGE_LOOP('',(#1762,#1763,#1764,#1765));
#814=AXIS2_PLACEMENT_3D('',#1766,#1767,#1768);
#815=SURFACE_SIDE_STYLE('',(#1769));
#816=EDGE_LOOP('',(#1770,#1771));
#817=EDGE_LOOP('',(#1772,#1773));
#818=AXIS2_PLACEMENT_3D('',#1774,#1775,#1776);
#819=SURFACE_SIDE_STYLE('',(#1777));
#820=EDGE_LOOP('',(#1778,#1779,#1780,#1781));
#821=AXIS2_PLACEMENT_3D('',#1782,#1783,#1784);
#822=SURFACE_SIDE_STYLE('',(#1785));
#823=EDGE_LOOP('',(#1786,#1787,#1788,#1789));
#824=AXIS2_PLACEMENT_3D('',#1790,#1791,#1792);
#825=SURFACE_SIDE_STYLE('',(#1793));
#826=EDGE_LOOP('',(#1794,#1795));
#827=EDGE_LOOP('',(#1796,#1797));
#828=AXIS2_PLACEMENT_3D('',#1798,#1799,#1800);
#829=SURFACE_SIDE_STYLE('',(#1801));
#830=EDGE_LOOP('',(#1802,#1803,#1804,#1805));
#831=AXIS2_PLACEMENT_3D('',#1806,#1807,#1808);
#832=SURFACE_SIDE_STYLE('',(#1809));
#833=EDGE_LOOP('',(#1810,#1811,#1812,#1813));
#834=AXIS2_PLACEMENT_3D('',#1814,#1815,#1816);
#835=SURFACE_SIDE_STYLE('',(#1817));
#836=EDGE_LOOP('',(#1818,#1819,#1820,#1821,#1822,#1823,#1824,#1825,#1826,#1827,#1828,#1829,#1830,#1831,#1832,#1833,#1834,#1835,#1836,#1837,#1838,#1839,#1840,#1841,#1842,#1843,#1844,#1845));
#838=CARTESIAN_POINT('',(-1.12679682602299,0.122743643838044,2.74172383342987));
#839=CARTESIAN_POINT('',(-1.12511932742937,0.0817308272679988,2.74355992738233));
#840=CARTESIAN_POINT('',(-1.12344631729118,0.0408089654403351,2.74447000000001));
#841=CARTESIAN_POINT('',(-1.12177657885417,8.09961015801794E-16,2.74447));
#842=CARTESIAN_POINT('',(-1.05599706492443,-1.60767330447391,2.74447000000001));
#843=CARTESIAN_POINT('',(-1.01116720389502,-2.74447,1.60767330447393));
#844=CARTESIAN_POINT('',(-0.945387689965272,-2.74447,6.85010600024628E-15));
#845=CARTESIAN_POINT('',(-0.87960817603552,-2.74447,-1.6076733044739));
#846=CARTESIAN_POINT('',(-0.83477831500611,-1.60767330447391,-2.74447));
#847=CARTESIAN_POINT('',(-0.76899880107637,1.27483516356195E-15,-2.74447));
#848=CARTESIAN_POINT('',(-0.70321928714663,1.60767330447391,-2.74447));
#849=CARTESIAN_POINT('',(-0.65838942611722,2.74447,-1.60767330447392));
#850=CARTESIAN_POINT('',(-0.59260991218749,2.74447,7.62565058773106E-16));
#851=CARTESIAN_POINT('',(-0.52683039825776,2.74447,1.60767330447392));
#852=CARTESIAN_POINT('',(-0.48200053722835,1.60767330447391,2.74447000000001));
#853=CARTESIAN_POINT('',(-0.41622102329861,-7.06254387371839E-16,2.74447));
#854=CARTESIAN_POINT('',(-0.35044150936887,-1.60767330447391,2.74447000000001));
#855=CARTESIAN_POINT('',(-0.30561164833945,-2.74447,1.60767330447393));
#856=CARTESIAN_POINT('',(-0.23983213440971,-2.74447,1.00445914058962E-14));
#857=CARTESIAN_POINT('',(-0.17405262047997,-2.74447,-1.6076733044739));
#858=CARTESIAN_POINT('',(-0.12922275945055,-1.60767330447391,-2.74447));
#859=CARTESIAN_POINT('',(-0.06344324552081,3.27200536578431E-16,-2.74447));
#860=CARTESIAN_POINT('',(0.00233626840892986,1.60767330447391,-2.74447));
#861=CARTESIAN_POINT('',(0.0471661294383403,2.74447,-1.60767330447392));
#862=CARTESIAN_POINT('',(0.11294564336807,2.74447,2.25130813585268E-15));
#863=CARTESIAN_POINT('',(0.1787251572978,2.74447,1.60767330447392));
#864=CARTESIAN_POINT('',(0.22355501832721,1.60767330447391,2.74447000000001));
#865=CARTESIAN_POINT('',(0.28933453225695,5.18533142149772E-17,2.74447000000001));
#866=CARTESIAN_POINT('',(0.35511404618669,-1.60767330447391,2.74447000000001));
#867=CARTESIAN_POINT('',(0.3999439072161,-2.74447,1.60767330447393));
#868=CARTESIAN_POINT('',(0.46572342114585,-2.74447,1.30495498861494E-14));
#869=CARTESIAN_POINT('',(0.5315029350756,-2.74447,-1.6076733044739));
#870=CARTESIAN_POINT('',(0.57633279610501,-1.60767330447391,-2.74446999999999));
#871=CARTESIAN_POINT('',(0.64211231003474,-2.41380239611682E-16,-2.74446999999999));
#872=CARTESIAN_POINT('',(0.70789182396448,1.60767330447391,-2.74446999999999));
#873=CARTESIAN_POINT('',(0.75272168499391,2.74447,-1.60767330447391));
#874=CARTESIAN_POINT('',(0.81850119892364,2.74447,4.30863198912241E-15));
#875=CARTESIAN_POINT('',(0.88428071285337,2.74447,1.60767330447392));
#876=CARTESIAN_POINT('',(0.92911057388277,1.60767330447391,2.74447000000001));
#877=CARTESIAN_POINT('',(0.9948900878125,4.30907165008386E-16,2.74447000000001));
#878=CARTESIAN_POINT('',(1.06066960174224,-1.60767330447391,2.74447000000001));
#879=CARTESIAN_POINT('',(1.10549946277168,-2.74447,1.60767330447393));
#880=CARTESIAN_POINT('',(1.17127897670142,-2.74447,1.64335622171961E-14));
#881=CARTESIAN_POINT('',(1.23705849063116,-2.74447,-1.6076733044739));
#882=CARTESIAN_POINT('',(1.28188835166057,-1.60767330447391,-2.74446999999999));
#883=CARTESIAN_POINT('',(1.3476678655903,-8.09961015801794E-16,-2.74446999999999));
#884=CARTESIAN_POINT('',(1.41344737952007,1.60767330447391,-2.74446999999999));
#885=CARTESIAN_POINT('',(1.45827724054947,2.74447,-1.60767330447391));
#886=CARTESIAN_POINT('',(1.52405675447919,2.74447,5.79737506620199E-15));
#887=CARTESIAN_POINT('',(1.58983626840893,2.74447,1.60767330447391));
#888=CARTESIAN_POINT('',(1.63466612943833,1.60767330447392,2.74447000000001));
#889=CARTESIAN_POINT('',(1.70044564336807,1.08548880618271E-14,2.74447000000001));
#890=CARTESIAN_POINT('',(1.76622515729783,-1.60767330447391,2.74447000000002));
#891=CARTESIAN_POINT('',(1.81105501832724,-2.74447,1.60767330447394));
#892=CARTESIAN_POINT('',(1.87683453225697,-2.74447,1.94385206974493E-14));
#893=CARTESIAN_POINT('',(1.94261404618672,-2.74447,-1.60767330447389));
#894=CARTESIAN_POINT('',(1.98744390721613,-1.60767330447391,-2.74446999999998));
#895=CARTESIAN_POINT('',(2.05322342114589,-1.75759564278532E-15,-2.74446999999999));
#896=CARTESIAN_POINT('',(2.11900293507563,1.60767330447391,-2.74446999999998));
#897=CARTESIAN_POINT('',(2.16383279610503,2.74447,-1.60767330447389));
#898=CARTESIAN_POINT('',(2.22961231003476,2.74447,1.73310451893069E-14));
#899=CARTESIAN_POINT('',(2.29539182396449,2.74447,1.60767330447392));
#900=CARTESIAN_POINT('',(2.34022168499389,1.60767330447392,2.74447000000002));
#901=CARTESIAN_POINT('',(2.40600119892365,1.18025226888106E-14,2.74447000000002));
#902=CARTESIAN_POINT('',(2.47178071285339,-1.60767330447391,2.74447000000002));
#903=CARTESIAN_POINT('',(2.5166105738828,-2.74447,1.60767330447394));
#904=CARTESIAN_POINT('',(2.58239008781254,-2.74447,2.24434791777025E-14));
#905=CARTESIAN_POINT('',(2.64816960174228,-2.74447,-1.60767330447389));
#906=CARTESIAN_POINT('',(2.69299946277169,-1.60767330447391,-2.74446999999998));
#907=CARTESIAN_POINT('',(2.75877897670145,-2.32617641897543E-15,-2.74446999999998));
#908=CARTESIAN_POINT('',(2.82455849063119,1.60767330447391,-2.74446999999998));
#909=CARTESIAN_POINT('',(2.8693883516606,2.74447,-1.60767330447389));
#910=CARTESIAN_POINT('',(2.93516786559031,2.74447,1.93883690425765E-14));
#911=CARTESIAN_POINT('',(2.99939601333887,2.74447,1.5697573965273));
#912=CARTESIAN_POINT('',(3.04405047629945,1.65070714178904,2.70070993894064));
#913=CARTESIAN_POINT('',(3.10851337294699,0.0744060945024478,2.74346119236285));
#914=CARTESIAN_POINT('',(-1.34860036568891,0.139925481996771,3.12551442094145));
#915=CARTESIAN_POINT('',(-1.3469228670953,0.0931716302520665,3.12760753406125));
#916=CARTESIAN_POINT('',(-1.34524985695711,0.0465214652301092,3.128645));
#917=CARTESIAN_POINT('',(-1.3435801185201,9.21923111397061E-16,3.128645));
#918=CARTESIAN_POINT('',(-1.27780060459036,-1.83271780914922,3.128645));
#919=CARTESIAN_POINT('',(-1.23297074356094,-3.128645,1.83271780914923));
#920=CARTESIAN_POINT('',(-1.16719122963119,-3.128645,6.56757446621616E-15));
#921=CARTESIAN_POINT('',(-1.10141171570145,-3.128645,-1.83271780914923));
#922=CARTESIAN_POINT('',(-1.05658185467203,-1.83271780914923,-3.128645));
#923=CARTESIAN_POINT('',(-0.990802340742295,1.45470594360645E-15,-3.12864499999999));
#924=CARTESIAN_POINT('',(-0.92502282681255,1.83271780914922,-3.128645));
#925=CARTESIAN_POINT('',(-0.88019296578316,3.128645,-1.83271780914923));
#926=CARTESIAN_POINT('',(-0.81441345185341,3.128645,-5.39798509101427E-16));
#927=CARTESIAN_POINT('',(-0.74863393792368,3.128645,1.83271780914924));
#928=CARTESIAN_POINT('',(-0.70380407689428,1.83271780914923,3.12864500000001));
#929=CARTESIAN_POINT('',(-0.63802456296453,-8.06534383150948E-16,3.128645));
#930=CARTESIAN_POINT('',(-0.57224504903479,-1.83271780914922,3.12864500000001));
#931=CARTESIAN_POINT('',(-0.52741518800537,-3.128645,1.83271780914924));
#932=CARTESIAN_POINT('',(-0.46163567407563,-3.128645,9.86818091755327E-15));
#933=CARTESIAN_POINT('',(-0.39585616014588,-3.128645,-1.83271780914923));
#934=CARTESIAN_POINT('',(-0.35102629911647,-1.83271780914923,-3.128645));
#935=CARTESIAN_POINT('',(-0.28524678518673,3.74420009513944E-16,-3.12864499999999));
#936=CARTESIAN_POINT('',(-0.21946727125699,1.83271780914922,-3.128645));
#937=CARTESIAN_POINT('',(-0.17463741022758,3.128645,-1.83271780914923));
#938=CARTESIAN_POINT('',(-0.10885789629785,3.128645,8.16293260869149E-16));
#939=CARTESIAN_POINT('',(-0.0430783823681196,3.128645,1.83271780914924));
#940=CARTESIAN_POINT('',(0.00175147866129022,1.83271780914923,3.12864500000001));
#941=CARTESIAN_POINT('',(0.0675309925910299,5.76943641230577E-17,3.12864500000001));
#942=CARTESIAN_POINT('',(0.13331050652077,-1.83271780914922,3.12864500000001));
#943=CARTESIAN_POINT('',(0.17814036755018,-3.128645,1.83271780914924));
#944=CARTESIAN_POINT('',(0.24391988147993,-3.128645,1.29527301820719E-14));
#945=CARTESIAN_POINT('',(0.30969939540968,-3.128645,-1.83271780914923));
#946=CARTESIAN_POINT('',(0.35452925643909,-1.83271780914923,-3.128645));
#947=CARTESIAN_POINT('',(0.42030877036883,-2.73751550941559E-16,-3.12864499999999));
#948=CARTESIAN_POINT('',(0.48608828429857,1.83271780914922,-3.12864499999999));
#949=CARTESIAN_POINT('',(0.53091814532798,3.128645,-1.83271780914922));
#950=CARTESIAN_POINT('',(0.59669765925771,3.128645,2.82055659129526E-15));
#951=CARTESIAN_POINT('',(0.66247717318745,3.128645,1.83271780914924));
#952=CARTESIAN_POINT('',(0.70730703421685,1.83271780914923,3.12864500000001));
#953=CARTESIAN_POINT('',(0.77308654814658,4.8980873776006E-16,3.12864500000001));
#954=CARTESIAN_POINT('',(0.83886606207634,-1.83271780914922,3.12864500000001));
#955=CARTESIAN_POINT('',(0.88369592310575,-3.128645,1.83271780914924));
#956=CARTESIAN_POINT('',(0.94947543703549,-3.128645,1.64693938202275E-14));
#957=CARTESIAN_POINT('',(1.01525495096524,-3.128645,-1.83271780914922));
#958=CARTESIAN_POINT('',(1.06008481199465,-1.83271780914923,-3.12864499999999));
#959=CARTESIAN_POINT('',(1.12586432592438,-9.21923111397061E-16,-3.12864499999999));
#960=CARTESIAN_POINT('',(1.19164383985412,1.83271780914922,-3.12864499999999));
#961=CARTESIAN_POINT('',(1.23647370088354,3.128645,-1.83271780914923));
#962=CARTESIAN_POINT('',(1.30225321481327,3.128645,4.17664836126586E-15));
#963=CARTESIAN_POINT('',(1.368032728743,3.128645,1.83271780914923));
#964=CARTESIAN_POINT('',(1.41286258977241,1.83271780914924,3.12864500000001));
#965=CARTESIAN_POINT('',(1.47864210370214,1.23729540127776E-14,3.12864500000001));
#966=CARTESIAN_POINT('',(1.54442161763188,-1.83271780914922,3.12864500000001));
#967=CARTESIAN_POINT('',(1.58925147866132,-3.128645,1.83271780914925));
#968=CARTESIAN_POINT('',(1.65503099259105,-3.128645,1.95539430847461E-14));
#969=CARTESIAN_POINT('',(1.7208105065208,-3.128645,-1.83271780914922));
#970=CARTESIAN_POINT('',(1.76564036755021,-1.83271780914923,-3.12864499999999));
#971=CARTESIAN_POINT('',(1.83141988147994,-2.00220904548957E-15,-3.12864499999999));
#972=CARTESIAN_POINT('',(1.89719939540968,1.83271780914923,-3.12864499999999));
#973=CARTESIAN_POINT('',(1.94202925643911,3.128645,-1.83271780914922));
#974=CARTESIAN_POINT('',(2.00780877036884,3.128645,1.6983771032617E-14));
#975=CARTESIAN_POINT('',(2.07358828429857,3.128645,1.83271780914924));
#976=CARTESIAN_POINT('',(2.11841814532797,1.83271780914924,3.12864500000002));
#977=CARTESIAN_POINT('',(2.1841976592577,1.34532399468701E-14,3.12864500000001));
#978=CARTESIAN_POINT('',(2.24997717318744,-1.83271780914922,3.12864500000002));
#979=CARTESIAN_POINT('',(2.29480703421688,-3.128645,1.83271780914926));
#980=CARTESIAN_POINT('',(2.36058654814661,-3.128645,2.26384923492647E-14));
#981=CARTESIAN_POINT('',(2.42636606207636,-3.128645,-1.83271780914922));
#982=CARTESIAN_POINT('',(2.47119592310577,-1.83271780914923,-3.12864499999999));
#983=CARTESIAN_POINT('',(2.5369754370355,-2.65038060594508E-15,-3.12864499999998));
#984=CARTESIAN_POINT('',(2.60275495096524,1.83271780914923,-3.12864499999999));
#985=CARTESIAN_POINT('',(2.64758481199467,3.128645,-1.83271780914922));
#986=CARTESIAN_POINT('',(2.7133643259244,3.128645,1.89880343630431E-14));
#987=CARTESIAN_POINT('',(2.77759247367296,3.128645,1.78949437591161));
#988=CARTESIAN_POINT('',(2.82224693663353,1.88177558713434,3.07875934038883));
#989=CARTESIAN_POINT('',(2.88670983328104,0.0848215704797689,3.12749497796662));
#996=SURFACE_SIDE_STYLE('',(#1846));
#997=EDGE_LOOP('',(#1847,#1848,#1849,#1850));
#998=AXIS2_PLACEMENT_3D('',#1851,#1852,#1853);
#999=SURFACE_SIDE_STYLE('',(#1854));
#1000=EDGE_LOOP('',(#1855,#1856,#1857,#1858));
#1001=AXIS2_PLACEMENT_3D('',#1859,#1860,#1861);
#1002=SURFACE_SIDE_STYLE('',(#1862));
#1003=EDGE_LOOP('',(#1863,#1864,#1865,#1866,#1867,#1868,#1869,#1870));
#1004=AXIS2_PLACEMENT_3D('',#1871,#1872,#1873);
#1005=SURFACE_SIDE_STYLE('',(#1874));
#1006=EDGE_LOOP('',(#1875,#1876,#1877,#1878));
#1007=AXIS2_PLACEMENT_3D('',#1879,#1880,#1881);
#1008=SURFACE_SIDE_STYLE('',(#1882));
#1009=EDGE_LOOP('',(#1883,#1884,#1885,#1886));
#1010=AXIS2_PLACEMENT_3D('',#1887,#1888,#1889);
#1011=SURFACE_SIDE_STYLE('',(#1890));
#1012=EDGE_LOOP('',(#1891,#1892,#1893,#1894));
#1013=AXIS2_PLACEMENT_3D('',#1895,#1896,#1897);
#1014=SURFACE_SIDE_STYLE('',(#1898));
#1015=EDGE_LOOP('',(#1899,#1900,#1901,#1902));
#1016=AXIS2_PLACEMENT_3D('',#1903,#1904,#1905);
#1017=SURFACE_SIDE_STYLE('',(#1906));
#1018=EDGE_LOOP('',(#1907,#1908,#1909,#1910));
#1019=AXIS2_PLACEMENT_3D('',#1911,#1912,#1913);
#1020=SURFACE_SIDE_STYLE('',(#1914));
#1021=EDGE_LOOP('',(#1915,#1916,#1917,#1918));
#1022=AXIS2_PLACEMENT_3D('',#1919,#1920,#1921);
#1023=SURFACE_SIDE_STYLE('',(#1922));
#1024=EDGE_LOOP('',(#1923,#1924,#1925,#1926));
#1025=AXIS2_PLACEMENT_3D('',#1927,#1928,#1929);
#1026=SURFACE_SIDE_STYLE('',(#1930));
#1027=EDGE_LOOP('',(#1931,#1932,#1933,#1934,#1935,#1936,#1937,#1938,#1939,#1940,#1941,#1942,#1943,#1944,#1945,#1946,#1947,#1948,#1949,#1950,#1951,#1952,#1953,#1954,#1955,#1956,#1957,#1958));
#1029=CARTESIAN_POINT('',(-1.12862098913519,2.68738014515046,0.556869406908948));
#1030=CARTESIAN_POINT('',(-1.07240748827175,2.40785373919259,1.90582789537418));
#1031=CARTESIAN_POINT('',(-1.02991193977328,1.33889843661306,2.74447000000001));
#1032=CARTESIAN_POINT('',(-0.975129610480007,8.09961015801794E-16,2.74447));
#1033=CARTESIAN_POINT('',(-0.90935009655026,-1.60767330447391,2.74447000000001));
#1034=CARTESIAN_POINT('',(-0.86452023552086,-2.74447,1.60767330447393));
#1035=CARTESIAN_POINT('',(-0.79874072159111,-2.74447,7.35649759663011E-15));
#1036=CARTESIAN_POINT('',(-0.73296120766136,-2.74447,-1.6076733044739));
#1037=CARTESIAN_POINT('',(-0.68813134663195,-1.60767330447391,-2.74447));
#1038=CARTESIAN_POINT('',(-0.6223518327022,1.27483516356195E-15,-2.74447));
#1039=CARTESIAN_POINT('',(-0.55657231877246,1.60767330447391,-2.74447));
#1040=CARTESIAN_POINT('',(-0.51174245774306,2.74447,-1.60767330447392));
#1041=CARTESIAN_POINT('',(-0.44596294381332,2.74447,1.26895665515695E-15));
#1042=CARTESIAN_POINT('',(-0.38018342988358,2.74447,1.60767330447392));
#1043=CARTESIAN_POINT('',(-0.33535356885419,1.60767330447391,2.74447000000001));
#1044=CARTESIAN_POINT('',(-0.26957405492444,-7.06254387371839E-16,2.74447000000001));
#1045=CARTESIAN_POINT('',(-0.2037945409947,-1.60767330447391,2.74447000000001));
#1046=CARTESIAN_POINT('',(-0.15896467996528,-2.74447,1.60767330447393));
#1047=CARTESIAN_POINT('',(-0.0931851660355398,-2.74447,1.05509830022801E-14));
#1048=CARTESIAN_POINT('',(-0.0274056521057899,-2.74447,-1.6076733044739));
#1049=CARTESIAN_POINT('',(0.0174242089236198,-1.60767330447391,-2.74447));
#1050=CARTESIAN_POINT('',(0.0832037228533604,3.27200536578431E-16,-2.74446999999999));
#1051=CARTESIAN_POINT('',(0.1489832367831,1.60767330447391,-2.74447));
#1052=CARTESIAN_POINT('',(0.19381309781251,2.74447,-1.60767330447392));
#1053=CARTESIAN_POINT('',(0.25959261174224,2.74447,2.75769973223653E-15));
#1054=CARTESIAN_POINT('',(0.32537212567197,2.74447,1.60767330447392));
#1055=CARTESIAN_POINT('',(0.37020198670138,1.60767330447391,2.74447000000001));
#1056=CARTESIAN_POINT('',(0.43598150063112,5.18533142149772E-17,2.74447000000001));
#1057=CARTESIAN_POINT('',(0.50176101456086,-1.60767330447391,2.74447000000001));
#1058=CARTESIAN_POINT('',(0.54659087559027,-2.74447,1.60767330447393));
#1059=CARTESIAN_POINT('',(0.61237038952001,-2.74447,1.35559414825332E-14));
#1060=CARTESIAN_POINT('',(0.67814990344975,-2.74447,-1.6076733044739));
#1061=CARTESIAN_POINT('',(0.72297976447919,-1.60767330447391,-2.74446999999999));
#1062=CARTESIAN_POINT('',(0.78875927840893,-2.41380239611682E-16,-2.74446999999999));
#1063=CARTESIAN_POINT('',(0.85453879233867,1.60767330447391,-2.74446999999999));
#1064=CARTESIAN_POINT('',(0.89936865336807,2.74447,-1.60767330447391));
#1065=CARTESIAN_POINT('',(0.96514816729779,2.74447,4.81502358550622E-15));
#1066=CARTESIAN_POINT('',(1.03092768122752,2.74447,1.60767330447392));
#1067=CARTESIAN_POINT('',(1.07575754225695,1.60767330447391,2.74447000000001));
#1068=CARTESIAN_POINT('',(1.14153705618669,4.30907165008386E-16,2.74447000000001));
#1069=CARTESIAN_POINT('',(1.20731657011643,-1.60767330447391,2.74447000000001));
#1070=CARTESIAN_POINT('',(1.25214643114584,-2.74447,1.60767330447393));
#1071=CARTESIAN_POINT('',(1.31792594507557,-2.74447,1.69399538135799E-14));
#1072=CARTESIAN_POINT('',(1.38370545900532,-2.74447,-1.6076733044739));
#1073=CARTESIAN_POINT('',(1.42853532003475,-1.60767330447391,-2.74446999999999));
#1074=CARTESIAN_POINT('',(1.49431483396449,-8.09961015801794E-16,-2.74446999999999));
#1075=CARTESIAN_POINT('',(1.56009434789422,1.60767330447391,-2.74446999999999));
#1076=CARTESIAN_POINT('',(1.60492420892363,2.74447,-1.60767330447391));
#1077=CARTESIAN_POINT('',(1.67070372285335,2.74447,6.30376666258581E-15));
#1078=CARTESIAN_POINT('',(1.73648323678309,2.74447,1.60767330447391));
#1079=CARTESIAN_POINT('',(1.78131309781251,1.60767330447392,2.74447000000002));
#1080=CARTESIAN_POINT('',(1.84709261174225,1.08548880618271E-14,2.74447000000001));
#1081=CARTESIAN_POINT('',(1.91287212567198,-1.60767330447391,2.74447000000002));
#1082=CARTESIAN_POINT('',(1.9577019867014,-2.74447,1.60767330447394));
#1083=CARTESIAN_POINT('',(2.02348150063114,-2.74447,1.9944912293833E-14));
#1084=CARTESIAN_POINT('',(2.08926101456088,-2.74447,-1.60767330447389));
#1085=CARTESIAN_POINT('',(2.13409087559032,-1.60767330447391,-2.74446999999998));
#1086=CARTESIAN_POINT('',(2.19987038952005,-1.75759564278532E-15,-2.74446999999999));
#1087=CARTESIAN_POINT('',(2.26564990344979,1.60767330447391,-2.74446999999998));
#1088=CARTESIAN_POINT('',(2.31047976447919,2.74447,-1.60767330447389));
#1089=CARTESIAN_POINT('',(2.37625927840891,2.74447,1.78374367856907E-14));
#1090=CARTESIAN_POINT('',(2.44203879233865,2.74447,1.60767330447392));
#1091=CARTESIAN_POINT('',(2.48686865336805,1.60767330447392,2.74447000000002));
#1092=CARTESIAN_POINT('',(2.55264816729781,1.18025226888106E-14,2.74447000000002));
#1093=CARTESIAN_POINT('',(2.61842768122755,-1.60767330447391,2.74447000000002));
#1094=CARTESIAN_POINT('',(2.66325754225696,-2.74447,1.60767330447394));
#1095=CARTESIAN_POINT('',(2.7290370561867,-2.74447,2.29498707740863E-14));
#1096=CARTESIAN_POINT('',(2.79481657011644,-2.74447,-1.60767330447389));
#1097=CARTESIAN_POINT('',(2.83964643114585,-1.60767330447391,-2.74446999999998));
#1098=CARTESIAN_POINT('',(2.9054259450756,-2.32617641897543E-15,-2.74446999999998));
#1099=CARTESIAN_POINT('',(2.97120545900535,1.60767330447391,-2.74446999999998));
#1100=CARTESIAN_POINT('',(3.01603532003475,2.74447,-1.60767330447389));
#1101=CARTESIAN_POINT('',(3.08181483396448,2.74447,1.98947606389604E-14));
#1102=CARTESIAN_POINT('',(3.09063270631542,2.74447,0.215511747259346));
#1103=CARTESIAN_POINT('',(3.09947937628465,2.71919534958483,0.432641990570037));
#1104=CARTESIAN_POINT('',(3.10852167554234,2.66688889403397,0.647934570599758));
#1105=CARTESIAN_POINT('',(-0.90681744946926,3.06356362220182,0.634820816251826));
#1106=CARTESIAN_POINT('',(-0.85060394860582,2.74490869342941,2.17260852394924));
#1107=CARTESIAN_POINT('',(-0.80810840010736,1.52631943479699,3.12864500000001));
#1108=CARTESIAN_POINT('',(-0.75332607081408,9.21923111397061E-16,3.128645));
#1109=CARTESIAN_POINT('',(-0.68754655688434,-1.83271780914922,3.12864500000001));
#1110=CARTESIAN_POINT('',(-0.64271669585493,-3.128645,1.83271780914924));
#1111=CARTESIAN_POINT('',(-0.57693718192518,-3.128645,8.6058006416611E-15));
#1112=CARTESIAN_POINT('',(-0.51115766799543,-3.128645,-1.83271780914923));
#1113=CARTESIAN_POINT('',(-0.46632780696602,-1.83271780914923,-3.128645));
#1114=CARTESIAN_POINT('',(-0.40054829303628,1.45470594360645E-15,-3.12864499999999));
#1115=CARTESIAN_POINT('',(-0.33476877910654,1.83271780914922,-3.128645));
#1116=CARTESIAN_POINT('',(-0.28993891807714,3.128645,-1.83271780914923));
#1117=CARTESIAN_POINT('',(-0.2241594041474,3.128645,1.49842766634348E-15));
#1118=CARTESIAN_POINT('',(-0.15837989021766,3.128645,1.83271780914924));
#1119=CARTESIAN_POINT('',(-0.11355002918826,1.83271780914923,3.12864500000001));
#1120=CARTESIAN_POINT('',(-0.0477705152585195,-8.06534383150948E-16,3.12864500000001));
#1121=CARTESIAN_POINT('',(0.0180089986712202,-1.83271780914922,3.12864500000001));
#1122=CARTESIAN_POINT('',(0.0628388597006404,-3.128645,1.83271780914924));
#1123=CARTESIAN_POINT('',(0.12861837363038,-3.128645,1.19064070929982E-14));
#1124=CARTESIAN_POINT('',(0.19439788756013,-3.128645,-1.83271780914923));
#1125=CARTESIAN_POINT('',(0.23922774858954,-1.83271780914923,-3.128645));
#1126=CARTESIAN_POINT('',(0.30500726251928,3.74420009513944E-16,-3.12864499999999));
#1127=CARTESIAN_POINT('',(0.37078677644902,1.83271780914922,-3.12864499999999));
#1128=CARTESIAN_POINT('',(0.41561663747842,3.128645,-1.83271780914922));
#1129=CARTESIAN_POINT('',(0.48139615140816,3.128645,2.85451943631406E-15));
#1130=CARTESIAN_POINT('',(0.54717566533789,3.128645,1.83271780914924));
#1131=CARTESIAN_POINT('',(0.5920055263673,1.83271780914923,3.12864500000001));
#1132=CARTESIAN_POINT('',(0.65778504029705,5.76943641230577E-17,3.12864500000001));
#1133=CARTESIAN_POINT('',(0.72356455422678,-1.83271780914922,3.12864500000001));
#1134=CARTESIAN_POINT('',(0.76839441525619,-3.128645,1.83271780914924));
#1135=CARTESIAN_POINT('',(0.83417392918593,-3.128645,1.49909563575168E-14));
#1136=CARTESIAN_POINT('',(0.89995344311568,-3.128645,-1.83271780914922));
#1137=CARTESIAN_POINT('',(0.94478330414512,-1.83271780914923,-3.12864499999999));
#1138=CARTESIAN_POINT('',(1.01056281807485,-2.73751550941559E-16,-3.12864499999999));
#1139=CARTESIAN_POINT('',(1.07634233200459,1.83271780914922,-3.12864499999999));
#1140=CARTESIAN_POINT('',(1.12117219303399,3.128645,-1.83271780914922));
#1141=CARTESIAN_POINT('',(1.18695170696372,3.128645,4.85878276674017E-15));
#1142=CARTESIAN_POINT('',(1.25273122089345,3.128645,1.83271780914924));
#1143=CARTESIAN_POINT('',(1.29756108192285,1.83271780914923,3.12864500000001));
#1144=CARTESIAN_POINT('',(1.36334059585261,4.8980873776006E-16,3.12864500000001));
#1145=CARTESIAN_POINT('',(1.42912010978235,-1.83271780914922,3.12864500000001));
#1146=CARTESIAN_POINT('',(1.47394997081176,-3.128645,1.83271780914924));
#1147=CARTESIAN_POINT('',(1.53972948474149,-3.128645,1.85076199956723E-14));
#1148=CARTESIAN_POINT('',(1.60550899867124,-3.128645,-1.83271780914922));
#1149=CARTESIAN_POINT('',(1.65033885970065,-1.83271780914923,-3.12864499999999));
#1150=CARTESIAN_POINT('',(1.71611837363041,-9.21923111397061E-16,-3.12864499999999));
#1151=CARTESIAN_POINT('',(1.78189788756015,1.83271780914922,-3.12864499999999));
#1152=CARTESIAN_POINT('',(1.82672774858955,3.128645,-1.83271780914923));
#1153=CARTESIAN_POINT('',(1.89250726251928,3.128645,6.21487453671075E-15));
#1154=CARTESIAN_POINT('',(1.95828677644903,3.128645,1.83271780914924));
#1155=CARTESIAN_POINT('',(2.00311663747841,1.83271780914924,3.12864500000002));
#1156=CARTESIAN_POINT('',(2.06889615140817,1.23729540127776E-14,3.12864500000001));
#1157=CARTESIAN_POINT('',(2.13467566533791,-1.83271780914922,3.12864500000002));
#1158=CARTESIAN_POINT('',(2.17950552636732,-3.128645,1.83271780914926));
#1159=CARTESIAN_POINT('',(2.24528504029705,-3.128645,2.15921692601909E-14));
#1160=CARTESIAN_POINT('',(2.31106455422683,-3.128645,-1.83271780914922));
#1161=CARTESIAN_POINT('',(2.35589441525621,-1.83271780914923,-3.12864499999999));
#1162=CARTESIAN_POINT('',(2.42167392918597,-2.00220904548957E-15,-3.12864499999998));
#1163=CARTESIAN_POINT('',(2.48745344311571,1.83271780914923,-3.12864499999999));
#1164=CARTESIAN_POINT('',(2.53228330414511,3.128645,-1.83271780914922));
#1165=CARTESIAN_POINT('',(2.59806281807484,3.128645,1.9021997208062E-14));
#1166=CARTESIAN_POINT('',(2.6638423320046,3.128645,1.83271780914924));
#1167=CARTESIAN_POINT('',(2.708672193034,1.83271780914924,3.12864500000002));
#1168=CARTESIAN_POINT('',(2.77445170696373,1.34532399468701E-14,3.12864500000002));
#1169=CARTESIAN_POINT('',(2.84023122089347,-1.83271780914922,3.12864500000002));
#1170=CARTESIAN_POINT('',(2.88506108192288,-3.128645,1.83271780914926));
#1171=CARTESIAN_POINT('',(2.95084059585261,-3.128645,2.46767185247097E-14));
#1172=CARTESIAN_POINT('',(3.01662010978239,-3.128645,-1.83271780914922));
#1173=CARTESIAN_POINT('',(3.0614499708118,-1.83271780914923,-3.12864499999999));
#1174=CARTESIAN_POINT('',(3.12722948474154,-2.65038060594508E-15,-3.12864499999998));
#1175=CARTESIAN_POINT('',(3.19300899867127,1.83271780914923,-3.12864499999999));
#1176=CARTESIAN_POINT('',(3.23783885970068,3.128645,-1.83271780914922));
#1177=CARTESIAN_POINT('',(3.3036183736304,3.128645,2.1026260538488E-14));
#1178=CARTESIAN_POINT('',(3.31243624598134,3.128645,0.245679402764181));
#1179=CARTESIAN_POINT('',(3.32128291595058,3.0998323663592,0.493203861068618));
#1180=CARTESIAN_POINT('',(3.33032521520827,3.04020397522105,0.738633417247803));
#1187=SURFACE_SIDE_STYLE('',(#1959));
#1188=EDGE_LOOP('',(#1960,#1961,#1962,#1963,#1964,#1965,#1966,#1967));
#1189=AXIS2_PLACEMENT_3D('',#1968,#1969,#1970);
#1190=SURFACE_SIDE_STYLE('',(#1971));
#1191=EDGE_LOOP('',(#1972,#1973,#1974,#1975));
#1192=AXIS2_PLACEMENT_3D('',#1976,#1977,#1978);
#1193=SURFACE_SIDE_STYLE('',(#1979));
#1194=EDGE_LOOP('',(#1980,#1981,#1982,#1983));
#1195=AXIS2_PLACEMENT_3D('',#1984,#1985,#1986);
#1196=SURFACE_SIDE_STYLE('',(#1987));
#1197=EDGE_LOOP('',(#1988,#1989));
#1198=EDGE_LOOP('',(#1990,#1991,#1992,#1993));
#1199=AXIS2_PLACEMENT_3D('',#1994,#1995,#1996);
#1200=SURFACE_SIDE_STYLE('',(#1997));
#1201=EDGE_LOOP('',(#1998,#1999,#2000,#2001));
#1202=AXIS2_PLACEMENT_3D('',#2002,#2003,#2004);
#1203=SURFACE_SIDE_STYLE('',(#2005));
#1204=EDGE_LOOP('',(#2006,#2007));
#1205=EDGE_LOOP('',(#2008,#2009,#2010,#2011,#2012,#2013,#2014,#2015,#2016,#2017,#2018,#2019));
#1206=AXIS2_PLACEMENT_3D('',#2020,#2021,#2022);
#1207=SURFACE_SIDE_STYLE('',(#2023));
#1208=EDGE_LOOP('',(#2024,#2025,#2026,#2027));
#1209=AXIS2_PLACEMENT_3D('',#2028,#2029,#2030);
#1210=SURFACE_SIDE_STYLE('',(#2031));
#1211=EDGE_LOOP('',(#2032,#2033,#2034,#2035,#2036,#2037,#2038,#2039));
#1212=AXIS2_PLACEMENT_3D('',#2040,#2041,#2042);
#1213=SURFACE_SIDE_STYLE('',(#2043));
#1214=EDGE_LOOP('',(#2044,#2045,#2046,#2047));
#1215=AXIS2_PLACEMENT_3D('',#2048,#2049,#2050);
#1216=SURFACE_SIDE_STYLE('',(#2051));
#1217=EDGE_LOOP('',(#2052,#2053,#2054,#2055,#2056,#2057,#2058,#2059));
#1218=AXIS2_PLACEMENT_3D('',#2060,#2061,#2062);
#1219=SURFACE_SIDE_STYLE('',(#2063));
#1221=SURFACE_STYLE_FILL_AREA(#2064);
#1222=ORIENTED_EDGE('',*,*,#2065,.F.);
#1223=ORIENTED_EDGE('',*,*,#2066,.T.);
#1224=ORIENTED_EDGE('',*,*,#2067,.F.);
#1225=ORIENTED_EDGE('',*,*,#2068,.F.);
#1226=CARTESIAN_POINT('',(3.37820246088847,0.0,1.83167031163586E-14));
#1227=DIRECTION('',(1.0,0.0,3.4531337537902E-15));
#1228=DIRECTION('',(0.0,-1.0,0.0));
#1229=SURFACE_STYLE_FILL_AREA(#2069);
#1230=ORIENTED_EDGE('',*,*,#2070,.T.);
#1231=ORIENTED_EDGE('',*,*,#2071,.T.);
#1232=ORIENTED_EDGE('',*,*,#2072,.F.);
#1233=CARTESIAN_POINT('',(3.14960246088847,0.0,1.75273167402421E-14));
#1234=DIRECTION('',(-1.0,2.6816354093576E-17,-3.4531337537902E-15));
#1235=DIRECTION('',(-2.6816354093576E-17,-1.0,-9.26004574741173E-32));
#1236=SURFACE_STYLE_FILL_AREA(#2073);
#1237=ORIENTED_EDGE('',*,*,#2074,.F.);
#1238=ORIENTED_EDGE('',*,*,#2068,.T.);
#1239=ORIENTED_EDGE('',*,*,#2075,.F.);
#1240=ORIENTED_EDGE('',*,*,#2076,.F.);
#1241=ORIENTED_EDGE('',*,*,#2077,.F.);
#1242=ORIENTED_EDGE('',*,*,#2078,.T.);
#1243=ORIENTED_EDGE('',*,*,#2070,.F.);
#1244=ORIENTED_EDGE('',*,*,#2079,.F.);
#1245=ORIENTED_EDGE('',*,*,#2080,.F.);
#1246=CARTESIAN_POINT('',(3.14960246088847,0.0,1.75273167402421E-14));
#1247=DIRECTION('',(-1.0,2.6816354093576E-17,-3.4531337537902E-15));
#1248=DIRECTION('',(-2.6816354093576E-17,-1.0,-9.26004574741173E-32));
#1249=SURFACE_STYLE_FILL_AREA(#2081);
#1250=ORIENTED_EDGE('',*,*,#2082,.F.);
#1251=ORIENTED_EDGE('',*,*,#2083,.T.);
#1252=ORIENTED_EDGE('',*,*,#2084,.F.);
#1253=ORIENTED_EDGE('',*,*,#2085,.T.);
#1254=ORIENTED_EDGE('',*,*,#2086,.F.);
#1255=ORIENTED_EDGE('',*,*,#2087,.F.);
#1256=ORIENTED_EDGE('',*,*,#2088,.F.);
#1257=ORIENTED_EDGE('',*,*,#2089,.T.);
#1258=CARTESIAN_POINT('',(-1.16839753911153,0.0,2.61668519137601E-15));
#1259=DIRECTION('',(1.0,7.03929294956369E-17,3.4531337537902E-15));
#1260=DIRECTION('',(-7.03929294956369E-17,1.0,-2.43076200869557E-31));
#1261=SURFACE_STYLE_FILL_AREA(#2090);
#1262=ORIENTED_EDGE('',*,*,#2091,.F.);
#1263=ORIENTED_EDGE('',*,*,#2083,.F.);
#1264=ORIENTED_EDGE('',*,*,#2092,.F.);
#1265=ORIENTED_EDGE('',*,*,#2093,.F.);
#1266=CARTESIAN_POINT('',(3.37820246088847,0.0,1.83167031163586E-14));
#1267=DIRECTION('',(1.0,0.0,3.4531337537902E-15));
#1268=DIRECTION('',(0.0,-1.0,0.0));
#1269=SURFACE_STYLE_FILL_AREA(#2094);
#1270=ORIENTED_EDGE('',*,*,#2095,.F.);
#1271=ORIENTED_EDGE('',*,*,#2096,.T.);
#1272=ORIENTED_EDGE('',*,*,#2097,.F.);
#1273=ORIENTED_EDGE('',*,*,#2098,.F.);
#1274=CARTESIAN_POINT('',(-1.93039753911153,0.0,-1.46027290121262E-17));
#1275=DIRECTION('',(-1.0,-0.0,-3.4531337537902E-15));
#1276=DIRECTION('',(3.4531337537902E-15,0.0,-1.0));
#1277=SURFACE_STYLE_FILL_AREA(#2099);
#1278=ORIENTED_EDGE('',*,*,#2100,.F.);
#1279=ORIENTED_EDGE('',*,*,#2098,.T.);
#1280=ORIENTED_EDGE('',*,*,#2101,.F.);
#1281=ORIENTED_EDGE('',*,*,#2102,.F.);
#1282=CARTESIAN_POINT('',(-1.93039753911153,0.0,-1.46027290121262E-17));
#1283=DIRECTION('',(1.0,0.0,3.39190343609908E-15));
#1284=DIRECTION('',(3.39190343609908E-15,0.0,-1.0));
#1285=SURFACE_STYLE_FILL_AREA(#2103);
#1286=ORIENTED_EDGE('',*,*,#2104,.F.);
#1287=ORIENTED_EDGE('',*,*,#2105,.T.);
#1288=ORIENTED_EDGE('',*,*,#2077,.T.);
#1289=ORIENTED_EDGE('',*,*,#2106,.F.);
#1290=CARTESIAN_POINT('',(0.99060246088847,0.0,1.00720009658091E-14));
#1291=DIRECTION('',(-1.0,0.0,-3.4531337537902E-15));
#1292=DIRECTION('',(0.0,1.0,0.0));
#1293=SURFACE_STYLE_FILL_AREA(#2107);
#1294=ORIENTED_EDGE('',*,*,#2104,.T.);
#1295=ORIENTED_EDGE('',*,*,#2108,.F.);
#1296=ORIENTED_EDGE('',*,*,#2109,.T.);
#1297=ORIENTED_EDGE('',*,*,#2110,.T.);
#1298=CARTESIAN_POINT('',(0.99060246088847,0.0,1.00720009658091E-14));
#1299=DIRECTION('',(-1.0,0.0,-3.4531337537902E-15));
#1300=DIRECTION('',(0.0,1.0,0.0));
#1301=SURFACE_STYLE_FILL_AREA(#2111);
#1302=ORIENTED_EDGE('',*,*,#2112,.F.);
#1303=ORIENTED_EDGE('',*,*,#2113,.T.);
#1304=ORIENTED_EDGE('',*,*,#2109,.F.);
#1305=ORIENTED_EDGE('',*,*,#2114,.F.);
#1306=CARTESIAN_POINT('',(0.99060246088847,0.0,1.00720009658091E-14));
#1307=DIRECTION('',(-1.0,0.0,-3.4531337537902E-15));
#1308=DIRECTION('',(0.0,1.0,0.0));
#1309=SURFACE_STYLE_FILL_AREA(#2115);
#1310=ORIENTED_EDGE('',*,*,#2112,.T.);
#1311=ORIENTED_EDGE('',*,*,#2116,.F.);
#1312=ORIENTED_EDGE('',*,*,#2117,.T.);
#1313=ORIENTED_EDGE('',*,*,#2118,.T.);
#1314=CARTESIAN_POINT('',(0.99060246088847,0.0,1.00720009658091E-14));
#1315=DIRECTION('',(-1.0,0.0,-3.4531337537902E-15));
#1316=DIRECTION('',(0.0,1.0,0.0));
#1317=SURFACE_STYLE_FILL_AREA(#2119);
#1318=ORIENTED_EDGE('',*,*,#2120,.F.);
#1319=ORIENTED_EDGE('',*,*,#2121,.T.);
#1320=ORIENTED_EDGE('',*,*,#2117,.F.);
#1321=ORIENTED_EDGE('',*,*,#2122,.F.);
#1322=CARTESIAN_POINT('',(0.99060246088847,0.0,1.00720009658091E-14));
#1323=DIRECTION('',(-1.0,0.0,-3.4531337537902E-15));
#1324=DIRECTION('',(0.0,1.0,0.0));
#1325=SURFACE_STYLE_FILL_AREA(#2123);
#1326=ORIENTED_EDGE('',*,*,#2120,.T.);
#1327=ORIENTED_EDGE('',*,*,#2124,.F.);
#1328=ORIENTED_EDGE('',*,*,#2125,.T.);
#1329=ORIENTED_EDGE('',*,*,#2126,.T.);
#1330=CARTESIAN_POINT('',(0.99060246088847,0.0,1.00720009658091E-14));
#1331=DIRECTION('',(-1.0,0.0,-3.4531337537902E-15));
#1332=DIRECTION('',(0.0,1.0,0.0));
#1333=SURFACE_STYLE_FILL_AREA(#2127);
#1334=ORIENTED_EDGE('',*,*,#2128,.F.);
#1335=ORIENTED_EDGE('',*,*,#2129,.T.);
#1336=ORIENTED_EDGE('',*,*,#2125,.F.);
#1337=ORIENTED_EDGE('',*,*,#2130,.F.);
#1338=CARTESIAN_POINT('',(0.99060246088847,0.0,1.00720009658091E-14));
#1339=DIRECTION('',(-1.0,0.0,-3.4531337537902E-15));
#1340=DIRECTION('',(0.0,1.0,0.0));
#1341=SURFACE_STYLE_FILL_AREA(#2131);
#1342=ORIENTED_EDGE('',*,*,#2128,.T.);
#1343=ORIENTED_EDGE('',*,*,#2132,.F.);
#1344=ORIENTED_EDGE('',*,*,#2133,.T.);
#1345=ORIENTED_EDGE('',*,*,#2134,.T.);
#1346=CARTESIAN_POINT('',(0.99060246088847,0.0,1.00720009658091E-14));
#1347=DIRECTION('',(-1.0,0.0,-3.4531337537902E-15));
#1348=DIRECTION('',(0.0,1.0,0.0));
#1349=SURFACE_STYLE_FILL_AREA(#2135);
#1350=ORIENTED_EDGE('',*,*,#2136,.F.);
#1351=ORIENTED_EDGE('',*,*,#2137,.T.);
#1352=ORIENTED_EDGE('',*,*,#2133,.F.);
#1353=ORIENTED_EDGE('',*,*,#2138,.F.);
#1354=CARTESIAN_POINT('',(0.99060246088847,0.0,1.00720009658091E-14));
#1355=DIRECTION('',(-1.0,0.0,-3.4531337537902E-15));
#1356=DIRECTION('',(0.0,1.0,0.0));
#1357=SURFACE_STYLE_FILL_AREA(#2139);
#1358=ORIENTED_EDGE('',*,*,#2136,.T.);
#1359=ORIENTED_EDGE('',*,*,#2140,.F.);
#1360=ORIENTED_EDGE('',*,*,#2141,.T.);
#1361=ORIENTED_EDGE('',*,*,#2142,.T.);
#1362=CARTESIAN_POINT('',(0.99060246088847,0.0,1.00720009658091E-14));
#1363=DIRECTION('',(-1.0,0.0,-3.4531337537902E-15));
#1364=DIRECTION('',(0.0,1.0,0.0));
#1365=SURFACE_STYLE_FILL_AREA(#2143);
#1366=ORIENTED_EDGE('',*,*,#2144,.F.);
#1367=ORIENTED_EDGE('',*,*,#2145,.F.);
#1368=ORIENTED_EDGE('',*,*,#2086,.T.);
#1369=ORIENTED_EDGE('',*,*,#2146,.T.);
#1370=CARTESIAN_POINT('',(0.99060246088847,0.0,1.00720009658091E-14));
#1371=DIRECTION('',(-1.0,0.0,-3.4531337537902E-15));
#1372=DIRECTION('',(0.0,1.0,0.0));
#1373=SURFACE_STYLE_FILL_AREA(#2147);
#1374=ORIENTED_EDGE('',*,*,#2148,.F.);
#1375=ORIENTED_EDGE('',*,*,#2149,.T.);
#1376=ORIENTED_EDGE('',*,*,#2141,.F.);
#1377=ORIENTED_EDGE('',*,*,#2150,.F.);
#1378=CARTESIAN_POINT('',(0.99060246088847,0.0,1.00720009658091E-14));
#1379=DIRECTION('',(-1.0,0.0,-3.4531337537902E-15));
#1380=DIRECTION('',(0.0,1.0,0.0));
#1381=SURFACE_STYLE_FILL_AREA(#2151);
#1382=ORIENTED_EDGE('',*,*,#2152,.F.);
#1383=ORIENTED_EDGE('',*,*,#2153,.T.);
#1384=ORIENTED_EDGE('',*,*,#2079,.T.);
#1385=CARTESIAN_POINT('',(0.99060246088847,0.0,1.00720009658091E-14));
#1386=DIRECTION('',(-1.0,0.0,-3.4531337537902E-15));
#1387=DIRECTION('',(0.0,1.0,0.0));
#1388=SURFACE_STYLE_FILL_AREA(#2154);
#1389=ORIENTED_EDGE('',*,*,#2152,.T.);
#1390=ORIENTED_EDGE('',*,*,#2072,.T.);
#1391=ORIENTED_EDGE('',*,*,#2155,.F.);
#1392=ORIENTED_EDGE('',*,*,#2156,.T.);
#1393=ORIENTED_EDGE('',*,*,#2157,.T.);
#1394=CARTESIAN_POINT('',(0.99060246088847,0.0,1.00720009658091E-14));
#1395=DIRECTION('',(-1.0,0.0,-3.4531337537902E-15));
#1396=DIRECTION('',(0.0,1.0,0.0));
#1397=SURFACE_STYLE_FILL_AREA(#2158);
#1398=ORIENTED_EDGE('',*,*,#2159,.F.);
#1399=ORIENTED_EDGE('',*,*,#2160,.T.);
#1400=ORIENTED_EDGE('',*,*,#2156,.F.);
#1401=ORIENTED_EDGE('',*,*,#2161,.F.);
#1402=CARTESIAN_POINT('',(0.99060246088847,0.0,1.00720009658091E-14));
#1403=DIRECTION('',(-1.0,0.0,-3.4531337537902E-15));
#1404=DIRECTION('',(0.0,1.0,0.0));
#1405=SURFACE_STYLE_FILL_AREA(#2162);
#1406=ORIENTED_EDGE('',*,*,#2159,.T.);
#1407=ORIENTED_EDGE('',*,*,#2163,.F.);
#1408=ORIENTED_EDGE('',*,*,#2164,.T.);
#1409=ORIENTED_EDGE('',*,*,#2165,.T.);
#1410=CARTESIAN_POINT('',(0.99060246088847,0.0,1.00720009658091E-14));
#1411=DIRECTION('',(-1.0,0.0,-3.4531337537902E-15));
#1412=DIRECTION('',(0.0,1.0,0.0));
#1413=SURFACE_STYLE_FILL_AREA(#2166);
#1414=ORIENTED_EDGE('',*,*,#2167,.F.);
#1415=ORIENTED_EDGE('',*,*,#2168,.T.);
#1416=ORIENTED_EDGE('',*,*,#2164,.F.);
#1417=ORIENTED_EDGE('',*,*,#2169,.F.);
#1418=CARTESIAN_POINT('',(0.99060246088847,0.0,1.00720009658091E-14));
#1419=DIRECTION('',(-1.0,0.0,-3.4531337537902E-15));
#1420=DIRECTION('',(0.0,1.0,0.0));
#1421=SURFACE_STYLE_FILL_AREA(#2170);
#1422=ORIENTED_EDGE('',*,*,#2167,.T.);
#1423=ORIENTED_EDGE('',*,*,#2171,.F.);
#1424=ORIENTED_EDGE('',*,*,#2172,.T.);
#1425=ORIENTED_EDGE('',*,*,#2173,.T.);
#1426=CARTESIAN_POINT('',(0.99060246088847,0.0,1.00720009658091E-14));
#1427=DIRECTION('',(-1.0,0.0,-3.4531337537902E-15));
#1428=DIRECTION('',(0.0,1.0,0.0));
#1429=SURFACE_STYLE_FILL_AREA(#2174);
#1430=ORIENTED_EDGE('',*,*,#2175,.F.);
#1431=ORIENTED_EDGE('',*,*,#2176,.T.);
#1432=ORIENTED_EDGE('',*,*,#2172,.F.);
#1433=ORIENTED_EDGE('',*,*,#2177,.F.);
#1434=CARTESIAN_POINT('',(0.99060246088847,0.0,1.00720009658091E-14));
#1435=DIRECTION('',(-1.0,0.0,-3.4531337537902E-15));
#1436=DIRECTION('',(0.0,1.0,0.0));
#1437=SURFACE_STYLE_FILL_AREA(#2178);
#1438=ORIENTED_EDGE('',*,*,#2175,.T.);
#1439=ORIENTED_EDGE('',*,*,#2179,.F.);
#1440=ORIENTED_EDGE('',*,*,#2180,.T.);
#1441=ORIENTED_EDGE('',*,*,#2181,.T.);
#1442=CARTESIAN_POINT('',(0.99060246088847,0.0,1.00720009658091E-14));
#1443=DIRECTION('',(-1.0,0.0,-3.4531337537902E-15));
#1444=DIRECTION('',(0.0,1.0,0.0));
#1445=SURFACE_STYLE_FILL_AREA(#2182);
#1446=ORIENTED_EDGE('',*,*,#2183,.F.);
#1447=ORIENTED_EDGE('',*,*,#2184,.F.);
#1448=ORIENTED_EDGE('',*,*,#2088,.T.);
#1449=ORIENTED_EDGE('',*,*,#2185,.T.);
#1450=CARTESIAN_POINT('',(0.99060246088847,0.0,1.00720009658091E-14));
#1451=DIRECTION('',(-1.0,0.0,-3.4531337537902E-15));
#1452=DIRECTION('',(0.0,1.0,0.0));
#1453=SURFACE_STYLE_FILL_AREA(#2186);
#1454=ORIENTED_EDGE('',*,*,#2187,.F.);
#1455=ORIENTED_EDGE('',*,*,#2188,.T.);
#1456=ORIENTED_EDGE('',*,*,#2180,.F.);
#1457=ORIENTED_EDGE('',*,*,#2189,.F.);
#1458=CARTESIAN_POINT('',(0.99060246088847,0.0,1.00720009658091E-14));
#1459=DIRECTION('',(-1.0,0.0,-3.4531337537902E-15));
#1460=DIRECTION('',(0.0,1.0,0.0));
#1461=SURFACE_STYLE_FILL_AREA(#2190);
#1462=ORIENTED_EDGE('',*,*,#2191,.F.);
#1463=ORIENTED_EDGE('',*,*,#2192,.T.);
#1464=ORIENTED_EDGE('',*,*,#2193,.F.);
#1465=ORIENTED_EDGE('',*,*,#2194,.T.);
#1466=CARTESIAN_POINT('',(4.16052486088847,0.0,2.06452178885607E-14));
#1467=DIRECTION('',(1.0,0.0,3.4531337537902E-15));
#1468=DIRECTION('',(3.4531337537902E-15,0.0,-1.0));
#1469=SURFACE_STYLE_FILL_AREA(#2195);
#1470=ORIENTED_EDGE('',*,*,#2196,.F.);
#1471=ORIENTED_EDGE('',*,*,#2197,.T.);
#1472=ORIENTED_EDGE('',*,*,#2198,.F.);
#1473=ORIENTED_EDGE('',*,*,#2199,.T.);
#1474=CARTESIAN_POINT('',(4.16052486088847,0.0,2.06452178885607E-14));
#1475=DIRECTION('',(1.0,0.0,3.4531337537902E-15));
#1476=DIRECTION('',(3.4531337537902E-15,0.0,-1.0));
#1477=SURFACE_STYLE_FILL_AREA(#2200);
#1478=ORIENTED_EDGE('',*,*,#2201,.F.);
#1479=ORIENTED_EDGE('',*,*,#2202,.T.);
#1480=ORIENTED_EDGE('',*,*,#2203,.T.);
#1481=ORIENTED_EDGE('',*,*,#2204,.T.);
#1482=ORIENTED_EDGE('',*,*,#2205,.F.);
#1483=ORIENTED_EDGE('',*,*,#2206,.F.);
#1484=ORIENTED_EDGE('',*,*,#2207,.F.);
#1485=CARTESIAN_POINT('',(0.1267600000011,-2.41015226709336E-15,3.10633952806146E-18));
#1486=DIRECTION('',(1.0,-1.17145536458252E-15,-6.12323399573677E-17));
#1487=DIRECTION('',(6.12323399573676E-17,0.0,1.0));
#1488=SURFACE_STYLE_FILL_AREA(#2208);
#1489=ORIENTED_EDGE('',*,*,#2209,.F.);
#1490=ORIENTED_EDGE('',*,*,#2210,.T.);
#1491=ORIENTED_EDGE('',*,*,#2211,.F.);
#1492=ORIENTED_EDGE('',*,*,#2212,.F.);
#1493=ORIENTED_EDGE('',*,*,#2213,.F.);
#1494=CARTESIAN_POINT('',(0.1267600000011,-2.41015226709336E-15,3.10633952806146E-18));
#1495=DIRECTION('',(1.0,-1.17145536458252E-15,-6.12323399573676E-17));
#1496=DIRECTION('',(6.12323399573676E-17,0.0,1.0));
#1497=SURFACE_STYLE_FILL_AREA(#2214);
#1498=ORIENTED_EDGE('',*,*,#2215,.F.);
#1499=ORIENTED_EDGE('',*,*,#2216,.T.);
#1500=ORIENTED_EDGE('',*,*,#2217,.F.);
#1501=ORIENTED_EDGE('',*,*,#2218,.T.);
#1502=CARTESIAN_POINT('',(0.1267600000011,-2.41015226709336E-15,3.10633952806146E-18));
#1503=DIRECTION('',(1.0,-1.17145536458252E-15,-6.12323399573676E-17));
#1504=DIRECTION('',(6.12323399573676E-17,0.0,1.0));
#1505=SURFACE_STYLE_FILL_AREA(#2219);
#1506=ORIENTED_EDGE('',*,*,#2220,.F.);
#1507=ORIENTED_EDGE('',*,*,#2221,.T.);
#1508=ORIENTED_EDGE('',*,*,#2222,.F.);
#1509=ORIENTED_EDGE('',*,*,#2216,.F.);
#1510=CARTESIAN_POINT('',(7.5943600000011,-1.11581123476498E-14,-8.86685160392881E-17));
#1511=DIRECTION('',(-1.0,1.17145536458252E-15,-2.54575934310038E-17));
#1512=DIRECTION('',(-2.54575934310038E-17,1.01553387523109E-31,1.0));
#1513=SURFACE_STYLE_FILL_AREA(#2223);
#1514=ORIENTED_EDGE('',*,*,#2224,.F.);
#1515=ORIENTED_EDGE('',*,*,#2225,.F.);
#1516=ORIENTED_EDGE('',*,*,#2226,.T.);
#1517=ORIENTED_EDGE('',*,*,#2207,.T.);
#1518=CARTESIAN_POINT('',(3.1747600000011,-5.98074821834088E-15,-3.59273090499045E-16));
#1519=DIRECTION('',(-1.0,1.13991554592474E-15,-6.12282954248703E-17));
#1520=DIRECTION('',(-1.13991554592474E-15,-1.0,7.32283690322508E-32));
#1521=SURFACE_STYLE_FILL_AREA(#2227);
#1522=ORIENTED_EDGE('',*,*,#2228,.F.);
#1523=ORIENTED_EDGE('',*,*,#2229,.F.);
#1524=ORIENTED_EDGE('',*,*,#2230,.F.);
#1525=ORIENTED_EDGE('',*,*,#2231,.F.);
#1526=CARTESIAN_POINT('',(1.84955671156015,0.0,1.22829428261598E-14));
#1527=DIRECTION('',(-1.0,0.0,-3.39190343609908E-15));
#1528=DIRECTION('',(0.0,1.0,0.0));
#1529=SURFACE_STYLE_FILL_AREA(#2232);
#1530=ORIENTED_EDGE('',*,*,#2233,.T.);
#1531=ORIENTED_EDGE('',*,*,#2231,.T.);
#1532=ORIENTED_EDGE('',*,*,#2194,.F.);
#1533=ORIENTED_EDGE('',*,*,#2234,.F.);
#1534=CARTESIAN_POINT('',(0.12700246088847,1.8415,6.43448597797964E-15));
#1535=DIRECTION('',(-1.0,0.0,-3.39190343609908E-15));
#1536=DIRECTION('',(-3.39190343609908E-15,0.0,1.0));
#1537=SURFACE_STYLE_FILL_AREA(#2235);
#1538=ORIENTED_EDGE('',*,*,#2236,.F.);
#1539=ORIENTED_EDGE('',*,*,#2237,.F.);
#1540=ORIENTED_EDGE('',*,*,#2238,.F.);
#1541=ORIENTED_EDGE('',*,*,#2197,.F.);
#1542=CARTESIAN_POINT('',(6.83260246088847,1.30175000000013,2.91849528255455E-14));
#1543=DIRECTION('',(-1.0,0.0,-3.39190343609908E-15));
#1544=DIRECTION('',(-3.39190343609908E-15,0.0,1.0));
#1545=SURFACE_STYLE_FILL_AREA(#2239);
#1546=ORIENTED_EDGE('',*,*,#2240,.T.);
#1547=ORIENTED_EDGE('',*,*,#2229,.T.);
#1548=ORIENTED_EDGE('',*,*,#2241,.T.);
#1549=ORIENTED_EDGE('',*,*,#2242,.F.);
#1550=ORIENTED_EDGE('',*,*,#2210,.F.);
#1551=CARTESIAN_POINT('',(2.83538827787586,0.656399196505828,-2.91835063757322E-16));
#1552=DIRECTION('',(1.0,0.0,-6.12323399573676E-17));
#1553=DIRECTION('',(0.0,-1.0,0.0));
#1554=SURFACE_STYLE_FILL_AREA(#2243);
#1555=ORIENTED_EDGE('',*,*,#2236,.T.);
#1556=ORIENTED_EDGE('',*,*,#2237,.T.);
#1557=ORIENTED_EDGE('',*,*,#2218,.F.);
#1558=ORIENTED_EDGE('',*,*,#2244,.F.);
#1559=CARTESIAN_POINT('',(6.83071472208262,0.656399196505828,-5.36478250829651E-16));
#1560=DIRECTION('',(1.0,0.0,-6.12323399573676E-17));
#1561=DIRECTION('',(0.0,-1.0,0.0));
#1562=SURFACE_STYLE_FILL_AREA(#2245);
#1563=ORIENTED_EDGE('',*,*,#2228,.T.);
#1564=ORIENTED_EDGE('',*,*,#2233,.F.);
#1565=ORIENTED_EDGE('',*,*,#2230,.T.);
#1566=ORIENTED_EDGE('',*,*,#2240,.F.);
#1567=ORIENTED_EDGE('',*,*,#2241,.F.);
#1568=CARTESIAN_POINT('',(1.84955671156015,0.0,1.22829428261598E-14));
#1569=DIRECTION('',(-1.0,0.0,-3.39190343609908E-15));
#1570=DIRECTION('',(0.0,1.0,0.0));
#1571=SURFACE_STYLE_FILL_AREA(#2246);
#1572=ORIENTED_EDGE('',*,*,#2224,.T.);
#1573=ORIENTED_EDGE('',*,*,#2206,.T.);
#1574=ORIENTED_EDGE('',*,*,#2247,.T.);
#1575=ORIENTED_EDGE('',*,*,#2225,.T.);
#1576=CARTESIAN_POINT('',(3.1747600000011,-5.98074821834088E-15,-3.59273090499045E-16));
#1577=DIRECTION('',(-1.0,1.13991554592474E-15,-6.12282954248703E-17));
#1578=DIRECTION('',(-1.13991554592474E-15,-1.0,7.32283690322508E-32));
#1579=SURFACE_STYLE_FILL_AREA(#2248);
#1580=ORIENTED_EDGE('',*,*,#2220,.T.);
#1581=ORIENTED_EDGE('',*,*,#2249,.F.);
#1582=ORIENTED_EDGE('',*,*,#2222,.T.);
#1583=ORIENTED_EDGE('',*,*,#2250,.T.);
#1584=CARTESIAN_POINT('',(7.5943600000011,-1.11581123476498E-14,-8.86685160392881E-17));
#1585=DIRECTION('',(-1.0,1.17145536458252E-15,-2.54575934310038E-17));
#1586=DIRECTION('',(-2.54575934310038E-17,1.01553387523109E-31,1.0));
#1587=SURFACE_STYLE_FILL_AREA(#2251);
#1588=ORIENTED_EDGE('',*,*,#2215,.T.);
#1589=ORIENTED_EDGE('',*,*,#2244,.T.);
#1590=ORIENTED_EDGE('',*,*,#2217,.T.);
#1591=ORIENTED_EDGE('',*,*,#2249,.T.);
#1592=CARTESIAN_POINT('',(0.1267600000011,-2.41015226709336E-15,3.10633952806146E-18));
#1593=DIRECTION('',(1.0,-1.17145536458252E-15,-6.12323399573676E-17));
#1594=DIRECTION('',(6.12323399573676E-17,0.0,1.0));
#1595=SURFACE_STYLE_FILL_AREA(#2252);
#1596=ORIENTED_EDGE('',*,*,#2253,.F.);
#1597=ORIENTED_EDGE('',*,*,#2254,.F.);
#1598=ORIENTED_EDGE('',*,*,#2255,.F.);
#1599=ORIENTED_EDGE('',*,*,#2256,.T.);
#1600=CARTESIAN_POINT('',(0.14247300895819,0.0659635275150575,5.88807035520576E-18));
#1601=DIRECTION('',(-0.999693798181311,0.0247448959954413,-1.836439024567E-18));
#1602=DIRECTION('',(6.12323399573676E-17,2.54800139550769E-15,1.0));
#1603=SURFACE_STYLE_FILL_AREA(#2257);
#1604=ORIENTED_EDGE('',*,*,#2258,.T.);
#1605=ORIENTED_EDGE('',*,*,#2255,.T.);
#1606=ORIENTED_EDGE('',*,*,#2259,.F.);
#1607=ORIENTED_EDGE('',*,*,#2260,.F.);
#1608=ORIENTED_EDGE('',*,*,#2261,.T.);
#1609=CARTESIAN_POINT('',(0.13995892752507,-0.0356053623801637,-0.975612));
#1610=DIRECTION('',(-0.0247448959954413,-0.999693798181311,1.49267014624287E-18));
#1611=DIRECTION('',(-6.12323399573676E-17,2.25246346437915E-20,-1.0));
#1612=SURFACE_STYLE_FILL_AREA(#2262);
#1613=ORIENTED_EDGE('',*,*,#2263,.T.);
#1614=ORIENTED_EDGE('',*,*,#2264,.F.);
#1615=ORIENTED_EDGE('',*,*,#2253,.T.);
#1616=ORIENTED_EDGE('',*,*,#2265,.F.);
#1617=ORIENTED_EDGE('',*,*,#2266,.T.);
#1618=CARTESIAN_POINT('',(0.13995892752507,-0.0356053623801637,-0.975612));
#1619=DIRECTION('',(-0.0247448959954413,-0.999693798181311,1.49267014624287E-18));
#1620=DIRECTION('',(-6.12323399573676E-17,2.25246346437915E-20,-1.0));
#1621=SURFACE_STYLE_FILL_AREA(#2267);
#1622=ORIENTED_EDGE('',*,*,#2265,.T.);
#1623=ORIENTED_EDGE('',*,*,#2256,.F.);
#1624=ORIENTED_EDGE('',*,*,#2258,.F.);
#1625=ORIENTED_EDGE('',*,*,#2268,.F.);
#1626=CARTESIAN_POINT('',(0.14247300895819,0.0659635275150575,5.88807035520576E-18));
#1627=DIRECTION('',(0.99969379818131,-0.0247448959954413,-6.12135905035101E-17));
#1628=DIRECTION('',(6.12323399573676E-17,2.40160938171304E-34,1.0));
#1629=SURFACE_STYLE_FILL_AREA(#2269);
#1630=ORIENTED_EDGE('',*,*,#2270,.F.);
#1631=ORIENTED_EDGE('',*,*,#2271,.T.);
#1632=ORIENTED_EDGE('',*,*,#2272,.F.);
#1633=ORIENTED_EDGE('',*,*,#2273,.F.);
#1634=CARTESIAN_POINT('',(0.14247300895819,-0.0659635275150623,-2.11696298625322E-17));
#1635=DIRECTION('',(-0.999693798181311,-0.0247448959954389,-1.56662489854496E-17));
#1636=DIRECTION('',(-6.12323399573676E-17,3.10689685271381E-15,-1.0));
#1637=SURFACE_STYLE_FILL_AREA(#2274);
#1638=ORIENTED_EDGE('',*,*,#2275,.F.);
#1639=ORIENTED_EDGE('',*,*,#2276,.T.);
#1640=ORIENTED_EDGE('',*,*,#2271,.F.);
#1641=ORIENTED_EDGE('',*,*,#2277,.F.);
#1642=CARTESIAN_POINT('',(0.14247300895819,-0.0659635275150623,-2.11696298625322E-17));
#1643=DIRECTION('',(0.999693798181311,0.0247448959954389,-6.12135905035101E-17));
#1644=DIRECTION('',(6.12323399573677E-17,2.40160938171281E-34,1.0));
#1645=SURFACE_STYLE_FILL_AREA(#2278);
#1646=ORIENTED_EDGE('',*,*,#2279,.F.);
#1647=ORIENTED_EDGE('',*,*,#2272,.T.);
#1648=ORIENTED_EDGE('',*,*,#2276,.F.);
#1649=ORIENTED_EDGE('',*,*,#2280,.T.);
#1650=ORIENTED_EDGE('',*,*,#2281,.T.);
#1651=CARTESIAN_POINT('',(0.13995892752507,0.0356053623801589,1.103905));
#1652=DIRECTION('',(-0.0247448959954389,0.999693798181311,1.32153534078902E-18));
#1653=DIRECTION('',(5.34063808969982E-17,1.97154838644285E-34,1.0));
#1654=SURFACE_STYLE_FILL_AREA(#2282);
#1655=ORIENTED_EDGE('',*,*,#2203,.F.);
#1656=ORIENTED_EDGE('',*,*,#2283,.T.);
#1657=ORIENTED_EDGE('',*,*,#2284,.T.);
#1658=ORIENTED_EDGE('',*,*,#2281,.F.);
#1659=CARTESIAN_POINT('',(0.14247300895819,-0.0659635275150623,-2.11696298625322E-17));
#1660=DIRECTION('',(0.999693798181311,0.0247448959954389,-6.12135905035101E-17));
#1661=DIRECTION('',(6.12323399573676E-17,0.0,1.0));
#1662=SURFACE_STYLE_FILL_AREA(#2285);
#1663=ORIENTED_EDGE('',*,*,#2279,.T.);
#1664=ORIENTED_EDGE('',*,*,#2284,.F.);
#1665=ORIENTED_EDGE('',*,*,#2286,.T.);
#1666=ORIENTED_EDGE('',*,*,#2273,.T.);
#1667=CARTESIAN_POINT('',(0.24404189885343,-0.0634494460819257,-1.9577938965612E-17));
#1668=DIRECTION('',(-0.999693798181311,-0.0247448959954389,-8.04496974334589E-17));
#1669=DIRECTION('',(-8.05128979519214E-17,1.55778883405677E-18,1.0));
#1670=SURFACE_STYLE_FILL_AREA(#2287);
#1671=ORIENTED_EDGE('',*,*,#2277,.T.);
#1672=ORIENTED_EDGE('',*,*,#2270,.T.);
#1673=ORIENTED_EDGE('',*,*,#2286,.F.);
#1674=ORIENTED_EDGE('',*,*,#2283,.F.);
#1675=ORIENTED_EDGE('',*,*,#2288,.T.);
#1676=CARTESIAN_POINT('',(0.13995892752507,0.0356053623801589,1.103905));
#1677=DIRECTION('',(-0.0247448959954389,0.999693798181311,1.32153534078902E-18));
#1678=DIRECTION('',(5.34063808969982E-17,1.97154838644285E-34,1.0));
#1679=SURFACE_STYLE_FILL_AREA(#2289);
#1680=ORIENTED_EDGE('',*,*,#2212,.T.);
#1681=ORIENTED_EDGE('',*,*,#2290,.T.);
#1682=ORIENTED_EDGE('',*,*,#2213,.T.);
#1683=ORIENTED_EDGE('',*,*,#2275,.T.);
#1684=ORIENTED_EDGE('',*,*,#2288,.F.);
#1685=ORIENTED_EDGE('',*,*,#2202,.F.);
#1686=ORIENTED_EDGE('',*,*,#2291,.F.);
#1687=ORIENTED_EDGE('',*,*,#2266,.F.);
#1688=ORIENTED_EDGE('',*,*,#2268,.T.);
#1689=ORIENTED_EDGE('',*,*,#2261,.F.);
#1690=ORIENTED_EDGE('',*,*,#2292,.F.);
#1691=ORIENTED_EDGE('',*,*,#2204,.F.);
#1692=ORIENTED_EDGE('',*,*,#2280,.F.);
#1693=CARTESIAN_POINT('',(2.7937600000011,-1.746797,0.9753624));
#1694=DIRECTION('',(1.0,-1.17145536458252E-15,-6.12323399573676E-17));
#1695=DIRECTION('',(-1.17145536458252E-15,-1.0,7.17309531289989E-32));
#1696=SURFACE_STYLE_FILL_AREA(#2293);
#1697=ORIENTED_EDGE('',*,*,#2259,.T.);
#1698=ORIENTED_EDGE('',*,*,#2254,.T.);
#1699=ORIENTED_EDGE('',*,*,#2264,.T.);
#1700=ORIENTED_EDGE('',*,*,#2294,.F.);
#1701=CARTESIAN_POINT('',(0.24404189885343,0.0634494460819206,6.07465256009995E-18));
#1702=DIRECTION('',(-0.99969379818131,0.0247448959954413,-8.04496974334589E-17));
#1703=DIRECTION('',(-8.05128979519213E-17,-1.55778883405643E-18,1.0));
#1704=SURFACE_STYLE_FILL_AREA(#2295);
#1705=ORIENTED_EDGE('',*,*,#2263,.F.);
#1706=ORIENTED_EDGE('',*,*,#2296,.F.);
#1707=ORIENTED_EDGE('',*,*,#2260,.T.);
#1708=ORIENTED_EDGE('',*,*,#2294,.T.);
#1709=CARTESIAN_POINT('',(0.14247300895819,0.0659635275150575,5.88807035520576E-18));
#1710=DIRECTION('',(0.99969379818131,-0.0247448959954413,-6.12135905035101E-17));
#1711=DIRECTION('',(6.12323399573676E-17,0.0,1.0));
#1712=SURFACE_STYLE_FILL_AREA(#2297);
#1713=ORIENTED_EDGE('',*,*,#2209,.T.);
#1714=ORIENTED_EDGE('',*,*,#2290,.F.);
#1715=ORIENTED_EDGE('',*,*,#2211,.T.);
#1716=ORIENTED_EDGE('',*,*,#2242,.T.);
#1717=CARTESIAN_POINT('',(0.1267600000011,-2.41015226709336E-15,3.10633952806146E-18));
#1718=DIRECTION('',(1.0,-1.17145536458252E-15,-6.12323399573676E-17));
#1719=DIRECTION('',(6.12323399573676E-17,0.0,1.0));
#1720=SURFACE_STYLE_FILL_AREA(#2298);
#1721=ORIENTED_EDGE('',*,*,#2201,.T.);
#1722=ORIENTED_EDGE('',*,*,#2226,.F.);
#1723=ORIENTED_EDGE('',*,*,#2247,.F.);
#1724=ORIENTED_EDGE('',*,*,#2205,.T.);
#1725=ORIENTED_EDGE('',*,*,#2292,.T.);
#1726=ORIENTED_EDGE('',*,*,#2296,.T.);
#1727=ORIENTED_EDGE('',*,*,#2291,.T.);
#1728=CARTESIAN_POINT('',(0.1267600000011,-2.41015226709336E-15,3.10633952806146E-18));
#1729=DIRECTION('',(1.0,-1.17145536458252E-15,-6.12323399573677E-17));
#1730=DIRECTION('',(6.12323399573676E-17,0.0,1.0));
#1731=SURFACE_STYLE_FILL_AREA(#2299);
#1732=ORIENTED_EDGE('',*,*,#2250,.F.);
#1733=ORIENTED_EDGE('',*,*,#2221,.F.);
#1734=CARTESIAN_POINT('',(7.5943600000011,-1.11581123476498E-14,-4.4099797179744E-16));
#1735=DIRECTION('',(1.0,-1.17145536458252E-15,-6.12323399573676E-17));
#1736=DIRECTION('',(-1.17145536458252E-15,-1.0,7.17309531289989E-32));
#1737=SURFACE_STYLE_FILL_AREA(#2300);
#1738=ORIENTED_EDGE('',*,*,#2196,.T.);
#1739=ORIENTED_EDGE('',*,*,#2301,.T.);
#1740=ORIENTED_EDGE('',*,*,#2198,.T.);
#1741=ORIENTED_EDGE('',*,*,#2238,.T.);
#1742=CARTESIAN_POINT('',(4.16052486088847,0.0,2.06452178885607E-14));
#1743=DIRECTION('',(1.0,0.0,3.4531337537902E-15));
#1744=DIRECTION('',(3.4531337537902E-15,0.0,-1.0));
#1745=SURFACE_STYLE_FILL_AREA(#2302);
#1746=ORIENTED_EDGE('',*,*,#2191,.T.);
#1747=ORIENTED_EDGE('',*,*,#2234,.T.);
#1748=ORIENTED_EDGE('',*,*,#2193,.T.);
#1749=ORIENTED_EDGE('',*,*,#2303,.T.);
#1750=CARTESIAN_POINT('',(4.16052486088847,0.0,2.06452178885607E-14));
#1751=DIRECTION('',(1.0,0.0,3.4531337537902E-15));
#1752=DIRECTION('',(3.4531337537902E-15,0.0,-1.0));
#1753=SURFACE_STYLE_FILL_AREA(#2304);
#1754=ORIENTED_EDGE('',*,*,#2187,.T.);
#1755=ORIENTED_EDGE('',*,*,#2305,.F.);
#1756=ORIENTED_EDGE('',*,*,#2183,.T.);
#1757=ORIENTED_EDGE('',*,*,#2306,.T.);
#1758=CARTESIAN_POINT('',(0.99060246088847,0.0,1.00720009658091E-14));
#1759=DIRECTION('',(-1.0,0.0,-3.4531337537902E-15));
#1760=DIRECTION('',(0.0,1.0,0.0));
#1761=SURFACE_STYLE_FILL_AREA(#2307);
#1762=ORIENTED_EDGE('',*,*,#2148,.T.);
#1763=ORIENTED_EDGE('',*,*,#2308,.F.);
#1764=ORIENTED_EDGE('',*,*,#2144,.T.);
#1765=ORIENTED_EDGE('',*,*,#2309,.T.);
#1766=CARTESIAN_POINT('',(0.99060246088847,0.0,1.00720009658091E-14));
#1767=DIRECTION('',(-1.0,0.0,-3.4531337537902E-15));
#1768=DIRECTION('',(0.0,1.0,0.0));
#1769=SURFACE_STYLE_FILL_AREA(#2310);
#1770=ORIENTED_EDGE('',*,*,#2303,.F.);
#1771=ORIENTED_EDGE('',*,*,#2192,.F.);
#1772=ORIENTED_EDGE('',*,*,#2311,.T.);
#1773=ORIENTED_EDGE('',*,*,#2102,.T.);
#1774=CARTESIAN_POINT('',(2.46088847011272E-06,0.0,6.53312766403355E-15));
#1775=DIRECTION('',(-1.0,0.0,-3.39190343609908E-15));
#1776=DIRECTION('',(-3.39190343609908E-15,0.0,1.0));
#1777=SURFACE_STYLE_FILL_AREA(#2312);
#1778=ORIENTED_EDGE('',*,*,#2100,.T.);
#1779=ORIENTED_EDGE('',*,*,#2311,.F.);
#1780=ORIENTED_EDGE('',*,*,#2101,.T.);
#1781=ORIENTED_EDGE('',*,*,#2313,.T.);
#1782=CARTESIAN_POINT('',(-1.93039753911153,0.0,-1.46027290121262E-17));
#1783=DIRECTION('',(1.0,0.0,3.39190343609908E-15));
#1784=DIRECTION('',(3.39190343609908E-15,0.0,-1.0));
#1785=SURFACE_STYLE_FILL_AREA(#2314);
#1786=ORIENTED_EDGE('',*,*,#2095,.T.);
#1787=ORIENTED_EDGE('',*,*,#2313,.F.);
#1788=ORIENTED_EDGE('',*,*,#2097,.T.);
#1789=ORIENTED_EDGE('',*,*,#2315,.T.);
#1790=CARTESIAN_POINT('',(-1.93039753911153,0.0,-1.46027290121262E-17));
#1791=DIRECTION('',(-1.0,-0.0,-3.4531337537902E-15));
#1792=DIRECTION('',(3.4531337537902E-15,0.0,-1.0));
#1793=SURFACE_STYLE_FILL_AREA(#2316);
#1794=ORIENTED_EDGE('',*,*,#2315,.F.);
#1795=ORIENTED_EDGE('',*,*,#2096,.F.);
#1796=ORIENTED_EDGE('',*,*,#2317,.T.);
#1797=ORIENTED_EDGE('',*,*,#2093,.T.);
#1798=CARTESIAN_POINT('',(-1.93039753911153,0.0,-1.46027290121262E-17));
#1799=DIRECTION('',(-1.0,0.0,-3.39190343609908E-15));
#1800=DIRECTION('',(-3.39190343609908E-15,0.0,1.0));
#1801=SURFACE_STYLE_FILL_AREA(#2318);
#1802=ORIENTED_EDGE('',*,*,#2091,.T.);
#1803=ORIENTED_EDGE('',*,*,#2317,.F.);
#1804=ORIENTED_EDGE('',*,*,#2092,.T.);
#1805=ORIENTED_EDGE('',*,*,#2319,.F.);
#1806=CARTESIAN_POINT('',(3.37820246088847,0.0,1.83167031163586E-14));
#1807=DIRECTION('',(1.0,0.0,3.4531337537902E-15));
#1808=DIRECTION('',(0.0,-1.0,0.0));
#1809=SURFACE_STYLE_FILL_AREA(#2320);
#1810=ORIENTED_EDGE('',*,*,#2082,.T.);
#1811=ORIENTED_EDGE('',*,*,#2321,.T.);
#1812=ORIENTED_EDGE('',*,*,#2084,.T.);
#1813=ORIENTED_EDGE('',*,*,#2319,.T.);
#1814=CARTESIAN_POINT('',(-1.16839753911153,0.0,2.61668519137601E-15));
#1815=DIRECTION('',(1.0,7.03929294956369E-17,3.4531337537902E-15));
#1816=DIRECTION('',(-7.03929294956369E-17,1.0,-2.43076200869557E-31));
#1817=SURFACE_STYLE_FILL_AREA(#2322);
#1818=ORIENTED_EDGE('',*,*,#2071,.F.);
#1819=ORIENTED_EDGE('',*,*,#2078,.F.);
#1820=ORIENTED_EDGE('',*,*,#2105,.F.);
#1821=ORIENTED_EDGE('',*,*,#2110,.F.);
#1822=ORIENTED_EDGE('',*,*,#2113,.F.);
#1823=ORIENTED_EDGE('',*,*,#2118,.F.);
#1824=ORIENTED_EDGE('',*,*,#2121,.F.);
#1825=ORIENTED_EDGE('',*,*,#2126,.F.);
#1826=ORIENTED_EDGE('',*,*,#2129,.F.);
#1827=ORIENTED_EDGE('',*,*,#2134,.F.);
#1828=ORIENTED_EDGE('',*,*,#2137,.F.);
#1829=ORIENTED_EDGE('',*,*,#2142,.F.);
#1830=ORIENTED_EDGE('',*,*,#2149,.F.);
#1831=ORIENTED_EDGE('',*,*,#2309,.F.);
#1832=ORIENTED_EDGE('',*,*,#2146,.F.);
#1833=ORIENTED_EDGE('',*,*,#2085,.F.);
#1834=ORIENTED_EDGE('',*,*,#2321,.F.);
#1835=ORIENTED_EDGE('',*,*,#2089,.F.);
#1836=ORIENTED_EDGE('',*,*,#2184,.T.);
#1837=ORIENTED_EDGE('',*,*,#2305,.T.);
#1838=ORIENTED_EDGE('',*,*,#2189,.T.);
#1839=ORIENTED_EDGE('',*,*,#2179,.T.);
#1840=ORIENTED_EDGE('',*,*,#2177,.T.);
#1841=ORIENTED_EDGE('',*,*,#2171,.T.);
#1842=ORIENTED_EDGE('',*,*,#2169,.T.);
#1843=ORIENTED_EDGE('',*,*,#2163,.T.);
#1844=ORIENTED_EDGE('',*,*,#2161,.T.);
#1845=ORIENTED_EDGE('',*,*,#2155,.T.);
#1846=SURFACE_STYLE_FILL_AREA(#2323);
#1847=ORIENTED_EDGE('',*,*,#2074,.T.);
#1848=ORIENTED_EDGE('',*,*,#2324,.F.);
#1849=ORIENTED_EDGE('',*,*,#2075,.T.);
#1850=ORIENTED_EDGE('',*,*,#2325,.T.);
#1851=CARTESIAN_POINT('',(3.14960246088847,0.0,1.75273167402421E-14));
#1852=DIRECTION('',(-1.0,2.6816354093576E-17,-3.4531337537902E-15));
#1853=DIRECTION('',(-2.6816354093576E-17,-1.0,-9.26004574741173E-32));
#1854=SURFACE_STYLE_FILL_AREA(#2326);
#1855=ORIENTED_EDGE('',*,*,#2065,.T.);
#1856=ORIENTED_EDGE('',*,*,#2325,.F.);
#1857=ORIENTED_EDGE('',*,*,#2067,.T.);
#1858=ORIENTED_EDGE('',*,*,#2327,.T.);
#1859=CARTESIAN_POINT('',(3.37820246088847,0.0,1.83167031163586E-14));
#1860=DIRECTION('',(1.0,0.0,3.4531337537902E-15));
#1861=DIRECTION('',(0.0,-1.0,0.0));
#1862=SURFACE_STYLE_FILL_AREA(#2328);
#1863=ORIENTED_EDGE('',*,*,#2329,.T.);
#1864=ORIENTED_EDGE('',*,*,#2330,.F.);
#1865=ORIENTED_EDGE('',*,*,#2331,.T.);
#1866=ORIENTED_EDGE('',*,*,#2332,.F.);
#1867=ORIENTED_EDGE('',*,*,#2333,.T.);
#1868=ORIENTED_EDGE('',*,*,#2334,.F.);
#1869=ORIENTED_EDGE('',*,*,#2335,.F.);
#1870=ORIENTED_EDGE('',*,*,#2336,.T.);
#1871=CARTESIAN_POINT('',(7.08660246088847,-3.175,1.57480000000003));
#1872=DIRECTION('',(0.0,-1.0,0.0));
#1873=DIRECTION('',(1.0,0.0,-6.12323399573676E-17));
#1874=SURFACE_STYLE_FILL_AREA(#2337);
#1875=ORIENTED_EDGE('',*,*,#2338,.T.);
#1876=ORIENTED_EDGE('',*,*,#2339,.F.);
#1877=ORIENTED_EDGE('',*,*,#2340,.F.);
#1878=ORIENTED_EDGE('',*,*,#2334,.T.);
#1879=CARTESIAN_POINT('',(7.59460246088847,0.0,3.27373667096817E-14));
#1880=DIRECTION('',(1.0,0.0,3.4531337537902E-15));
#1881=DIRECTION('',(0.0,-1.0,0.0));
#1882=SURFACE_STYLE_FILL_AREA(#2341);
#1883=ORIENTED_EDGE('',*,*,#2342,.F.);
#1884=ORIENTED_EDGE('',*,*,#2343,.F.);
#1885=ORIENTED_EDGE('',*,*,#2344,.F.);
#1886=ORIENTED_EDGE('',*,*,#2345,.F.);
#1887=CARTESIAN_POINT('',(7.59460246088847,0.0,3.27373667096817E-14));
#1888=DIRECTION('',(1.0,0.0,3.4531337537902E-15));
#1889=DIRECTION('',(0.0,-1.0,0.0));
#1890=SURFACE_STYLE_FILL_AREA(#2346);
#1891=ORIENTED_EDGE('',*,*,#2347,.F.);
#1892=ORIENTED_EDGE('',*,*,#2348,.F.);
#1893=ORIENTED_EDGE('',*,*,#2349,.T.);
#1894=ORIENTED_EDGE('',*,*,#2350,.T.);
#1895=CARTESIAN_POINT('',(7.59460246088847,0.0,3.27373667096817E-14));
#1896=DIRECTION('',(1.0,0.0,3.4531337537902E-15));
#1897=DIRECTION('',(0.0,-1.0,0.0));
#1898=SURFACE_STYLE_FILL_AREA(#2351);
#1899=ORIENTED_EDGE('',*,*,#2352,.F.);
#1900=ORIENTED_EDGE('',*,*,#2353,.F.);
#1901=ORIENTED_EDGE('',*,*,#2354,.F.);
#1902=ORIENTED_EDGE('',*,*,#2330,.T.);
#1903=CARTESIAN_POINT('',(7.59460246088847,0.0,3.27373667096817E-14));
#1904=DIRECTION('',(1.0,0.0,3.4531337537902E-15));
#1905=DIRECTION('',(0.0,-1.0,0.0));
#1906=SURFACE_STYLE_FILL_AREA(#2355);
#1907=ORIENTED_EDGE('',*,*,#2356,.F.);
#1908=ORIENTED_EDGE('',*,*,#2357,.T.);
#1909=ORIENTED_EDGE('',*,*,#2353,.T.);
#1910=ORIENTED_EDGE('',*,*,#2358,.F.);
#1911=CARTESIAN_POINT('',(7.08660246088848,-1.5748,-1.57479999999997));
#1912=DIRECTION('',(-0.0,1.0,0.0));
#1913=DIRECTION('',(6.12323399573676E-17,0.0,1.0));
#1914=SURFACE_STYLE_FILL_AREA(#2359);
#1915=ORIENTED_EDGE('',*,*,#2360,.F.);
#1916=ORIENTED_EDGE('',*,*,#2361,.T.);
#1917=ORIENTED_EDGE('',*,*,#2339,.T.);
#1918=ORIENTED_EDGE('',*,*,#2362,.F.);
#1919=CARTESIAN_POINT('',(7.08660246088848,-1.5748,-1.57479999999997));
#1920=DIRECTION('',(-0.0,1.0,0.0));
#1921=DIRECTION('',(6.12323399573676E-17,0.0,1.0));
#1922=SURFACE_STYLE_FILL_AREA(#2363);
#1923=ORIENTED_EDGE('',*,*,#2364,.F.);
#1924=ORIENTED_EDGE('',*,*,#2335,.T.);
#1925=ORIENTED_EDGE('',*,*,#2340,.T.);
#1926=ORIENTED_EDGE('',*,*,#2361,.F.);
#1927=CARTESIAN_POINT('',(7.08660246088848,1.5748,-1.57479999999997));
#1928=DIRECTION('',(-3.4531337537902E-15,0.0,1.0));
#1929=DIRECTION('',(-1.0,0.0,-3.4531337537902E-15));
#1930=SURFACE_STYLE_FILL_AREA(#2365);
#1931=ORIENTED_EDGE('',*,*,#2087,.T.);
#1932=ORIENTED_EDGE('',*,*,#2145,.T.);
#1933=ORIENTED_EDGE('',*,*,#2308,.T.);
#1934=ORIENTED_EDGE('',*,*,#2150,.T.);
#1935=ORIENTED_EDGE('',*,*,#2140,.T.);
#1936=ORIENTED_EDGE('',*,*,#2138,.T.);
#1937=ORIENTED_EDGE('',*,*,#2132,.T.);
#1938=ORIENTED_EDGE('',*,*,#2130,.T.);
#1939=ORIENTED_EDGE('',*,*,#2124,.T.);
#1940=ORIENTED_EDGE('',*,*,#2122,.T.);
#1941=ORIENTED_EDGE('',*,*,#2116,.T.);
#1942=ORIENTED_EDGE('',*,*,#2114,.T.);
#1943=ORIENTED_EDGE('',*,*,#2108,.T.);
#1944=ORIENTED_EDGE('',*,*,#2106,.T.);
#1945=ORIENTED_EDGE('',*,*,#2076,.T.);
#1946=ORIENTED_EDGE('',*,*,#2324,.T.);
#1947=ORIENTED_EDGE('',*,*,#2080,.T.);
#1948=ORIENTED_EDGE('',*,*,#2153,.F.);
#1949=ORIENTED_EDGE('',*,*,#2157,.F.);
#1950=ORIENTED_EDGE('',*,*,#2160,.F.);
#1951=ORIENTED_EDGE('',*,*,#2165,.F.);
#1952=ORIENTED_EDGE('',*,*,#2168,.F.);
#1953=ORIENTED_EDGE('',*,*,#2173,.F.);
#1954=ORIENTED_EDGE('',*,*,#2176,.F.);
#1955=ORIENTED_EDGE('',*,*,#2181,.F.);
#1956=ORIENTED_EDGE('',*,*,#2188,.F.);
#1957=ORIENTED_EDGE('',*,*,#2306,.F.);
#1958=ORIENTED_EDGE('',*,*,#2185,.F.);
#1959=SURFACE_STYLE_FILL_AREA(#2366);
#1960=ORIENTED_EDGE('',*,*,#2362,.T.);
#1961=ORIENTED_EDGE('',*,*,#2338,.F.);
#1962=ORIENTED_EDGE('',*,*,#2333,.F.);
#1963=ORIENTED_EDGE('',*,*,#2367,.F.);
#1964=ORIENTED_EDGE('',*,*,#2368,.F.);
#1965=ORIENTED_EDGE('',*,*,#2349,.F.);
#1966=ORIENTED_EDGE('',*,*,#2369,.F.);
#1967=ORIENTED_EDGE('',*,*,#2370,.T.);
#1968=CARTESIAN_POINT('',(7.08660246088848,-1.5748,-3.175));
#1969=DIRECTION('',(3.4531337537902E-15,0.0,-1.0));
#1970=DIRECTION('',(-1.0,0.0,-3.4531337537902E-15));
#1971=SURFACE_STYLE_FILL_AREA(#2371);
#1972=ORIENTED_EDGE('',*,*,#2372,.F.);
#1973=ORIENTED_EDGE('',*,*,#2358,.T.);
#1974=ORIENTED_EDGE('',*,*,#2352,.T.);
#1975=ORIENTED_EDGE('',*,*,#2329,.F.);
#1976=CARTESIAN_POINT('',(7.08660246088847,3.175,1.57480000000003));
#1977=DIRECTION('',(3.4531337537902E-15,0.0,-1.0));
#1978=DIRECTION('',(-1.0,0.0,-3.4531337537902E-15));
#1979=SURFACE_STYLE_FILL_AREA(#2373);
#1980=ORIENTED_EDGE('',*,*,#2374,.F.);
#1981=ORIENTED_EDGE('',*,*,#2375,.T.);
#1982=ORIENTED_EDGE('',*,*,#2344,.T.);
#1983=ORIENTED_EDGE('',*,*,#2376,.F.);
#1984=CARTESIAN_POINT('',(7.08660246088847,3.175,1.57480000000003));
#1985=DIRECTION('',(3.4531337537902E-15,0.0,-1.0));
#1986=DIRECTION('',(-1.0,0.0,-3.4531337537902E-15));
#1987=SURFACE_STYLE_FILL_AREA(#2377);
#1988=ORIENTED_EDGE('',*,*,#2327,.F.);
#1989=ORIENTED_EDGE('',*,*,#2066,.F.);
#1990=ORIENTED_EDGE('',*,*,#2332,.T.);
#1991=ORIENTED_EDGE('',*,*,#2378,.T.);
#1992=ORIENTED_EDGE('',*,*,#2379,.T.);
#1993=ORIENTED_EDGE('',*,*,#2367,.T.);
#1994=CARTESIAN_POINT('',(5.68960246088848,-4.584022,-3.81000239999997));
#1995=DIRECTION('',(-1.0,0.0,-3.4531337537902E-15));
#1996=DIRECTION('',(-3.4531337537902E-15,0.0,1.0));
#1997=SURFACE_STYLE_FILL_AREA(#2380);
#1998=ORIENTED_EDGE('',*,*,#2381,.F.);
#1999=ORIENTED_EDGE('',*,*,#2376,.T.);
#2000=ORIENTED_EDGE('',*,*,#2343,.T.);
#2001=ORIENTED_EDGE('',*,*,#2382,.F.);
#2002=CARTESIAN_POINT('',(7.08660246088848,1.5748,-3.175));
#2003=DIRECTION('',(0.0,-1.0,0.0));
#2004=DIRECTION('',(1.0,0.0,-6.12323399573676E-17));
#2005=SURFACE_STYLE_FILL_AREA(#2383);
#2006=ORIENTED_EDGE('',*,*,#2301,.F.);
#2007=ORIENTED_EDGE('',*,*,#2199,.F.);
#2008=ORIENTED_EDGE('',*,*,#2372,.T.);
#2009=ORIENTED_EDGE('',*,*,#2336,.F.);
#2010=ORIENTED_EDGE('',*,*,#2364,.T.);
#2011=ORIENTED_EDGE('',*,*,#2360,.T.);
#2012=ORIENTED_EDGE('',*,*,#2370,.F.);
#2013=ORIENTED_EDGE('',*,*,#2384,.T.);
#2014=ORIENTED_EDGE('',*,*,#2385,.T.);
#2015=ORIENTED_EDGE('',*,*,#2386,.F.);
#2016=ORIENTED_EDGE('',*,*,#2374,.T.);
#2017=ORIENTED_EDGE('',*,*,#2381,.T.);
#2018=ORIENTED_EDGE('',*,*,#2387,.F.);
#2019=ORIENTED_EDGE('',*,*,#2356,.T.);
#2020=CARTESIAN_POINT('',(7.08660246088847,0.0,3.11223043289141E-14));
#2021=DIRECTION('',(1.0,0.0,3.4531337537902E-15));
#2022=DIRECTION('',(0.0,-1.0,0.0));
#2023=SURFACE_STYLE_FILL_AREA(#2388);
#2024=ORIENTED_EDGE('',*,*,#2384,.F.);
#2025=ORIENTED_EDGE('',*,*,#2369,.T.);
#2026=ORIENTED_EDGE('',*,*,#2348,.T.);
#2027=ORIENTED_EDGE('',*,*,#2389,.F.);
#2028=CARTESIAN_POINT('',(7.08660246088848,1.5748,-3.175));
#2029=DIRECTION('',(0.0,-1.0,0.0));
#2030=DIRECTION('',(1.0,0.0,-6.12323399573676E-17));
#2031=SURFACE_STYLE_FILL_AREA(#2390);
#2032=ORIENTED_EDGE('',*,*,#2382,.T.);
#2033=ORIENTED_EDGE('',*,*,#2342,.T.);
#2034=ORIENTED_EDGE('',*,*,#2391,.T.);
#2035=ORIENTED_EDGE('',*,*,#2378,.F.);
#2036=ORIENTED_EDGE('',*,*,#2331,.F.);
#2037=ORIENTED_EDGE('',*,*,#2354,.T.);
#2038=ORIENTED_EDGE('',*,*,#2357,.F.);
#2039=ORIENTED_EDGE('',*,*,#2387,.T.);
#2040=CARTESIAN_POINT('',(7.08660246088846,1.5748,3.175));
#2041=DIRECTION('',(-3.4531337537902E-15,0.0,1.0));
#2042=DIRECTION('',(-1.0,0.0,-3.4531337537902E-15));
#2043=SURFACE_STYLE_FILL_AREA(#2392);
#2044=ORIENTED_EDGE('',*,*,#2385,.F.);
#2045=ORIENTED_EDGE('',*,*,#2389,.T.);
#2046=ORIENTED_EDGE('',*,*,#2347,.T.);
#2047=ORIENTED_EDGE('',*,*,#2393,.F.);
#2048=CARTESIAN_POINT('',(7.08660246088848,1.5748,-1.57479999999997));
#2049=DIRECTION('',(-3.4531337537902E-15,0.0,1.0));
#2050=DIRECTION('',(-1.0,0.0,-3.4531337537902E-15));
#2051=SURFACE_STYLE_FILL_AREA(#2394);
#2052=ORIENTED_EDGE('',*,*,#2393,.T.);
#2053=ORIENTED_EDGE('',*,*,#2350,.F.);
#2054=ORIENTED_EDGE('',*,*,#2368,.T.);
#2055=ORIENTED_EDGE('',*,*,#2379,.F.);
#2056=ORIENTED_EDGE('',*,*,#2391,.F.);
#2057=ORIENTED_EDGE('',*,*,#2345,.T.);
#2058=ORIENTED_EDGE('',*,*,#2375,.F.);
#2059=ORIENTED_EDGE('',*,*,#2386,.T.);
#2060=CARTESIAN_POINT('',(7.08660246088848,3.175,-1.57479999999997));
#2061=DIRECTION('',(-0.0,1.0,0.0));
#2062=DIRECTION('',(6.12323399573676E-17,0.0,1.0));
#2063=SURFACE_STYLE_FILL_AREA(#2395);
#2064=FILL_AREA_STYLE('',(#2396));
#2065=EDGE_CURVE('',#2397,#2398,#2399,.T.);
#2066=EDGE_CURVE('',#2397,#2400,#2401,.T.);
#2067=EDGE_CURVE('',#2402,#2400,#2403,.T.);
#2068=EDGE_CURVE('',#2398,#2402,#2404,.T.);
#2069=FILL_AREA_STYLE('',(#2405));
#2070=EDGE_CURVE('',#2406,#2407,#2408,.T.);
#2071=EDGE_CURVE('',#2407,#2409,#2410,.T.);
#2072=EDGE_CURVE('',#2406,#2409,#2411,.T.);
#2073=FILL_AREA_STYLE('',(#2412));
#2074=EDGE_CURVE('',#2398,#2413,#2414,.T.);
#2075=EDGE_CURVE('',#2415,#2402,#2416,.T.);
#2076=EDGE_CURVE('',#2417,#2415,#2418,.T.);
#2077=EDGE_CURVE('',#2419,#2417,#2420,.T.);
#2078=EDGE_CURVE('',#2419,#2407,#2421,.T.);
#2079=EDGE_CURVE('',#2422,#2406,#2423,.T.);
#2080=EDGE_CURVE('',#2413,#2422,#2424,.T.);
#2081=FILL_AREA_STYLE('',(#2425));
#2082=EDGE_CURVE('',#2426,#2427,#2428,.T.);
#2083=EDGE_CURVE('',#2426,#2429,#2430,.T.);
#2084=EDGE_CURVE('',#2431,#2429,#2432,.T.);
#2085=EDGE_CURVE('',#2431,#2433,#2434,.T.);
#2086=EDGE_CURVE('',#2435,#2433,#2436,.T.);
#2087=EDGE_CURVE('',#2437,#2435,#2438,.T.);
#2088=EDGE_CURVE('',#2439,#2437,#2440,.T.);
#2089=EDGE_CURVE('',#2439,#2427,#2441,.T.);
#2090=FILL_AREA_STYLE('',(#2442));
#2091=EDGE_CURVE('',#2429,#2443,#2444,.T.);
#2092=EDGE_CURVE('',#2445,#2426,#2446,.T.);
#2093=EDGE_CURVE('',#2443,#2445,#2447,.T.);
#2094=FILL_AREA_STYLE('',(#2448));
#2095=EDGE_CURVE('',#2449,#2450,#2451,.T.);
#2096=EDGE_CURVE('',#2449,#2452,#2453,.T.);
#2097=EDGE_CURVE('',#2454,#2452,#2455,.T.);
#2098=EDGE_CURVE('',#2450,#2454,#2456,.T.);
#2099=FILL_AREA_STYLE('',(#2457));
#2100=EDGE_CURVE('',#2450,#2458,#2459,.T.);
#2101=EDGE_CURVE('',#2460,#2454,#2461,.T.);
#2102=EDGE_CURVE('',#2458,#2460,#2462,.T.);
#2103=FILL_AREA_STYLE('',(#2463));
#2104=EDGE_CURVE('',#2464,#2465,#2466,.T.);
#2105=EDGE_CURVE('',#2464,#2419,#2467,.T.);
#2106=EDGE_CURVE('',#2465,#2417,#2468,.T.);
#2107=FILL_AREA_STYLE('',(#2469));
#2108=EDGE_CURVE('',#2470,#2465,#2471,.T.);
#2109=EDGE_CURVE('',#2470,#2472,#2473,.T.);
#2110=EDGE_CURVE('',#2472,#2464,#2474,.T.);
#2111=FILL_AREA_STYLE('',(#2475));
#2112=EDGE_CURVE('',#2476,#2477,#2478,.T.);
#2113=EDGE_CURVE('',#2476,#2472,#2479,.T.);
#2114=EDGE_CURVE('',#2477,#2470,#2480,.T.);
#2115=FILL_AREA_STYLE('',(#2481));
#2116=EDGE_CURVE('',#2482,#2477,#2483,.T.);
#2117=EDGE_CURVE('',#2482,#2484,#2485,.T.);
#2118=EDGE_CURVE('',#2484,#2476,#2486,.T.);
#2119=FILL_AREA_STYLE('',(#2487));
#2120=EDGE_CURVE('',#2488,#2489,#2490,.T.);
#2121=EDGE_CURVE('',#2488,#2484,#2491,.T.);
#2122=EDGE_CURVE('',#2489,#2482,#2492,.T.);
#2123=FILL_AREA_STYLE('',(#2493));
#2124=EDGE_CURVE('',#2494,#2489,#2495,.T.);
#2125=EDGE_CURVE('',#2494,#2496,#2497,.T.);
#2126=EDGE_CURVE('',#2496,#2488,#2498,.T.);
#2127=FILL_AREA_STYLE('',(#2499));
#2128=EDGE_CURVE('',#2500,#2501,#2502,.T.);
#2129=EDGE_CURVE('',#2500,#2496,#2503,.T.);
#2130=EDGE_CURVE('',#2501,#2494,#2504,.T.);
#2131=FILL_AREA_STYLE('',(#2505));
#2132=EDGE_CURVE('',#2506,#2501,#2507,.T.);
#2133=EDGE_CURVE('',#2506,#2508,#2509,.T.);
#2134=EDGE_CURVE('',#2508,#2500,#2510,.T.);
#2135=FILL_AREA_STYLE('',(#2511));
#2136=EDGE_CURVE('',#2512,#2513,#2514,.T.);
#2137=EDGE_CURVE('',#2512,#2508,#2515,.T.);
#2138=EDGE_CURVE('',#2513,#2506,#2516,.T.);
#2139=FILL_AREA_STYLE('',(#2517));
#2140=EDGE_CURVE('',#2518,#2513,#2519,.T.);
#2141=EDGE_CURVE('',#2518,#2520,#2521,.T.);
#2142=EDGE_CURVE('',#2520,#2512,#2522,.T.);
#2143=FILL_AREA_STYLE('',(#2523));
#2144=EDGE_CURVE('',#2524,#2525,#2526,.T.);
#2145=EDGE_CURVE('',#2435,#2524,#2527,.T.);
#2146=EDGE_CURVE('',#2433,#2525,#2528,.T.);
#2147=FILL_AREA_STYLE('',(#2529));
#2148=EDGE_CURVE('',#2530,#2531,#2532,.T.);
#2149=EDGE_CURVE('',#2530,#2520,#2533,.T.);
#2150=EDGE_CURVE('',#2531,#2518,#2534,.T.);
#2151=FILL_AREA_STYLE('',(#2535));
#2152=EDGE_CURVE('',#2536,#2406,#2537,.T.);
#2153=EDGE_CURVE('',#2536,#2422,#2538,.T.);
#2154=FILL_AREA_STYLE('',(#2539));
#2155=EDGE_CURVE('',#2540,#2409,#2541,.T.);
#2156=EDGE_CURVE('',#2540,#2542,#2543,.T.);
#2157=EDGE_CURVE('',#2542,#2536,#2544,.T.);
#2158=FILL_AREA_STYLE('',(#2545));
#2159=EDGE_CURVE('',#2546,#2547,#2548,.T.);
#2160=EDGE_CURVE('',#2546,#2542,#2549,.T.);
#2161=EDGE_CURVE('',#2547,#2540,#2550,.T.);
#2162=FILL_AREA_STYLE('',(#2551));
#2163=EDGE_CURVE('',#2552,#2547,#2553,.T.);
#2164=EDGE_CURVE('',#2552,#2554,#2555,.T.);
#2165=EDGE_CURVE('',#2554,#2546,#2556,.T.);
#2166=FILL_AREA_STYLE('',(#2557));
#2167=EDGE_CURVE('',#2558,#2559,#2560,.T.);
#2168=EDGE_CURVE('',#2558,#2554,#2561,.T.);
#2169=EDGE_CURVE('',#2559,#2552,#2562,.T.);
#2170=FILL_AREA_STYLE('',(#2563));
#2171=EDGE_CURVE('',#2564,#2559,#2565,.T.);
#2172=EDGE_CURVE('',#2564,#2566,#2567,.T.);
#2173=EDGE_CURVE('',#2566,#2558,#2568,.T.);
#2174=FILL_AREA_STYLE('',(#2569));
#2175=EDGE_CURVE('',#2570,#2571,#2572,.T.);
#2176=EDGE_CURVE('',#2570,#2566,#2573,.T.);
#2177=EDGE_CURVE('',#2571,#2564,#2574,.T.);
#2178=FILL_AREA_STYLE('',(#2575));
#2179=EDGE_CURVE('',#2576,#2571,#2577,.T.);
#2180=EDGE_CURVE('',#2576,#2578,#2579,.T.);
#2181=EDGE_CURVE('',#2578,#2570,#2580,.T.);
#2182=FILL_AREA_STYLE('',(#2581));
#2183=EDGE_CURVE('',#2582,#2583,#2584,.T.);
#2184=EDGE_CURVE('',#2439,#2582,#2585,.T.);
#2185=EDGE_CURVE('',#2437,#2583,#2586,.T.);
#2186=FILL_AREA_STYLE('',(#2587));
#2187=EDGE_CURVE('',#2588,#2589,#2590,.T.);
#2188=EDGE_CURVE('',#2588,#2578,#2591,.T.);
#2189=EDGE_CURVE('',#2589,#2576,#2592,.T.);
#2190=FILL_AREA_STYLE('',(#2593));
#2191=EDGE_CURVE('',#2594,#2595,#2596,.T.);
#2192=EDGE_CURVE('',#2594,#2597,#2598,.T.);
#2193=EDGE_CURVE('',#2599,#2597,#2600,.T.);
#2194=EDGE_CURVE('',#2599,#2595,#2601,.T.);
#2195=FILL_AREA_STYLE('',(#2602));
#2196=EDGE_CURVE('',#2603,#2604,#2605,.T.);
#2197=EDGE_CURVE('',#2603,#2606,#2607,.T.);
#2198=EDGE_CURVE('',#2608,#2606,#2609,.T.);
#2199=EDGE_CURVE('',#2608,#2604,#2610,.T.);
#2200=FILL_AREA_STYLE('',(#2611));
#2201=EDGE_CURVE('',#2612,#2613,#2614,.T.);
#2202=EDGE_CURVE('',#2612,#2615,#2616,.T.);
#2203=EDGE_CURVE('',#2615,#2617,#2618,.T.);
#2204=EDGE_CURVE('',#2617,#2619,#2620,.T.);
#2205=EDGE_CURVE('',#2621,#2619,#2622,.T.);
#2206=EDGE_CURVE('',#2623,#2621,#2624,.T.);
#2207=EDGE_CURVE('',#2613,#2623,#2625,.T.);
#2208=FILL_AREA_STYLE('',(#2626));
#2209=EDGE_CURVE('',#2627,#2628,#2629,.T.);
#2210=EDGE_CURVE('',#2627,#2630,#2631,.T.);
#2211=EDGE_CURVE('',#2632,#2630,#2633,.T.);
#2212=EDGE_CURVE('',#2634,#2632,#2635,.T.);
#2213=EDGE_CURVE('',#2628,#2634,#2636,.T.);
#2214=FILL_AREA_STYLE('',(#2637));
#2215=EDGE_CURVE('',#2638,#2639,#2640,.T.);
#2216=EDGE_CURVE('',#2638,#2641,#2642,.T.);
#2217=EDGE_CURVE('',#2643,#2641,#2644,.T.);
#2218=EDGE_CURVE('',#2643,#2639,#2645,.T.);
#2219=FILL_AREA_STYLE('',(#2646));
#2220=EDGE_CURVE('',#2647,#2638,#2648,.T.);
#2221=EDGE_CURVE('',#2647,#2649,#2650,.T.);
#2222=EDGE_CURVE('',#2641,#2649,#2651,.T.);
#2223=FILL_AREA_STYLE('',(#2652));
#2224=EDGE_CURVE('',#2653,#2623,#2654,.T.);
#2225=EDGE_CURVE('',#2655,#2653,#2656,.T.);
#2226=EDGE_CURVE('',#2655,#2613,#2657,.T.);
#2227=FILL_AREA_STYLE('',(#2658));
#2228=EDGE_CURVE('',#2659,#2660,#2661,.T.);
#2229=EDGE_CURVE('',#2662,#2659,#2663,.F.);
#2230=EDGE_CURVE('',#2664,#2662,#2665,.T.);
#2231=EDGE_CURVE('',#2660,#2664,#2666,.T.);
#2232=FILL_AREA_STYLE('',(#2667));
#2233=EDGE_CURVE('',#2664,#2660,#2668,.T.);
#2234=EDGE_CURVE('',#2595,#2599,#2669,.T.);
#2235=FILL_AREA_STYLE('',(#2670));
#2236=EDGE_CURVE('',#2671,#2672,#2673,.T.);
#2237=EDGE_CURVE('',#2672,#2671,#2674,.T.);
#2238=EDGE_CURVE('',#2606,#2603,#2675,.T.);
#2239=FILL_AREA_STYLE('',(#2676));
#2240=EDGE_CURVE('',#2677,#2662,#2678,.F.);
#2241=EDGE_CURVE('',#2659,#2677,#2679,.F.);
#2242=EDGE_CURVE('',#2630,#2627,#2680,.T.);
#2243=FILL_AREA_STYLE('',(#2681));
#2244=EDGE_CURVE('',#2639,#2643,#2682,.T.);
#2245=FILL_AREA_STYLE('',(#2683));
#2246=FILL_AREA_STYLE('',(#2684));
#2247=EDGE_CURVE('',#2621,#2655,#2685,.T.);
#2248=FILL_AREA_STYLE('',(#2686));
#2249=EDGE_CURVE('',#2641,#2638,#2687,.T.);
#2250=EDGE_CURVE('',#2649,#2647,#2688,.T.);
#2251=FILL_AREA_STYLE('',(#2689));
#2252=FILL_AREA_STYLE('',(#2690));
#2253=EDGE_CURVE('',#2691,#2692,#2693,.T.);
#2254=EDGE_CURVE('',#2694,#2691,#2695,.T.);
#2255=EDGE_CURVE('',#2696,#2694,#2697,.T.);
#2256=EDGE_CURVE('',#2696,#2692,#2698,.T.);
#2257=FILL_AREA_STYLE('',(#2699));
#2258=EDGE_CURVE('',#2700,#2696,#2701,.T.);
#2259=EDGE_CURVE('',#2702,#2694,#2703,.T.);
#2260=EDGE_CURVE('',#2704,#2702,#2705,.T.);
#2261=EDGE_CURVE('',#2704,#2700,#2706,.T.);
#2262=FILL_AREA_STYLE('',(#2707));
#2263=EDGE_CURVE('',#2708,#2709,#2710,.T.);
#2264=EDGE_CURVE('',#2691,#2709,#2711,.T.);
#2265=EDGE_CURVE('',#2712,#2692,#2713,.T.);
#2266=EDGE_CURVE('',#2712,#2708,#2714,.T.);
#2267=FILL_AREA_STYLE('',(#2715));
#2268=EDGE_CURVE('',#2712,#2700,#2716,.T.);
#2269=FILL_AREA_STYLE('',(#2717));
#2270=EDGE_CURVE('',#2718,#2719,#2720,.T.);
#2271=EDGE_CURVE('',#2718,#2721,#2722,.T.);
#2272=EDGE_CURVE('',#2723,#2721,#2724,.T.);
#2273=EDGE_CURVE('',#2719,#2723,#2725,.T.);
#2274=FILL_AREA_STYLE('',(#2726));
#2275=EDGE_CURVE('',#2634,#2727,#2728,.T.);
#2276=EDGE_CURVE('',#2634,#2721,#2729,.T.);
#2277=EDGE_CURVE('',#2727,#2718,#2730,.T.);
#2278=FILL_AREA_STYLE('',(#2731));
#2279=EDGE_CURVE('',#2723,#2732,#2733,.T.);
#2280=EDGE_CURVE('',#2634,#2617,#2734,.T.);
#2281=EDGE_CURVE('',#2617,#2732,#2735,.T.);
#2282=FILL_AREA_STYLE('',(#2736));
#2283=EDGE_CURVE('',#2615,#2737,#2738,.T.);
#2284=EDGE_CURVE('',#2737,#2732,#2739,.T.);
#2285=FILL_AREA_STYLE('',(#2740));
#2286=EDGE_CURVE('',#2737,#2719,#2741,.T.);
#2287=FILL_AREA_STYLE('',(#2742));
#2288=EDGE_CURVE('',#2615,#2727,#2743,.T.);
#2289=FILL_AREA_STYLE('',(#2744));
#2290=EDGE_CURVE('',#2632,#2628,#2745,.T.);
#2291=EDGE_CURVE('',#2708,#2612,#2746,.T.);
#2292=EDGE_CURVE('',#2619,#2704,#2747,.T.);
#2293=FILL_AREA_STYLE('',(#2748));
#2294=EDGE_CURVE('',#2702,#2709,#2749,.T.);
#2295=FILL_AREA_STYLE('',(#2750));
#2296=EDGE_CURVE('',#2704,#2708,#2751,.T.);
#2297=FILL_AREA_STYLE('',(#2752));
#2298=FILL_AREA_STYLE('',(#2753));
#2299=FILL_AREA_STYLE('',(#2754));
#2300=FILL_AREA_STYLE('',(#2755));
#2301=EDGE_CURVE('',#2604,#2608,#2756,.T.);
#2302=FILL_AREA_STYLE('',(#2757));
#2303=EDGE_CURVE('',#2597,#2594,#2758,.T.);
#2304=FILL_AREA_STYLE('',(#2759));
#2305=EDGE_CURVE('',#2582,#2589,#2760,.T.);
#2306=EDGE_CURVE('',#2583,#2588,#2761,.T.);
#2307=FILL_AREA_STYLE('',(#2762));
#2308=EDGE_CURVE('',#2524,#2531,#2763,.T.);
#2309=EDGE_CURVE('',#2525,#2530,#2764,.T.);
#2310=FILL_AREA_STYLE('',(#2765));
#2311=EDGE_CURVE('',#2460,#2458,#2766,.T.);
#2312=FILL_AREA_STYLE('',(#2767));
#2313=EDGE_CURVE('',#2454,#2450,#2768,.T.);
#2314=FILL_AREA_STYLE('',(#2769));
#2315=EDGE_CURVE('',#2452,#2449,#2770,.T.);
#2316=FILL_AREA_STYLE('',(#2771));
#2317=EDGE_CURVE('',#2445,#2443,#2772,.T.);
#2318=FILL_AREA_STYLE('',(#2773));
#2319=EDGE_CURVE('',#2429,#2426,#2774,.T.);
#2320=FILL_AREA_STYLE('',(#2775));
#2321=EDGE_CURVE('',#2427,#2431,#2776,.T.);
#2322=FILL_AREA_STYLE('',(#2777));
#2323=FILL_AREA_STYLE('',(#2778));
#2324=EDGE_CURVE('',#2415,#2413,#2779,.T.);
#2325=EDGE_CURVE('',#2402,#2398,#2780,.T.);
#2326=FILL_AREA_STYLE('',(#2781));
#2327=EDGE_CURVE('',#2400,#2397,#2782,.T.);
#2328=FILL_AREA_STYLE('',(#2783));
#2329=EDGE_CURVE('',#2784,#2785,#2786,.T.);
#2330=EDGE_CURVE('',#2787,#2785,#2788,.T.);
#2331=EDGE_CURVE('',#2787,#2789,#2790,.T.);
#2332=EDGE_CURVE('',#2791,#2789,#2792,.T.);
#2333=EDGE_CURVE('',#2791,#2793,#2794,.T.);
#2334=EDGE_CURVE('',#2795,#2793,#2796,.T.);
#2335=EDGE_CURVE('',#2797,#2795,#2798,.T.);
#2336=EDGE_CURVE('',#2797,#2784,#2799,.T.);
#2337=FILL_AREA_STYLE('',(#2800));
#2338=EDGE_CURVE('',#2793,#2801,#2802,.T.);
#2339=EDGE_CURVE('',#2803,#2801,#2804,.T.);
#2340=EDGE_CURVE('',#2795,#2803,#2805,.T.);
#2341=FILL_AREA_STYLE('',(#2806));
#2342=EDGE_CURVE('',#2807,#2808,#2809,.T.);
#2343=EDGE_CURVE('',#2810,#2807,#2811,.T.);
#2344=EDGE_CURVE('',#2812,#2810,#2813,.T.);
#2345=EDGE_CURVE('',#2808,#2812,#2814,.T.);
#2346=FILL_AREA_STYLE('',(#2815));
#2347=EDGE_CURVE('',#2816,#2817,#2818,.T.);
#2348=EDGE_CURVE('',#2819,#2816,#2820,.T.);
#2349=EDGE_CURVE('',#2819,#2821,#2822,.T.);
#2350=EDGE_CURVE('',#2821,#2817,#2823,.T.);
#2351=FILL_AREA_STYLE('',(#2824));
#2352=EDGE_CURVE('',#2825,#2785,#2826,.T.);
#2353=EDGE_CURVE('',#2827,#2825,#2828,.T.);
#2354=EDGE_CURVE('',#2787,#2827,#2829,.T.);
#2355=FILL_AREA_STYLE('',(#2830));
#2356=EDGE_CURVE('',#2831,#2832,#2833,.T.);
#2357=EDGE_CURVE('',#2831,#2827,#2834,.T.);
#2358=EDGE_CURVE('',#2832,#2825,#2835,.T.);
#2359=FILL_AREA_STYLE('',(#2836));
#2360=EDGE_CURVE('',#2837,#2838,#2839,.T.);
#2361=EDGE_CURVE('',#2837,#2803,#2840,.T.);
#2362=EDGE_CURVE('',#2838,#2801,#2841,.T.);
#2363=FILL_AREA_STYLE('',(#2842));
#2364=EDGE_CURVE('',#2797,#2837,#2843,.T.);
#2365=FILL_AREA_STYLE('',(#2844));
#2366=FILL_AREA_STYLE('',(#2845));
#2367=EDGE_CURVE('',#2846,#2791,#2847,.T.);
#2368=EDGE_CURVE('',#2821,#2846,#2848,.T.);
#2369=EDGE_CURVE('',#2849,#2819,#2850,.T.);
#2370=EDGE_CURVE('',#2849,#2838,#2851,.T.);
#2371=FILL_AREA_STYLE('',(#2852));
#2372=EDGE_CURVE('',#2832,#2784,#2853,.T.);
#2373=FILL_AREA_STYLE('',(#2854));
#2374=EDGE_CURVE('',#2855,#2856,#2857,.T.);
#2375=EDGE_CURVE('',#2855,#2812,#2858,.T.);
#2376=EDGE_CURVE('',#2856,#2810,#2859,.T.);
#2377=FILL_AREA_STYLE('',(#2860));
#2378=EDGE_CURVE('',#2789,#2861,#2862,.T.);
#2379=EDGE_CURVE('',#2861,#2846,#2863,.T.);
#2380=FILL_AREA_STYLE('',(#2864));
#2381=EDGE_CURVE('',#2856,#2865,#2866,.T.);
#2382=EDGE_CURVE('',#2865,#2807,#2867,.T.);
#2383=FILL_AREA_STYLE('',(#2868));
#2384=EDGE_CURVE('',#2849,#2869,#2870,.T.);
#2385=EDGE_CURVE('',#2869,#2871,#2872,.T.);
#2386=EDGE_CURVE('',#2855,#2871,#2873,.T.);
#2387=EDGE_CURVE('',#2831,#2865,#2874,.T.);
#2388=FILL_AREA_STYLE('',(#2875));
#2389=EDGE_CURVE('',#2869,#2816,#2876,.T.);
#2390=FILL_AREA_STYLE('',(#2877));
#2391=EDGE_CURVE('',#2808,#2861,#2878,.T.);
#2392=FILL_AREA_STYLE('',(#2879));
#2393=EDGE_CURVE('',#2871,#2817,#2880,.T.);
#2394=FILL_AREA_STYLE('',(#2881));
#2395=FILL_AREA_STYLE('',(#2882));
#2396=FILL_AREA_STYLE_COLOUR('',#2883);
#2397=VERTEX_POINT('',#2884);
#2398=VERTEX_POINT('',#2885);
#2399=LINE('',#2886,#2887);
#2400=VERTEX_POINT('',#2888);
#2401=CIRCLE('',#2889,2.6797);
#2402=VERTEX_POINT('',#2890);
#2403=LINE('',#2891,#2892);
#2404=CIRCLE('',#2893,2.6797);
#2405=FILL_AREA_STYLE_COLOUR('',#2894);
#2406=VERTEX_POINT('',#2895);
#2407=VERTEX_POINT('',#2896);
#2408=LINE('',#2897,#2898);
#2409=VERTEX_POINT('',#2899);
#2410=CIRCLE('',#2900,3.11909859497695);
#2411=CIRCLE('',#2901,3.128645);
#2412=FILL_AREA_STYLE_COLOUR('',#2902);
#2413=VERTEX_POINT('',#2903);
#2414=LINE('',#2904,#2905);
#2415=VERTEX_POINT('',#2906);
#2416=LINE('',#2907,#2908);
#2417=VERTEX_POINT('',#2909);
#2418=CIRCLE('',#2910,2.74865737498599);
#2419=VERTEX_POINT('',#2911);
#2420=CIRCLE('',#2912,2.74447);
#2421=B_SPLINE_CURVE_WITH_KNOTS('',3,(#2913,#2914,#2915,#2916,#2917,#2918,#2919,#2920,#2921,#2922,#2923,#2924,#2925,#2926,#2927,#2928,#2929,#2930,#2931,#2932,#2933,#2934,#2935,#2936,#2937,#2938,#2939,#2940,#2941,#2942,#2943,#2944,#2945,#2946,#2947,#2948,#2949,#2950,#2951,#2952,#2953,#2954,#2955,#2956,#2957,#2958,#2959,#2960,#2961,#2962,#2963,#2964,#2965,#2966,#2967,#2968,#2969,#2970,#2971,#2972,#2973,#2974,#2975,#2976,#2977,#2978,#2979,#2980,#2981,#2982,#2983,#2984,#2985,#2986,#2987,#2988,#2989,#2990,#2991,#2992,#2993,#2994,#2995,#2996,#2997,#2998,#2999,#3000,#3001,#3002,#3003),.UNSPECIFIED.,.F.,.F.,(4,3,3,2,3,3,2,3,3,3,3,2,3,3,3,3,3,3,3,3,2,3,3,3,3,2,3,3,3,3,2,3,4),(0.0,0.0311022424987405,0.0622653660805907,0.0934611668072867,0.124659633544601,0.155829960074075,0.18694154295868,0.218051447678754,0.24926301459255,0.280553957376203,0.311897741964262,0.343265684129022,0.374627856720615,0.405953956460051,0.437214171433467,0.468380091231158,0.499474163221796,0.53065633829728,0.561923018267104,0.593250307670072,0.624612049121883,0.655980640698294,0.687327805193807,0.718625344748603,0.749845915406473,0.780964001699097,0.812084373717671,0.843299339875762,0.874588299471703,0.905928152676222,0.937294051914235,0.968660096923583,0.999999999999998),.UNSPECIFIED.);
#2422=VERTEX_POINT('',#3004);
#2423=CIRCLE('',#3005,3.128645);
#2424=B_SPLINE_CURVE_WITH_KNOTS('',3,(#3006,#3007,#3008,#3009,#3010,#3011,#3012,#3013,#3014,#3015,#3016,#3017,#3018,#3019,#3020,#3021,#3022,#3023,#3024,#3025,#3026,#3027,#3028,#3029,#3030,#3031,#3032,#3033,#3034,#3035,#3036,#3037,#3038,#3039,#3040,#3041,#3042,#3043,#3044,#3045,#3046,#3047,#3048,#3049,#3050,#3051,#3052,#3053,#3054,#3055,#3056,#3057,#3058,#3059,#3060,#3061,#3062,#3063,#3064,#3065,#3066,#3067,#3068,#3069,#3070,#3071,#3072,#3073,#3074,#3075,#3076,#3077,#3078,#3079,#3080,#3081,#3082,#3083,#3084,#3085,#3086,#3087,#3088,#3089,#3090,#3091,#3092,#3093,#3094,#3095,#3096,#3097,#3098,#3099,#3100,#3101,#3102,#3103,#3104,#3105,#3106,#3107,#3108,#3109,#3110,#3111,#3112),.UNSPECIFIED.,.F.,.F.,(4,3,3,3,2,3,3,3,3,3,3,3,3,2,3,3,3,3,3,3,3,3,3,2,3,3,3,2,3,3,3,3,3,3,2,3,3,4),(1.46988157229011E-15,0.031346193104999,0.062672842697677,0.0938972185443227,0.109447207363151,0.124991611997604,0.156205174991273,0.187525780884276,0.218873862551649,0.250166961791065,0.281326386506765,0.312445224228952,0.34371040501811,0.375051519990781,0.406388494937618,0.437640959864656,0.453211898142415,0.468746669825937,0.499922704489462,0.531222600677711,0.562571422229583,0.593889729974633,0.625099782153128,0.640642422055168,0.656193019151448,0.687413323828668,0.703066258080815,0.718735480870826,0.750083950501457,0.781380578789944,0.812550633893928,0.828085578604112,0.843658136905329,0.874909543164926,0.90624468751393,0.937588346333378,0.968864078680128,0.999999999999899),.UNSPECIFIED.);
#2425=FILL_AREA_STYLE_COLOUR('',#3113);
#2426=VERTEX_POINT('',#3114);
#2427=VERTEX_POINT('',#3115);
#2428=LINE('',#3116,#3117);
#2429=VERTEX_POINT('',#3118);
#2430=CIRCLE('',#3119,2.6797);
#2431=VERTEX_POINT('',#3120);
#2432=LINE('',#3121,#3122);
#2433=VERTEX_POINT('',#3123);
#2434=B_SPLINE_CURVE_WITH_KNOTS('',3,(#3124,#3125,#3126,#3127,#3128,#3129,#3130,#3131,#3132,#3133,#3134,#3135,#3136,#3137,#3138,#3139,#3140,#3141,#3142,#3143,#3144,#3145,#3146,#3147,#3148,#3149,#3150,#3151,#3152,#3153,#3154,#3155,#3156,#3157,#3158,#3159,#3160,#3161,#3162,#3163,#3164,#3165,#3166,#3167,#3168,#3169,#3170,#3171,#3172,#3173,#3174,#3175,#3176,#3177,#3178,#3179,#3180,#3181,#3182,#3183,#3184,#3185,#3186,#3187,#3188,#3189,#3190,#3191,#3192,#3193,#3194,#3195,#3196,#3197,#3198,#3199,#3200,#3201,#3202,#3203,#3204,#3205,#3206,#3207,#3208,#3209,#3210,#3211,#3212,#3213,#3214,#3215,#3216),.UNSPECIFIED.,.F.,.F.,(4,3,3,3,3,2,3,3,3,2,3,3,3,3,2,3,3,3,2,3,3,3,3,3,3,3,3,3,3,3,3,3,4),(1.18745596867327E-16,0.0311292499540388,0.0623634636751334,0.0936750724887039,0.125034213522767,0.156409761182825,0.187770288638272,0.219085006898318,0.250324729442904,0.281462909218496,0.31258311631775,0.343810336183162,0.375117739133586,0.40647502620484,0.437850507906751,0.469212108013606,0.500528340968481,0.531769313664789,0.562907801276601,0.594028881649517,0.625257751046548,0.656566901434056,0.687925393503245,0.719300894769527,0.750660719795767,0.781972845099713,0.813206952277379,0.844335554991812,0.87543769435458,0.906586348308348,0.937750424749124,0.968898519384394,0.999999999999996),.UNSPECIFIED.);
#2435=VERTEX_POINT('',#3217);
#2436=CIRCLE('',#3218,2.74447);
#2437=VERTEX_POINT('',#3219);
#2438=B_SPLINE_CURVE_WITH_KNOTS('',3,(#3220,#3221,#3222,#3223,#3224,#3225,#3226,#3227,#3228,#3229,#3230,#3231,#3232,#3233,#3234,#3235,#3236,#3237,#3238,#3239,#3240,#3241,#3242,#3243,#3244,#3245,#3246,#3247,#3248,#3249,#3250,#3251,#3252,#3253,#3254,#3255,#3256,#3257,#3258,#3259,#3260,#3261,#3262,#3263,#3264,#3265,#3266,#3267,#3268,#3269,#3270,#3271,#3272,#3273,#3274,#3275,#3276,#3277,#3278,#3279,#3280,#3281,#3282,#3283,#3284,#3285,#3286,#3287,#3288,#3289,#3290,#3291,#3292,#3293,#3294,#3295,#3296,#3297,#3298,#3299,#3300,#3301,#3302,#3303,#3304,#3305,#3306,#3307),.UNSPECIFIED.,.F.,.F.,(4,3,3,2,3,3,2,3,3,3,3,2,3,3,3,2,3,3,3,2,3,3,3,3,3,3,3,2,3,3,3,4),(1.36196601884481E-14,0.0311083967066552,0.0622777324315419,0.0934785429782083,0.124681053873574,0.155856110509607,0.186976114903179,0.218088249538204,0.249309498433504,0.280614008837591,0.311970009208042,0.343344728112718,0.374705443578624,0.406020507227464,0.43726039912663,0.468398865619504,0.499521866664833,0.530757299092195,0.562074076450757,0.593437779419109,0.62481309788714,0.656165022645138,0.68746002591902,0.74977269423631,0.780946422218068,0.81222317982831,0.843567114452484,0.874940698900869,0.906306131303918,0.937626684253899,0.968868084327113,0.999999999999993),.UNSPECIFIED.);
#2439=VERTEX_POINT('',#3308);
#2440=CIRCLE('',#3309,3.128645);
#2441=B_SPLINE_CURVE_WITH_KNOTS('',3,(#3310,#3311,#3312,#3313,#3314,#3315,#3316,#3317,#3318,#3319,#3320,#3321,#3322,#3323,#3324,#3325,#3326,#3327,#3328,#3329,#3330,#3331,#3332,#3333,#3334,#3335,#3336,#3337,#3338,#3339,#3340,#3341,#3342,#3343,#3344,#3345,#3346,#3347,#3348,#3349,#3350,#3351,#3352,#3353,#3354,#3355,#3356,#3357,#3358,#3359,#3360,#3361),.UNSPECIFIED.,.F.,.F.,(4,3,3,3,3,3,3,3,3,2,3,3,3,2,3,3,3,2,4),(7.7652100998983E-15,0.031059852578054,0.0621443214663346,0.124514847443591,0.18709256551885,0.249791635105491,0.312521269459482,0.375189860458419,0.437709015026191,0.49999779921423,0.562234451343429,0.624717757149151,0.687367847388294,0.750094082249698,0.812803022787941,0.875402622269646,0.937806487714628,0.968910697356469,1.0),.UNSPECIFIED.);
#2442=FILL_AREA_STYLE_COLOUR('',#3362);
#2443=VERTEX_POINT('',#3363);
#2444=LINE('',#3364,#3365);
#2445=VERTEX_POINT('',#3366);
#2446=LINE('',#3367,#3368);
#2447=CIRCLE('',#3369,2.6797);
#2448=FILL_AREA_STYLE_COLOUR('',#3370);
#2449=VERTEX_POINT('',#3371);
#2450=VERTEX_POINT('',#3372);
#2451=LINE('',#3373,#3374);
#2452=VERTEX_POINT('',#3375);
#2453=CIRCLE('',#3376,2.423795);
#2454=VERTEX_POINT('',#3377);
#2455=LINE('',#3378,#3379);
#2456=CIRCLE('',#3380,2.322195);
#2457=FILL_AREA_STYLE_COLOUR('',#3381);
#2458=VERTEX_POINT('',#3382);
#2459=LINE('',#3383,#3384);
#2460=VERTEX_POINT('',#3385);
#2461=LINE('',#3386,#3387);
#2462=CIRCLE('',#3388,2.322195);
#2463=FILL_AREA_STYLE_COLOUR('',#3389);
#2464=VERTEX_POINT('',#3390);
#2465=VERTEX_POINT('',#3391);
#2466=LINE('',#3392,#3393);
#2467=(B_SPLINE_CURVE(3,(#3395,#3396,#3397,#3398,#3399,#3400,#3401,#3402,#3403,#3404,#3405,#3406,#3407,#3408,#3409,#3410,#3411,#3412,#3413,#3414,#3415,#3416,#3417,#3418,#3419,#3420,#3421,#3422,#3423,#3424,#3425,#3426,#3427,#3428,#3429,#3430,#3431,#3432,#3433,#3434,#3435,#3436,#3437,#3438,#3439,#3440,#3441,#3442,#3443,#3444,#3445,#3446,#3447,#3448,#3449,#3450,#3451,#3452,#3453,#3454,#3455,#3456,#3457,#3458,#3459,#3460,#3461,#3462,#3463,#3464,#3465,#3466,#3467),.UNSPECIFIED.,.F.,.F.)B_SPLINE_CURVE_WITH_KNOTS((4,3,3,3,3,3,3,3,3,3,3,3,3,3,3,3,3,3,3,3,3,3,3,3,4),(0.127775384425131,0.15,0.175,0.2,0.225,0.25,0.275,0.3,0.325,0.35,0.375,0.4,0.425,0.45,0.475,0.5,0.525,0.55,0.575,0.6,0.625,0.65,0.675,0.7,0.720964191799121),.UNSPECIFIED.)RATIONAL_B_SPLINE_CURVE((1.10384210606938,0.945628421760817,0.968205344822294,1.17157287525381,0.942809041582063,0.942809041582063,1.17157287525381,0.942809041582063,0.942809041582063,1.17157287525381,0.942809041582063,0.942809041582063,1.17157287525381,0.942809041582063,0.942809041582063,1.17157287525381,0.942809041582063,0.942809041582063,1.17157287525381,0.942809041582063,0.942809041582063,1.17157287525381,0.942809041582063,0.942809041582063,1.17157287525381,0.942809041582063,0.942809041582063,1.17157287525381,0.942809041582063,0.942809041582063,1.17157287525381,0.942809041582063,0.942809041582063,1.17157287525381,0.942809041582063,0.942809041582063,1.17157287525381,0.942809041582063,0.942809041582063,1.17157287525381,0.942809041582063,0.942809041582063,1.17157287525381,0.942809041582063,0.942809041582063,1.17157287525381,0.942809041582063,0.942809041582063,1.17157287525381,0.942809041582063,0.942809041582063,1.17157287525381,0.942809041582063,0.942809041582063,1.17157287525381,0.942809041582063,0.942809041582063,1.17157287525381,0.942809041582063,0.942809041582063,1.17157287525381,0.942809041582063,0.942809041582063,1.17157287525381,0.942809041582063,0.942809041582063,1.17157287525381,0.942809041582063,0.942809041582063,1.17157287525381,0.979738919821939,0.948770717800381,1.07866826918914))BOUNDED_CURVE()REPRESENTATION_ITEM('')GEOMETRIC_REPRESENTATION_ITEM()CURVE());
#2468=(B_SPLINE_CURVE(3,(#3475,#3476,#3477,#3478,#3479,#3480,#3481,#3482,#3483,#3484,#3485,#3486,#3487,#3488,#3489,#3490,#3491,#3492,#3493,#3494,#3495,#3496,#3497,#3498,#3499,#3500,#3501,#3502,#3503,#3504,#3505,#3506,#3507,#3508,#3509,#3510,#3511,#3512,#3513,#3514,#3515,#3516,#3517,#3518,#3519,#3520,#3521,#3522,#3523,#3524,#3525,#3526,#3527,#3528,#3529,#3530,#3531,#3532,#3533,#3534,#3535,#3536,#3537,#3538,#3539,#3540,#3541,#3542,#3543,#3544,#3545,#3546,#3547,#3548,#3549,#3550),.UNSPECIFIED.,.F.,.F.)B_SPLINE_CURVE_WITH_KNOTS((4,3,3,3,3,3,3,3,3,3,3,3,3,3,3,3,3,3,3,3,3,3,3,3,3,4),(0.107037566240844,0.125,0.15,0.175,0.2,0.225,0.25,0.275,0.3,0.325,0.35,0.375,0.4,0.425,0.45,0.475,0.5,0.525,0.55,0.575,0.6,0.625,0.65,0.675,0.7,0.700472661661142),.UNSPECIFIED.)RATIONAL_B_SPLINE_CURVE((1.03276430576912,0.960937143739478,1.00720666690104,1.17157287525381,0.942809041582063,0.942809041582063,1.17157287525381,0.942809041582063,0.942809041582063,1.17157287525381,0.942809041582063,0.942809041582063,1.17157287525381,0.942809041582063,0.942809041582063,1.17157287525381,0.942809041582063,0.942809041582063,1.17157287525381,0.942809041582063,0.942809041582063,1.17157287525381,0.942809041582063,0.942809041582063,1.17157287525381,0.942809041582063,0.942809041582063,1.17157287525381,0.942809041582063,0.942809041582063,1.17157287525381,0.942809041582063,0.942809041582063,1.17157287525381,0.942809041582063,0.942809041582063,1.17157287525381,0.942809041582063,0.942809041582063,1.17157287525381,0.942809041582063,0.942809041582063,1.17157287525381,0.942809041582063,0.942809041582063,1.17157287525381,0.942809041582063,0.942809041582063,1.17157287525381,0.942809041582063,0.942809041582063,1.17157287525381,0.942809041582063,0.942809041582063,1.17157287525381,0.942809041582063,0.942809041582063,1.17157287525381,0.942809041582063,0.942809041582063,1.17157287525381,0.942809041582063,0.942809041582063,1.17157287525381,0.942809041582063,0.942809041582063,1.17157287525381,0.942809041582063,0.942809041582063,1.17157287525381,0.942809041582063,0.942809041582063,1.17157287525381,1.16724775950851,1.16300441641892,1.15884284598505))BOUNDED_CURVE()REPRESENTATION_ITEM('')GEOMETRIC_REPRESENTATION_ITEM()CURVE());
#2469=FILL_AREA_STYLE_COLOUR('',#3557);
#2470=VERTEX_POINT('',#3558);
#2471=(B_SPLINE_CURVE(3,(#3560,#3561,#3562,#3563,#3564,#3565,#3566,#3567,#3568,#3569,#3570,#3571,#3572,#3573,#3574,#3575,#3576,#3577,#3578,#3579,#3580,#3581,#3582,#3583,#3584,#3585,#3586,#3587,#3588,#3589,#3590,#3591,#3592,#3593,#3594,#3595,#3596,#3597,#3598,#3599,#3600,#3601,#3602,#3603,#3604,#3605,#3606,#3607,#3608,#3609,#3610,#3611,#3612,#3613,#3614,#3615,#3616,#3617,#3618,#3619,#3620,#3621,#3622,#3623,#3624,#3625,#3626,#3627,#3628,#3629,#3630,#3631,#3632,#3633,#3634,#3635),.UNSPECIFIED.,.F.,.F.)B_SPLINE_CURVE_WITH_KNOTS((4,3,3,3,3,3,3,3,3,3,3,3,3,3,3,3,3,3,3,3,3,3,3,3,3,4),(0.107037566240844,0.125,0.15,0.175,0.2,0.225,0.25,0.275,0.3,0.325,0.35,0.375,0.4,0.425,0.45,0.475,0.5,0.525,0.55,0.575,0.6,0.625,0.65,0.675,0.7,0.700472661661142),.UNSPECIFIED.)RATIONAL_B_SPLINE_CURVE((1.03276430576912,0.960937143739478,1.00720666690104,1.17157287525381,0.942809041582063,0.942809041582063,1.17157287525381,0.942809041582063,0.942809041582063,1.17157287525381,0.942809041582063,0.942809041582063,1.17157287525381,0.942809041582063,0.942809041582063,1.17157287525381,0.942809041582063,0.942809041582063,1.17157287525381,0.942809041582063,0.942809041582063,1.17157287525381,0.942809041582063,0.942809041582063,1.17157287525381,0.942809041582063,0.942809041582063,1.17157287525381,0.942809041582063,0.942809041582063,1.17157287525381,0.942809041582063,0.942809041582063,1.17157287525381,0.942809041582063,0.942809041582063,1.17157287525381,0.942809041582063,0.942809041582063,1.17157287525381,0.942809041582063,0.942809041582063,1.17157287525381,0.942809041582063,0.942809041582063,1.17157287525381,0.942809041582063,0.942809041582063,1.17157287525381,0.942809041582063,0.942809041582063,1.17157287525381,0.942809041582063,0.942809041582063,1.17157287525381,0.942809041582063,0.942809041582063,1.17157287525381,0.942809041582063,0.942809041582063,1.17157287525381,0.942809041582063,0.942809041582063,1.17157287525381,0.942809041582063,0.942809041582063,1.17157287525381,0.942809041582063,0.942809041582063,1.17157287525381,0.942809041582063,0.942809041582063,1.17157287525381,1.16724775950851,1.16300441641892,1.15884284598505))BOUNDED_CURVE()REPRESENTATION_ITEM('')GEOMETRIC_REPRESENTATION_ITEM()CURVE());
#2472=VERTEX_POINT('',#3642);
#2473=LINE('',#3643,#3644);
#2474=(B_SPLINE_CURVE(3,(#3646,#3647,#3648,#3649,#3650,#3651,#3652,#3653,#3654,#3655,#3656,#3657,#3658,#3659,#3660,#3661,#3662,#3663,#3664,#3665,#3666,#3667,#3668,#3669,#3670,#3671,#3672,#3673,#3674,#3675,#3676,#3677,#3678,#3679,#3680,#3681,#3682,#3683,#3684,#3685,#3686,#3687,#3688,#3689,#3690,#3691,#3692,#3693,#3694,#3695,#3696,#3697,#3698,#3699,#3700,#3701,#3702,#3703,#3704,#3705,#3706,#3707,#3708,#3709,#3710,#3711,#3712,#3713,#3714,#3715,#3716,#3717,#3718),.UNSPECIFIED.,.F.,.F.)B_SPLINE_CURVE_WITH_KNOTS((4,3,3,3,3,3,3,3,3,3,3,3,3,3,3,3,3,3,3,3,3,3,3,3,4),(0.127775384425131,0.15,0.175,0.2,0.225,0.25,0.275,0.3,0.325,0.35,0.375,0.4,0.425,0.45,0.475,0.5,0.525,0.55,0.575,0.6,0.625,0.65,0.675,0.7,0.720964191799121),.UNSPECIFIED.)RATIONAL_B_SPLINE_CURVE((1.10384210606938,0.945628421760817,0.968205344822294,1.17157287525381,0.942809041582063,0.942809041582063,1.17157287525381,0.942809041582063,0.942809041582063,1.17157287525381,0.942809041582063,0.942809041582063,1.17157287525381,0.942809041582063,0.942809041582063,1.17157287525381,0.942809041582063,0.942809041582063,1.17157287525381,0.942809041582063,0.942809041582063,1.17157287525381,0.942809041582063,0.942809041582063,1.17157287525381,0.942809041582063,0.942809041582063,1.17157287525381,0.942809041582063,0.942809041582063,1.17157287525381,0.942809041582063,0.942809041582063,1.17157287525381,0.942809041582063,0.942809041582063,1.17157287525381,0.942809041582063,0.942809041582063,1.17157287525381,0.942809041582063,0.942809041582063,1.17157287525381,0.942809041582063,0.942809041582063,1.17157287525381,0.942809041582063,0.942809041582063,1.17157287525381,0.942809041582063,0.942809041582063,1.17157287525381,0.942809041582063,0.942809041582063,1.17157287525381,0.942809041582063,0.942809041582063,1.17157287525381,0.942809041582063,0.942809041582063,1.17157287525381,0.942809041582063,0.942809041582063,1.17157287525381,0.942809041582063,0.942809041582063,1.17157287525381,0.942809041582063,0.942809041582063,1.17157287525381,0.979738919821939,0.948770717800381,1.07866826918914))BOUNDED_CURVE()REPRESENTATION_ITEM('')GEOMETRIC_REPRESENTATION_ITEM()CURVE());
#2475=FILL_AREA_STYLE_COLOUR('',#3725);
#2476=VERTEX_POINT('',#3726);
#2477=VERTEX_POINT('',#3727);
#2478=LINE('',#3728,#3729);
#2479=(B_SPLINE_CURVE(3,(#3731,#3732,#3733,#3734,#3735,#3736,#3737,#3738,#3739,#3740,#3741,#3742,#3743,#3744,#3745,#3746,#3747,#3748,#3749,#3750,#3751,#3752,#3753,#3754,#3755,#3756,#3757,#3758,#3759,#3760,#3761,#3762,#3763,#3764,#3765,#3766,#3767,#3768,#3769,#3770,#3771,#3772,#3773,#3774,#3775,#3776,#3777,#3778,#3779,#3780,#3781,#3782,#3783,#3784,#3785,#3786,#3787,#3788,#3789,#3790,#3791,#3792,#3793,#3794,#3795,#3796,#3797,#3798,#3799,#3800,#3801,#3802,#3803),.UNSPECIFIED.,.F.,.F.)B_SPLINE_CURVE_WITH_KNOTS((4,3,3,3,3,3,3,3,3,3,3,3,3,3,3,3,3,3,3,3,3,3,3,3,4),(0.127775384425131,0.15,0.175,0.2,0.225,0.25,0.275,0.3,0.325,0.35,0.375,0.4,0.425,0.45,0.475,0.5,0.525,0.55,0.575,0.6,0.625,0.65,0.675,0.7,0.720964191799121),.UNSPECIFIED.)RATIONAL_B_SPLINE_CURVE((1.10384210606938,0.945628421760817,0.968205344822294,1.17157287525381,0.942809041582063,0.942809041582063,1.17157287525381,0.942809041582063,0.942809041582063,1.17157287525381,0.942809041582063,0.942809041582063,1.17157287525381,0.942809041582063,0.942809041582063,1.17157287525381,0.942809041582063,0.942809041582063,1.17157287525381,0.942809041582063,0.942809041582063,1.17157287525381,0.942809041582063,0.942809041582063,1.17157287525381,0.942809041582063,0.942809041582063,1.17157287525381,0.942809041582063,0.942809041582063,1.17157287525381,0.942809041582063,0.942809041582063,1.17157287525381,0.942809041582063,0.942809041582063,1.17157287525381,0.942809041582063,0.942809041582063,1.17157287525381,0.942809041582063,0.942809041582063,1.17157287525381,0.942809041582063,0.942809041582063,1.17157287525381,0.942809041582063,0.942809041582063,1.17157287525381,0.942809041582063,0.942809041582063,1.17157287525381,0.942809041582063,0.942809041582063,1.17157287525381,0.942809041582063,0.942809041582063,1.17157287525381,0.942809041582063,0.942809041582063,1.17157287525381,0.942809041582063,0.942809041582063,1.17157287525381,0.942809041582063,0.942809041582063,1.17157287525381,0.942809041582063,0.942809041582063,1.17157287525381,0.979738919821939,0.948770717800381,1.07866826918914))BOUNDED_CURVE()REPRESENTATION_ITEM('')GEOMETRIC_REPRESENTATION_ITEM()CURVE());
#2480=(B_SPLINE_CURVE(3,(#3811,#3812,#3813,#3814,#3815,#3816,#3817,#3818,#3819,#3820,#3821,#3822,#3823,#3824,#3825,#3826,#3827,#3828,#3829,#3830,#3831,#3832,#3833,#3834,#3835,#3836,#3837,#3838,#3839,#3840,#3841,#3842,#3843,#3844,#3845,#3846,#3847,#3848,#3849,#3850,#3851,#3852,#3853,#3854,#3855,#3856,#3857,#3858,#3859,#3860,#3861,#3862,#3863,#3864,#3865,#3866,#3867,#3868,#3869,#3870,#3871,#3872,#3873,#3874,#3875,#3876,#3877,#3878,#3879,#3880,#3881,#3882,#3883,#3884,#3885,#3886),.UNSPECIFIED.,.F.,.F.)B_SPLINE_CURVE_WITH_KNOTS((4,3,3,3,3,3,3,3,3,3,3,3,3,3,3,3,3,3,3,3,3,3,3,3,3,4),(0.107037566240844,0.125,0.15,0.175,0.2,0.225,0.25,0.275,0.3,0.325,0.35,0.375,0.4,0.425,0.45,0.475,0.5,0.525,0.55,0.575,0.6,0.625,0.65,0.675,0.7,0.700472661661142),.UNSPECIFIED.)RATIONAL_B_SPLINE_CURVE((1.03276430576912,0.960937143739478,1.00720666690104,1.17157287525381,0.942809041582063,0.942809041582063,1.17157287525381,0.942809041582063,0.942809041582063,1.17157287525381,0.942809041582063,0.942809041582063,1.17157287525381,0.942809041582063,0.942809041582063,1.17157287525381,0.942809041582063,0.942809041582063,1.17157287525381,0.942809041582063,0.942809041582063,1.17157287525381,0.942809041582063,0.942809041582063,1.17157287525381,0.942809041582063,0.942809041582063,1.17157287525381,0.942809041582063,0.942809041582063,1.17157287525381,0.942809041582063,0.942809041582063,1.17157287525381,0.942809041582063,0.942809041582063,1.17157287525381,0.942809041582063,0.942809041582063,1.17157287525381,0.942809041582063,0.942809041582063,1.17157287525381,0.942809041582063,0.942809041582063,1.17157287525381,0.942809041582063,0.942809041582063,1.17157287525381,0.942809041582063,0.942809041582063,1.17157287525381,0.942809041582063,0.942809041582063,1.17157287525381,0.942809041582063,0.942809041582063,1.17157287525381,0.942809041582063,0.942809041582063,1.17157287525381,0.942809041582063,0.942809041582063,1.17157287525381,0.942809041582063,0.942809041582063,1.17157287525381,0.942809041582063,0.942809041582063,1.17157287525381,0.942809041582063,0.942809041582063,1.17157287525381,1.16724775950851,1.16300441641892,1.15884284598505))BOUNDED_CURVE()REPRESENTATION_ITEM('')GEOMETRIC_REPRESENTATION_ITEM()CURVE());
#2481=FILL_AREA_STYLE_COLOUR('',#3893);
#2482=VERTEX_POINT('',#3894);
#2483=(B_SPLINE_CURVE(3,(#3896,#3897,#3898,#3899,#3900,#3901,#3902,#3903,#3904,#3905,#3906,#3907,#3908,#3909,#3910,#3911,#3912,#3913,#3914,#3915,#3916,#3917,#3918,#3919,#3920,#3921,#3922,#3923,#3924,#3925,#3926,#3927,#3928,#3929,#3930,#3931,#3932,#3933,#3934,#3935,#3936,#3937,#3938,#3939,#3940,#3941,#3942,#3943,#3944,#3945,#3946,#3947,#3948,#3949,#3950,#3951,#3952,#3953,#3954,#3955,#3956,#3957,#3958,#3959,#3960,#3961,#3962,#3963,#3964,#3965,#3966,#3967,#3968,#3969,#3970,#3971),.UNSPECIFIED.,.F.,.F.)B_SPLINE_CURVE_WITH_KNOTS((4,3,3,3,3,3,3,3,3,3,3,3,3,3,3,3,3,3,3,3,3,3,3,3,3,4),(0.107037566240844,0.125,0.15,0.175,0.2,0.225,0.25,0.275,0.3,0.325,0.35,0.375,0.4,0.425,0.45,0.475,0.5,0.525,0.55,0.575,0.6,0.625,0.65,0.675,0.7,0.700472661661142),.UNSPECIFIED.)RATIONAL_B_SPLINE_CURVE((1.03276430576912,0.960937143739478,1.00720666690104,1.17157287525381,0.942809041582063,0.942809041582063,1.17157287525381,0.942809041582063,0.942809041582063,1.17157287525381,0.942809041582063,0.942809041582063,1.17157287525381,0.942809041582063,0.942809041582063,1.17157287525381,0.942809041582063,0.942809041582063,1.17157287525381,0.942809041582063,0.942809041582063,1.17157287525381,0.942809041582063,0.942809041582063,1.17157287525381,0.942809041582063,0.942809041582063,1.17157287525381,0.942809041582063,0.942809041582063,1.17157287525381,0.942809041582063,0.942809041582063,1.17157287525381,0.942809041582063,0.942809041582063,1.17157287525381,0.942809041582063,0.942809041582063,1.17157287525381,0.942809041582063,0.942809041582063,1.17157287525381,0.942809041582063,0.942809041582063,1.17157287525381,0.942809041582063,0.942809041582063,1.17157287525381,0.942809041582063,0.942809041582063,1.17157287525381,0.942809041582063,0.942809041582063,1.17157287525381,0.942809041582063,0.942809041582063,1.17157287525381,0.942809041582063,0.942809041582063,1.17157287525381,0.942809041582063,0.942809041582063,1.17157287525381,0.942809041582063,0.942809041582063,1.17157287525381,0.942809041582063,0.942809041582063,1.17157287525381,0.942809041582063,0.942809041582063,1.17157287525381,1.16724775950851,1.16300441641892,1.15884284598505))BOUNDED_CURVE()REPRESENTATION_ITEM('')GEOMETRIC_REPRESENTATION_ITEM()CURVE());
#2484=VERTEX_POINT('',#3978);
#2485=LINE('',#3979,#3980);
#2486=(B_SPLINE_CURVE(3,(#3982,#3983,#3984,#3985,#3986,#3987,#3988,#3989,#3990,#3991,#3992,#3993,#3994,#3995,#3996,#3997,#3998,#3999,#4000,#4001,#4002,#4003,#4004,#4005,#4006,#4007,#4008,#4009,#4010,#4011,#4012,#4013,#4014,#4015,#4016,#4017,#4018,#4019,#4020,#4021,#4022,#4023,#4024,#4025,#4026,#4027,#4028,#4029,#4030,#4031,#4032,#4033,#4034,#4035,#4036,#4037,#4038,#4039,#4040,#4041,#4042,#4043,#4044,#4045,#4046,#4047,#4048,#4049,#4050,#4051,#4052,#4053,#4054),.UNSPECIFIED.,.F.,.F.)B_SPLINE_CURVE_WITH_KNOTS((4,3,3,3,3,3,3,3,3,3,3,3,3,3,3,3,3,3,3,3,3,3,3,3,4),(0.127775384425131,0.15,0.175,0.2,0.225,0.25,0.275,0.3,0.325,0.35,0.375,0.4,0.425,0.45,0.475,0.5,0.525,0.55,0.575,0.6,0.625,0.65,0.675,0.7,0.720964191799121),.UNSPECIFIED.)RATIONAL_B_SPLINE_CURVE((1.10384210606938,0.945628421760817,0.968205344822294,1.17157287525381,0.942809041582063,0.942809041582063,1.17157287525381,0.942809041582063,0.942809041582063,1.17157287525381,0.942809041582063,0.942809041582063,1.17157287525381,0.942809041582063,0.942809041582063,1.17157287525381,0.942809041582063,0.942809041582063,1.17157287525381,0.942809041582063,0.942809041582063,1.17157287525381,0.942809041582063,0.942809041582063,1.17157287525381,0.942809041582063,0.942809041582063,1.17157287525381,0.942809041582063,0.942809041582063,1.17157287525381,0.942809041582063,0.942809041582063,1.17157287525381,0.942809041582063,0.942809041582063,1.17157287525381,0.942809041582063,0.942809041582063,1.17157287525381,0.942809041582063,0.942809041582063,1.17157287525381,0.942809041582063,0.942809041582063,1.17157287525381,0.942809041582063,0.942809041582063,1.17157287525381,0.942809041582063,0.942809041582063,1.17157287525381,0.942809041582063,0.942809041582063,1.17157287525381,0.942809041582063,0.942809041582063,1.17157287525381,0.942809041582063,0.942809041582063,1.17157287525381,0.942809041582063,0.942809041582063,1.17157287525381,0.942809041582063,0.942809041582063,1.17157287525381,0.942809041582063,0.942809041582063,1.17157287525381,0.979738919821939,0.948770717800381,1.07866826918914))BOUNDED_CURVE()REPRESENTATION_ITEM('')GEOMETRIC_REPRESENTATION_ITEM()CURVE());
#2487=FILL_AREA_STYLE_COLOUR('',#4061);
#2488=VERTEX_POINT('',#4062);
#2489=VERTEX_POINT('',#4063);
#2490=LINE('',#4064,#4065);
#2491=(B_SPLINE_CURVE(3,(#4067,#4068,#4069,#4070,#4071,#4072,#4073,#4074,#4075,#4076,#4077,#4078,#4079,#4080,#4081,#4082,#4083,#4084,#4085,#4086,#4087,#4088,#4089,#4090,#4091,#4092,#4093,#4094,#4095,#4096,#4097,#4098,#4099,#4100,#4101,#4102,#4103,#4104,#4105,#4106,#4107,#4108,#4109,#4110,#4111,#4112,#4113,#4114,#4115,#4116,#4117,#4118,#4119,#4120,#4121,#4122,#4123,#4124,#4125,#4126,#4127,#4128,#4129,#4130,#4131,#4132,#4133,#4134,#4135,#4136,#4137,#4138,#4139),.UNSPECIFIED.,.F.,.F.)B_SPLINE_CURVE_WITH_KNOTS((4,3,3,3,3,3,3,3,3,3,3,3,3,3,3,3,3,3,3,3,3,3,3,3,4),(0.127775384425131,0.15,0.175,0.2,0.225,0.25,0.275,0.3,0.325,0.35,0.375,0.4,0.425,0.45,0.475,0.5,0.525,0.55,0.575,0.6,0.625,0.65,0.675,0.7,0.720964191799121),.UNSPECIFIED.)RATIONAL_B_SPLINE_CURVE((1.10384210606938,0.945628421760817,0.968205344822294,1.17157287525381,0.942809041582063,0.942809041582063,1.17157287525381,0.942809041582063,0.942809041582063,1.17157287525381,0.942809041582063,0.942809041582063,1.17157287525381,0.942809041582063,0.942809041582063,1.17157287525381,0.942809041582063,0.942809041582063,1.17157287525381,0.942809041582063,0.942809041582063,1.17157287525381,0.942809041582063,0.942809041582063,1.17157287525381,0.942809041582063,0.942809041582063,1.17157287525381,0.942809041582063,0.942809041582063,1.17157287525381,0.942809041582063,0.942809041582063,1.17157287525381,0.942809041582063,0.942809041582063,1.17157287525381,0.942809041582063,0.942809041582063,1.17157287525381,0.942809041582063,0.942809041582063,1.17157287525381,0.942809041582063,0.942809041582063,1.17157287525381,0.942809041582063,0.942809041582063,1.17157287525381,0.942809041582063,0.942809041582063,1.17157287525381,0.942809041582063,0.942809041582063,1.17157287525381,0.942809041582063,0.942809041582063,1.17157287525381,0.942809041582063,0.942809041582063,1.17157287525381,0.942809041582063,0.942809041582063,1.17157287525381,0.942809041582063,0.942809041582063,1.17157287525381,0.942809041582063,0.942809041582063,1.17157287525381,0.979738919821939,0.948770717800381,1.07866826918914))BOUNDED_CURVE()REPRESENTATION_ITEM('')GEOMETRIC_REPRESENTATION_ITEM()CURVE());
#2492=(B_SPLINE_CURVE(3,(#4147,#4148,#4149,#4150,#4151,#4152,#4153,#4154,#4155,#4156,#4157,#4158,#4159,#4160,#4161,#4162,#4163,#4164,#4165,#4166,#4167,#4168,#4169,#4170,#4171,#4172,#4173,#4174,#4175,#4176,#4177,#4178,#4179,#4180,#4181,#4182,#4183,#4184,#4185,#4186,#4187,#4188,#4189,#4190,#4191,#4192,#4193,#4194,#4195,#4196,#4197,#4198,#4199,#4200,#4201,#4202,#4203,#4204,#4205,#4206,#4207,#4208,#4209,#4210,#4211,#4212,#4213,#4214,#4215,#4216,#4217,#4218,#4219,#4220,#4221,#4222),.UNSPECIFIED.,.F.,.F.)B_SPLINE_CURVE_WITH_KNOTS((4,3,3,3,3,3,3,3,3,3,3,3,3,3,3,3,3,3,3,3,3,3,3,3,3,4),(0.107037566240844,0.125,0.15,0.175,0.2,0.225,0.25,0.275,0.3,0.325,0.35,0.375,0.4,0.425,0.45,0.475,0.5,0.525,0.55,0.575,0.6,0.625,0.65,0.675,0.7,0.700472661661142),.UNSPECIFIED.)RATIONAL_B_SPLINE_CURVE((1.03276430576912,0.960937143739478,1.00720666690104,1.17157287525381,0.942809041582063,0.942809041582063,1.17157287525381,0.942809041582063,0.942809041582063,1.17157287525381,0.942809041582063,0.942809041582063,1.17157287525381,0.942809041582063,0.942809041582063,1.17157287525381,0.942809041582063,0.942809041582063,1.17157287525381,0.942809041582063,0.942809041582063,1.17157287525381,0.942809041582063,0.942809041582063,1.17157287525381,0.942809041582063,0.942809041582063,1.17157287525381,0.942809041582063,0.942809041582063,1.17157287525381,0.942809041582063,0.942809041582063,1.17157287525381,0.942809041582063,0.942809041582063,1.17157287525381,0.942809041582063,0.942809041582063,1.17157287525381,0.942809041582063,0.942809041582063,1.17157287525381,0.942809041582063,0.942809041582063,1.17157287525381,0.942809041582063,0.942809041582063,1.17157287525381,0.942809041582063,0.942809041582063,1.17157287525381,0.942809041582063,0.942809041582063,1.17157287525381,0.942809041582063,0.942809041582063,1.17157287525381,0.942809041582063,0.942809041582063,1.17157287525381,0.942809041582063,0.942809041582063,1.17157287525381,0.942809041582063,0.942809041582063,1.17157287525381,0.942809041582063,0.942809041582063,1.17157287525381,0.942809041582063,0.942809041582063,1.17157287525381,1.16724775950851,1.16300441641892,1.15884284598505))BOUNDED_CURVE()REPRESENTATION_ITEM('')GEOMETRIC_REPRESENTATION_ITEM()CURVE());
#2493=FILL_AREA_STYLE_COLOUR('',#4229);
#2494=VERTEX_POINT('',#4230);
#2495=(B_SPLINE_CURVE(3,(#4232,#4233,#4234,#4235,#4236,#4237,#4238,#4239,#4240,#4241,#4242,#4243,#4244,#4245,#4246,#4247,#4248,#4249,#4250,#4251,#4252,#4253,#4254,#4255,#4256,#4257,#4258,#4259,#4260,#4261,#4262,#4263,#4264,#4265,#4266,#4267,#4268,#4269,#4270,#4271,#4272,#4273,#4274,#4275,#4276,#4277,#4278,#4279,#4280,#4281,#4282,#4283,#4284,#4285,#4286,#4287,#4288,#4289,#4290,#4291,#4292,#4293,#4294,#4295,#4296,#4297,#4298,#4299,#4300,#4301,#4302,#4303,#4304,#4305,#4306,#4307),.UNSPECIFIED.,.F.,.F.)B_SPLINE_CURVE_WITH_KNOTS((4,3,3,3,3,3,3,3,3,3,3,3,3,3,3,3,3,3,3,3,3,3,3,3,3,4),(0.107037566240844,0.125,0.15,0.175,0.2,0.225,0.25,0.275,0.3,0.325,0.35,0.375,0.4,0.425,0.45,0.475,0.5,0.525,0.55,0.575,0.6,0.625,0.65,0.675,0.7,0.700472661661142),.UNSPECIFIED.)RATIONAL_B_SPLINE_CURVE((1.03276430576912,0.960937143739478,1.00720666690104,1.17157287525381,0.942809041582063,0.942809041582063,1.17157287525381,0.942809041582063,0.942809041582063,1.17157287525381,0.942809041582063,0.942809041582063,1.17157287525381,0.942809041582063,0.942809041582063,1.17157287525381,0.942809041582063,0.942809041582063,1.17157287525381,0.942809041582063,0.942809041582063,1.17157287525381,0.942809041582063,0.942809041582063,1.17157287525381,0.942809041582063,0.942809041582063,1.17157287525381,0.942809041582063,0.942809041582063,1.17157287525381,0.942809041582063,0.942809041582063,1.17157287525381,0.942809041582063,0.942809041582063,1.17157287525381,0.942809041582063,0.942809041582063,1.17157287525381,0.942809041582063,0.942809041582063,1.17157287525381,0.942809041582063,0.942809041582063,1.17157287525381,0.942809041582063,0.942809041582063,1.17157287525381,0.942809041582063,0.942809041582063,1.17157287525381,0.942809041582063,0.942809041582063,1.17157287525381,0.942809041582063,0.942809041582063,1.17157287525381,0.942809041582063,0.942809041582063,1.17157287525381,0.942809041582063,0.942809041582063,1.17157287525381,0.942809041582063,0.942809041582063,1.17157287525381,0.942809041582063,0.942809041582063,1.17157287525381,0.942809041582063,0.942809041582063,1.17157287525381,1.16724775950851,1.16300441641892,1.15884284598505))BOUNDED_CURVE()REPRESENTATION_ITEM('')GEOMETRIC_REPRESENTATION_ITEM()CURVE());
#2496=VERTEX_POINT('',#4314);
#2497=LINE('',#4315,#4316);
#2498=(B_SPLINE_CURVE(3,(#4318,#4319,#4320,#4321,#4322,#4323,#4324,#4325,#4326,#4327,#4328,#4329,#4330,#4331,#4332,#4333,#4334,#4335,#4336,#4337,#4338,#4339,#4340,#4341,#4342,#4343,#4344,#4345,#4346,#4347,#4348,#4349,#4350,#4351,#4352,#4353,#4354,#4355,#4356,#4357,#4358,#4359,#4360,#4361,#4362,#4363,#4364,#4365,#4366,#4367,#4368,#4369,#4370,#4371,#4372,#4373,#4374,#4375,#4376,#4377,#4378,#4379,#4380,#4381,#4382,#4383,#4384,#4385,#4386,#4387,#4388,#4389,#4390),.UNSPECIFIED.,.F.,.F.)B_SPLINE_CURVE_WITH_KNOTS((4,3,3,3,3,3,3,3,3,3,3,3,3,3,3,3,3,3,3,3,3,3,3,3,4),(0.127775384425131,0.15,0.175,0.2,0.225,0.25,0.275,0.3,0.325,0.35,0.375,0.4,0.425,0.45,0.475,0.5,0.525,0.55,0.575,0.6,0.625,0.65,0.675,0.7,0.720964191799121),.UNSPECIFIED.)RATIONAL_B_SPLINE_CURVE((1.10384210606938,0.945628421760817,0.968205344822294,1.17157287525381,0.942809041582063,0.942809041582063,1.17157287525381,0.942809041582063,0.942809041582063,1.17157287525381,0.942809041582063,0.942809041582063,1.17157287525381,0.942809041582063,0.942809041582063,1.17157287525381,0.942809041582063,0.942809041582063,1.17157287525381,0.942809041582063,0.942809041582063,1.17157287525381,0.942809041582063,0.942809041582063,1.17157287525381,0.942809041582063,0.942809041582063,1.17157287525381,0.942809041582063,0.942809041582063,1.17157287525381,0.942809041582063,0.942809041582063,1.17157287525381,0.942809041582063,0.942809041582063,1.17157287525381,0.942809041582063,0.942809041582063,1.17157287525381,0.942809041582063,0.942809041582063,1.17157287525381,0.942809041582063,0.942809041582063,1.17157287525381,0.942809041582063,0.942809041582063,1.17157287525381,0.942809041582063,0.942809041582063,1.17157287525381,0.942809041582063,0.942809041582063,1.17157287525381,0.942809041582063,0.942809041582063,1.17157287525381,0.942809041582063,0.942809041582063,1.17157287525381,0.942809041582063,0.942809041582063,1.17157287525381,0.942809041582063,0.942809041582063,1.17157287525381,0.942809041582063,0.942809041582063,1.17157287525381,0.979738919821939,0.948770717800381,1.07866826918914))BOUNDED_CURVE()REPRESENTATION_ITEM('')GEOMETRIC_REPRESENTATION_ITEM()CURVE());
#2499=FILL_AREA_STYLE_COLOUR('',#4397);
#2500=VERTEX_POINT('',#4398);
#2501=VERTEX_POINT('',#4399);
#2502=LINE('',#4400,#4401);
#2503=(B_SPLINE_CURVE(3,(#4403,#4404,#4405,#4406,#4407,#4408,#4409,#4410,#4411,#4412,#4413,#4414,#4415,#4416,#4417,#4418,#4419,#4420,#4421,#4422,#4423,#4424,#4425,#4426,#4427,#4428,#4429,#4430,#4431,#4432,#4433,#4434,#4435,#4436,#4437,#4438,#4439,#4440,#4441,#4442,#4443,#4444,#4445,#4446,#4447,#4448,#4449,#4450,#4451,#4452,#4453,#4454,#4455,#4456,#4457,#4458,#4459,#4460,#4461,#4462,#4463,#4464,#4465,#4466,#4467,#4468,#4469,#4470,#4471,#4472,#4473,#4474,#4475),.UNSPECIFIED.,.F.,.F.)B_SPLINE_CURVE_WITH_KNOTS((4,3,3,3,3,3,3,3,3,3,3,3,3,3,3,3,3,3,3,3,3,3,3,3,4),(0.127775384425131,0.15,0.175,0.2,0.225,0.25,0.275,0.3,0.325,0.35,0.375,0.4,0.425,0.45,0.475,0.5,0.525,0.55,0.575,0.6,0.625,0.65,0.675,0.7,0.720964191799121),.UNSPECIFIED.)RATIONAL_B_SPLINE_CURVE((1.10384210606938,0.945628421760817,0.968205344822294,1.17157287525381,0.942809041582063,0.942809041582063,1.17157287525381,0.942809041582063,0.942809041582063,1.17157287525381,0.942809041582063,0.942809041582063,1.17157287525381,0.942809041582063,0.942809041582063,1.17157287525381,0.942809041582063,0.942809041582063,1.17157287525381,0.942809041582063,0.942809041582063,1.17157287525381,0.942809041582063,0.942809041582063,1.17157287525381,0.942809041582063,0.942809041582063,1.17157287525381,0.942809041582063,0.942809041582063,1.17157287525381,0.942809041582063,0.942809041582063,1.17157287525381,0.942809041582063,0.942809041582063,1.17157287525381,0.942809041582063,0.942809041582063,1.17157287525381,0.942809041582063,0.942809041582063,1.17157287525381,0.942809041582063,0.942809041582063,1.17157287525381,0.942809041582063,0.942809041582063,1.17157287525381,0.942809041582063,0.942809041582063,1.17157287525381,0.942809041582063,0.942809041582063,1.17157287525381,0.942809041582063,0.942809041582063,1.17157287525381,0.942809041582063,0.942809041582063,1.17157287525381,0.942809041582063,0.942809041582063,1.17157287525381,0.942809041582063,0.942809041582063,1.17157287525381,0.942809041582063,0.942809041582063,1.17157287525381,0.979738919821939,0.948770717800381,1.07866826918914))BOUNDED_CURVE()REPRESENTATION_ITEM('')GEOMETRIC_REPRESENTATION_ITEM()CURVE());
#2504=(B_SPLINE_CURVE(3,(#4483,#4484,#4485,#4486,#4487,#4488,#4489,#4490,#4491,#4492,#4493,#4494,#4495,#4496,#4497,#4498,#4499,#4500,#4501,#4502,#4503,#4504,#4505,#4506,#4507,#4508,#4509,#4510,#4511,#4512,#4513,#4514,#4515,#4516,#4517,#4518,#4519,#4520,#4521,#4522,#4523,#4524,#4525,#4526,#4527,#4528,#4529,#4530,#4531,#4532,#4533,#4534,#4535,#4536,#4537,#4538,#4539,#4540,#4541,#4542,#4543,#4544,#4545,#4546,#4547,#4548,#4549,#4550,#4551,#4552,#4553,#4554,#4555,#4556,#4557,#4558),.UNSPECIFIED.,.F.,.F.)B_SPLINE_CURVE_WITH_KNOTS((4,3,3,3,3,3,3,3,3,3,3,3,3,3,3,3,3,3,3,3,3,3,3,3,3,4),(0.107037566240844,0.125,0.15,0.175,0.2,0.225,0.25,0.275,0.3,0.325,0.35,0.375,0.4,0.425,0.45,0.475,0.5,0.525,0.55,0.575,0.6,0.625,0.65,0.675,0.7,0.700472661661142),.UNSPECIFIED.)RATIONAL_B_SPLINE_CURVE((1.03276430576912,0.960937143739478,1.00720666690104,1.17157287525381,0.942809041582063,0.942809041582063,1.17157287525381,0.942809041582063,0.942809041582063,1.17157287525381,0.942809041582063,0.942809041582063,1.17157287525381,0.942809041582063,0.942809041582063,1.17157287525381,0.942809041582063,0.942809041582063,1.17157287525381,0.942809041582063,0.942809041582063,1.17157287525381,0.942809041582063,0.942809041582063,1.17157287525381,0.942809041582063,0.942809041582063,1.17157287525381,0.942809041582063,0.942809041582063,1.17157287525381,0.942809041582063,0.942809041582063,1.17157287525381,0.942809041582063,0.942809041582063,1.17157287525381,0.942809041582063,0.942809041582063,1.17157287525381,0.942809041582063,0.942809041582063,1.17157287525381,0.942809041582063,0.942809041582063,1.17157287525381,0.942809041582063,0.942809041582063,1.17157287525381,0.942809041582063,0.942809041582063,1.17157287525381,0.942809041582063,0.942809041582063,1.17157287525381,0.942809041582063,0.942809041582063,1.17157287525381,0.942809041582063,0.942809041582063,1.17157287525381,0.942809041582063,0.942809041582063,1.17157287525381,0.942809041582063,0.942809041582063,1.17157287525381,0.942809041582063,0.942809041582063,1.17157287525381,0.942809041582063,0.942809041582063,1.17157287525381,1.16724775950851,1.16300441641892,1.15884284598505))BOUNDED_CURVE()REPRESENTATION_ITEM('')GEOMETRIC_REPRESENTATION_ITEM()CURVE());
#2505=FILL_AREA_STYLE_COLOUR('',#4565);
#2506=VERTEX_POINT('',#4566);
#2507=(B_SPLINE_CURVE(3,(#4568,#4569,#4570,#4571,#4572,#4573,#4574,#4575,#4576,#4577,#4578,#4579,#4580,#4581,#4582,#4583,#4584,#4585,#4586,#4587,#4588,#4589,#4590,#4591,#4592,#4593,#4594,#4595,#4596,#4597,#4598,#4599,#4600,#4601,#4602,#4603,#4604,#4605,#4606,#4607,#4608,#4609,#4610,#4611,#4612,#4613,#4614,#4615,#4616,#4617,#4618,#4619,#4620,#4621,#4622,#4623,#4624,#4625,#4626,#4627,#4628,#4629,#4630,#4631,#4632,#4633,#4634,#4635,#4636,#4637,#4638,#4639,#4640,#4641,#4642,#4643),.UNSPECIFIED.,.F.,.F.)B_SPLINE_CURVE_WITH_KNOTS((4,3,3,3,3,3,3,3,3,3,3,3,3,3,3,3,3,3,3,3,3,3,3,3,3,4),(0.107037566240844,0.125,0.15,0.175,0.2,0.225,0.25,0.275,0.3,0.325,0.35,0.375,0.4,0.425,0.45,0.475,0.5,0.525,0.55,0.575,0.6,0.625,0.65,0.675,0.7,0.700472661661142),.UNSPECIFIED.)RATIONAL_B_SPLINE_CURVE((1.03276430576912,0.960937143739478,1.00720666690104,1.17157287525381,0.942809041582063,0.942809041582063,1.17157287525381,0.942809041582063,0.942809041582063,1.17157287525381,0.942809041582063,0.942809041582063,1.17157287525381,0.942809041582063,0.942809041582063,1.17157287525381,0.942809041582063,0.942809041582063,1.17157287525381,0.942809041582063,0.942809041582063,1.17157287525381,0.942809041582063,0.942809041582063,1.17157287525381,0.942809041582063,0.942809041582063,1.17157287525381,0.942809041582063,0.942809041582063,1.17157287525381,0.942809041582063,0.942809041582063,1.17157287525381,0.942809041582063,0.942809041582063,1.17157287525381,0.942809041582063,0.942809041582063,1.17157287525381,0.942809041582063,0.942809041582063,1.17157287525381,0.942809041582063,0.942809041582063,1.17157287525381,0.942809041582063,0.942809041582063,1.17157287525381,0.942809041582063,0.942809041582063,1.17157287525381,0.942809041582063,0.942809041582063,1.17157287525381,0.942809041582063,0.942809041582063,1.17157287525381,0.942809041582063,0.942809041582063,1.17157287525381,0.942809041582063,0.942809041582063,1.17157287525381,0.942809041582063,0.942809041582063,1.17157287525381,0.942809041582063,0.942809041582063,1.17157287525381,0.942809041582063,0.942809041582063,1.17157287525381,1.16724775950851,1.16300441641892,1.15884284598505))BOUNDED_CURVE()REPRESENTATION_ITEM('')GEOMETRIC_REPRESENTATION_ITEM()CURVE());
#2508=VERTEX_POINT('',#4650);
#2509=LINE('',#4651,#4652);
#2510=(B_SPLINE_CURVE(3,(#4654,#4655,#4656,#4657,#4658,#4659,#4660,#4661,#4662,#4663,#4664,#4665,#4666,#4667,#4668,#4669,#4670,#4671,#4672,#4673,#4674,#4675,#4676,#4677,#4678,#4679,#4680,#4681,#4682,#4683,#4684,#4685,#4686,#4687,#4688,#4689,#4690,#4691,#4692,#4693,#4694,#4695,#4696,#4697,#4698,#4699,#4700,#4701,#4702,#4703,#4704,#4705,#4706,#4707,#4708,#4709,#4710,#4711,#4712,#4713,#4714,#4715,#4716,#4717,#4718,#4719,#4720,#4721,#4722,#4723,#4724,#4725,#4726),.UNSPECIFIED.,.F.,.F.)B_SPLINE_CURVE_WITH_KNOTS((4,3,3,3,3,3,3,3,3,3,3,3,3,3,3,3,3,3,3,3,3,3,3,3,4),(0.127775384425131,0.15,0.175,0.2,0.225,0.25,0.275,0.3,0.325,0.35,0.375,0.4,0.425,0.45,0.475,0.5,0.525,0.55,0.575,0.6,0.625,0.65,0.675,0.7,0.720964191799121),.UNSPECIFIED.)RATIONAL_B_SPLINE_CURVE((1.10384210606938,0.945628421760817,0.968205344822294,1.17157287525381,0.942809041582063,0.942809041582063,1.17157287525381,0.942809041582063,0.942809041582063,1.17157287525381,0.942809041582063,0.942809041582063,1.17157287525381,0.942809041582063,0.942809041582063,1.17157287525381,0.942809041582063,0.942809041582063,1.17157287525381,0.942809041582063,0.942809041582063,1.17157287525381,0.942809041582063,0.942809041582063,1.17157287525381,0.942809041582063,0.942809041582063,1.17157287525381,0.942809041582063,0.942809041582063,1.17157287525381,0.942809041582063,0.942809041582063,1.17157287525381,0.942809041582063,0.942809041582063,1.17157287525381,0.942809041582063,0.942809041582063,1.17157287525381,0.942809041582063,0.942809041582063,1.17157287525381,0.942809041582063,0.942809041582063,1.17157287525381,0.942809041582063,0.942809041582063,1.17157287525381,0.942809041582063,0.942809041582063,1.17157287525381,0.942809041582063,0.942809041582063,1.17157287525381,0.942809041582063,0.942809041582063,1.17157287525381,0.942809041582063,0.942809041582063,1.17157287525381,0.942809041582063,0.942809041582063,1.17157287525381,0.942809041582063,0.942809041582063,1.17157287525381,0.942809041582063,0.942809041582063,1.17157287525381,0.979738919821939,0.948770717800381,1.07866826918914))BOUNDED_CURVE()REPRESENTATION_ITEM('')GEOMETRIC_REPRESENTATION_ITEM()CURVE());
#2511=FILL_AREA_STYLE_COLOUR('',#4733);
#2512=VERTEX_POINT('',#4734);
#2513=VERTEX_POINT('',#4735);
#2514=LINE('',#4736,#4737);
#2515=(B_SPLINE_CURVE(3,(#4739,#4740,#4741,#4742,#4743,#4744,#4745,#4746,#4747,#4748,#4749,#4750,#4751,#4752,#4753,#4754,#4755,#4756,#4757,#4758,#4759,#4760,#4761,#4762,#4763,#4764,#4765,#4766,#4767,#4768,#4769,#4770,#4771,#4772,#4773,#4774,#4775,#4776,#4777,#4778,#4779,#4780,#4781,#4782,#4783,#4784,#4785,#4786,#4787,#4788,#4789,#4790,#4791,#4792,#4793,#4794,#4795,#4796,#4797,#4798,#4799,#4800,#4801,#4802,#4803,#4804,#4805,#4806,#4807,#4808,#4809,#4810,#4811),.UNSPECIFIED.,.F.,.F.)B_SPLINE_CURVE_WITH_KNOTS((4,3,3,3,3,3,3,3,3,3,3,3,3,3,3,3,3,3,3,3,3,3,3,3,4),(0.127775384425131,0.15,0.175,0.2,0.225,0.25,0.275,0.3,0.325,0.35,0.375,0.4,0.425,0.45,0.475,0.5,0.525,0.55,0.575,0.6,0.625,0.65,0.675,0.7,0.720964191799121),.UNSPECIFIED.)RATIONAL_B_SPLINE_CURVE((1.10384210606938,0.945628421760817,0.968205344822294,1.17157287525381,0.942809041582063,0.942809041582063,1.17157287525381,0.942809041582063,0.942809041582063,1.17157287525381,0.942809041582063,0.942809041582063,1.17157287525381,0.942809041582063,0.942809041582063,1.17157287525381,0.942809041582063,0.942809041582063,1.17157287525381,0.942809041582063,0.942809041582063,1.17157287525381,0.942809041582063,0.942809041582063,1.17157287525381,0.942809041582063,0.942809041582063,1.17157287525381,0.942809041582063,0.942809041582063,1.17157287525381,0.942809041582063,0.942809041582063,1.17157287525381,0.942809041582063,0.942809041582063,1.17157287525381,0.942809041582063,0.942809041582063,1.17157287525381,0.942809041582063,0.942809041582063,1.17157287525381,0.942809041582063,0.942809041582063,1.17157287525381,0.942809041582063,0.942809041582063,1.17157287525381,0.942809041582063,0.942809041582063,1.17157287525381,0.942809041582063,0.942809041582063,1.17157287525381,0.942809041582063,0.942809041582063,1.17157287525381,0.942809041582063,0.942809041582063,1.17157287525381,0.942809041582063,0.942809041582063,1.17157287525381,0.942809041582063,0.942809041582063,1.17157287525381,0.942809041582063,0.942809041582063,1.17157287525381,0.979738919821939,0.948770717800381,1.07866826918914))BOUNDED_CURVE()REPRESENTATION_ITEM('')GEOMETRIC_REPRESENTATION_ITEM()CURVE());
#2516=(B_SPLINE_CURVE(3,(#4819,#4820,#4821,#4822,#4823,#4824,#4825,#4826,#4827,#4828,#4829,#4830,#4831,#4832,#4833,#4834,#4835,#4836,#4837,#4838,#4839,#4840,#4841,#4842,#4843,#4844,#4845,#4846,#4847,#4848,#4849,#4850,#4851,#4852,#4853,#4854,#4855,#4856,#4857,#4858,#4859,#4860,#4861,#4862,#4863,#4864,#4865,#4866,#4867,#4868,#4869,#4870,#4871,#4872,#4873,#4874,#4875,#4876,#4877,#4878,#4879,#4880,#4881,#4882,#4883,#4884,#4885,#4886,#4887,#4888,#4889,#4890,#4891,#4892,#4893,#4894),.UNSPECIFIED.,.F.,.F.)B_SPLINE_CURVE_WITH_KNOTS((4,3,3,3,3,3,3,3,3,3,3,3,3,3,3,3,3,3,3,3,3,3,3,3,3,4),(0.107037566240844,0.125,0.15,0.175,0.2,0.225,0.25,0.275,0.3,0.325,0.35,0.375,0.4,0.425,0.45,0.475,0.5,0.525,0.55,0.575,0.6,0.625,0.65,0.675,0.7,0.700472661661142),.UNSPECIFIED.)RATIONAL_B_SPLINE_CURVE((1.03276430576912,0.960937143739478,1.00720666690104,1.17157287525381,0.942809041582063,0.942809041582063,1.17157287525381,0.942809041582063,0.942809041582063,1.17157287525381,0.942809041582063,0.942809041582063,1.17157287525381,0.942809041582063,0.942809041582063,1.17157287525381,0.942809041582063,0.942809041582063,1.17157287525381,0.942809041582063,0.942809041582063,1.17157287525381,0.942809041582063,0.942809041582063,1.17157287525381,0.942809041582063,0.942809041582063,1.17157287525381,0.942809041582063,0.942809041582063,1.17157287525381,0.942809041582063,0.942809041582063,1.17157287525381,0.942809041582063,0.942809041582063,1.17157287525381,0.942809041582063,0.942809041582063,1.17157287525381,0.942809041582063,0.942809041582063,1.17157287525381,0.942809041582063,0.942809041582063,1.17157287525381,0.942809041582063,0.942809041582063,1.17157287525381,0.942809041582063,0.942809041582063,1.17157287525381,0.942809041582063,0.942809041582063,1.17157287525381,0.942809041582063,0.942809041582063,1.17157287525381,0.942809041582063,0.942809041582063,1.17157287525381,0.942809041582063,0.942809041582063,1.17157287525381,0.942809041582063,0.942809041582063,1.17157287525381,0.942809041582063,0.942809041582063,1.17157287525381,0.942809041582063,0.942809041582063,1.17157287525381,1.16724775950851,1.16300441641892,1.15884284598505))BOUNDED_CURVE()REPRESENTATION_ITEM('')GEOMETRIC_REPRESENTATION_ITEM()CURVE());
#2517=FILL_AREA_STYLE_COLOUR('',#4901);
#2518=VERTEX_POINT('',#4902);
#2519=(B_SPLINE_CURVE(3,(#4904,#4905,#4906,#4907,#4908,#4909,#4910,#4911,#4912,#4913,#4914,#4915,#4916,#4917,#4918,#4919,#4920,#4921,#4922,#4923,#4924,#4925,#4926,#4927,#4928,#4929,#4930,#4931,#4932,#4933,#4934,#4935,#4936,#4937,#4938,#4939,#4940,#4941,#4942,#4943,#4944,#4945,#4946,#4947,#4948,#4949,#4950,#4951,#4952,#4953,#4954,#4955,#4956,#4957,#4958,#4959,#4960,#4961,#4962,#4963,#4964,#4965,#4966,#4967,#4968,#4969,#4970,#4971,#4972,#4973,#4974,#4975,#4976,#4977,#4978,#4979),.UNSPECIFIED.,.F.,.F.)B_SPLINE_CURVE_WITH_KNOTS((4,3,3,3,3,3,3,3,3,3,3,3,3,3,3,3,3,3,3,3,3,3,3,3,3,4),(0.107037566240844,0.125,0.15,0.175,0.2,0.225,0.25,0.275,0.3,0.325,0.35,0.375,0.4,0.425,0.45,0.475,0.5,0.525,0.55,0.575,0.6,0.625,0.65,0.675,0.7,0.700472661661142),.UNSPECIFIED.)RATIONAL_B_SPLINE_CURVE((1.03276430576912,0.960937143739478,1.00720666690104,1.17157287525381,0.942809041582063,0.942809041582063,1.17157287525381,0.942809041582063,0.942809041582063,1.17157287525381,0.942809041582063,0.942809041582063,1.17157287525381,0.942809041582063,0.942809041582063,1.17157287525381,0.942809041582063,0.942809041582063,1.17157287525381,0.942809041582063,0.942809041582063,1.17157287525381,0.942809041582063,0.942809041582063,1.17157287525381,0.942809041582063,0.942809041582063,1.17157287525381,0.942809041582063,0.942809041582063,1.17157287525381,0.942809041582063,0.942809041582063,1.17157287525381,0.942809041582063,0.942809041582063,1.17157287525381,0.942809041582063,0.942809041582063,1.17157287525381,0.942809041582063,0.942809041582063,1.17157287525381,0.942809041582063,0.942809041582063,1.17157287525381,0.942809041582063,0.942809041582063,1.17157287525381,0.942809041582063,0.942809041582063,1.17157287525381,0.942809041582063,0.942809041582063,1.17157287525381,0.942809041582063,0.942809041582063,1.17157287525381,0.942809041582063,0.942809041582063,1.17157287525381,0.942809041582063,0.942809041582063,1.17157287525381,0.942809041582063,0.942809041582063,1.17157287525381,0.942809041582063,0.942809041582063,1.17157287525381,0.942809041582063,0.942809041582063,1.17157287525381,1.16724775950851,1.16300441641892,1.15884284598505))BOUNDED_CURVE()REPRESENTATION_ITEM('')GEOMETRIC_REPRESENTATION_ITEM()CURVE());
#2520=VERTEX_POINT('',#4986);
#2521=LINE('',#4987,#4988);
#2522=(B_SPLINE_CURVE(3,(#4990,#4991,#4992,#4993,#4994,#4995,#4996,#4997,#4998,#4999,#5000,#5001,#5002,#5003,#5004,#5005,#5006,#5007,#5008,#5009,#5010,#5011,#5012,#5013,#5014,#5015,#5016,#5017,#5018,#5019,#5020,#5021,#5022,#5023,#5024,#5025,#5026,#5027,#5028,#5029,#5030,#5031,#5032,#5033,#5034,#5035,#5036,#5037,#5038,#5039,#5040,#5041,#5042,#5043,#5044,#5045,#5046,#5047,#5048,#5049,#5050,#5051,#5052,#5053,#5054,#5055,#5056,#5057,#5058,#5059,#5060,#5061,#5062),.UNSPECIFIED.,.F.,.F.)B_SPLINE_CURVE_WITH_KNOTS((4,3,3,3,3,3,3,3,3,3,3,3,3,3,3,3,3,3,3,3,3,3,3,3,4),(0.127775384425131,0.15,0.175,0.2,0.225,0.25,0.275,0.3,0.325,0.35,0.375,0.4,0.425,0.45,0.475,0.5,0.525,0.55,0.575,0.6,0.625,0.65,0.675,0.7,0.720964191799121),.UNSPECIFIED.)RATIONAL_B_SPLINE_CURVE((1.10384210606938,0.945628421760817,0.968205344822294,1.17157287525381,0.942809041582063,0.942809041582063,1.17157287525381,0.942809041582063,0.942809041582063,1.17157287525381,0.942809041582063,0.942809041582063,1.17157287525381,0.942809041582063,0.942809041582063,1.17157287525381,0.942809041582063,0.942809041582063,1.17157287525381,0.942809041582063,0.942809041582063,1.17157287525381,0.942809041582063,0.942809041582063,1.17157287525381,0.942809041582063,0.942809041582063,1.17157287525381,0.942809041582063,0.942809041582063,1.17157287525381,0.942809041582063,0.942809041582063,1.17157287525381,0.942809041582063,0.942809041582063,1.17157287525381,0.942809041582063,0.942809041582063,1.17157287525381,0.942809041582063,0.942809041582063,1.17157287525381,0.942809041582063,0.942809041582063,1.17157287525381,0.942809041582063,0.942809041582063,1.17157287525381,0.942809041582063,0.942809041582063,1.17157287525381,0.942809041582063,0.942809041582063,1.17157287525381,0.942809041582063,0.942809041582063,1.17157287525381,0.942809041582063,0.942809041582063,1.17157287525381,0.942809041582063,0.942809041582063,1.17157287525381,0.942809041582063,0.942809041582063,1.17157287525381,0.942809041582063,0.942809041582063,1.17157287525381,0.979738919821939,0.948770717800381,1.07866826918914))BOUNDED_CURVE()REPRESENTATION_ITEM('')GEOMETRIC_REPRESENTATION_ITEM()CURVE());
#2523=FILL_AREA_STYLE_COLOUR('',#5069);
#2524=VERTEX_POINT('',#5070);
#2525=VERTEX_POINT('',#5071);
#2526=LINE('',#5072,#5073);
#2527=(B_SPLINE_CURVE(3,(#5075,#5076,#5077,#5078,#5079,#5080,#5081,#5082,#5083,#5084,#5085,#5086,#5087,#5088,#5089,#5090,#5091,#5092,#5093,#5094,#5095,#5096,#5097,#5098,#5099,#5100,#5101,#5102,#5103,#5104,#5105,#5106,#5107,#5108,#5109,#5110,#5111,#5112,#5113,#5114,#5115,#5116,#5117,#5118,#5119,#5120,#5121,#5122,#5123,#5124,#5125,#5126,#5127,#5128,#5129,#5130,#5131,#5132,#5133,#5134,#5135,#5136,#5137,#5138,#5139,#5140,#5141,#5142,#5143,#5144,#5145,#5146,#5147,#5148,#5149,#5150),.UNSPECIFIED.,.F.,.F.)B_SPLINE_CURVE_WITH_KNOTS((4,3,3,3,3,3,3,3,3,3,3,3,3,3,3,3,3,3,3,3,3,3,3,3,3,4),(0.107037566240844,0.125,0.15,0.175,0.2,0.225,0.25,0.275,0.3,0.325,0.35,0.375,0.4,0.425,0.45,0.475,0.5,0.525,0.55,0.575,0.6,0.625,0.65,0.675,0.7,0.700472661661142),.UNSPECIFIED.)RATIONAL_B_SPLINE_CURVE((1.03276430576912,0.960937143739478,1.00720666690104,1.17157287525381,0.942809041582063,0.942809041582063,1.17157287525381,0.942809041582063,0.942809041582063,1.17157287525381,0.942809041582063,0.942809041582063,1.17157287525381,0.942809041582063,0.942809041582063,1.17157287525381,0.942809041582063,0.942809041582063,1.17157287525381,0.942809041582063,0.942809041582063,1.17157287525381,0.942809041582063,0.942809041582063,1.17157287525381,0.942809041582063,0.942809041582063,1.17157287525381,0.942809041582063,0.942809041582063,1.17157287525381,0.942809041582063,0.942809041582063,1.17157287525381,0.942809041582063,0.942809041582063,1.17157287525381,0.942809041582063,0.942809041582063,1.17157287525381,0.942809041582063,0.942809041582063,1.17157287525381,0.942809041582063,0.942809041582063,1.17157287525381,0.942809041582063,0.942809041582063,1.17157287525381,0.942809041582063,0.942809041582063,1.17157287525381,0.942809041582063,0.942809041582063,1.17157287525381,0.942809041582063,0.942809041582063,1.17157287525381,0.942809041582063,0.942809041582063,1.17157287525381,0.942809041582063,0.942809041582063,1.17157287525381,0.942809041582063,0.942809041582063,1.17157287525381,0.942809041582063,0.942809041582063,1.17157287525381,0.942809041582063,0.942809041582063,1.17157287525381,1.16724775950851,1.16300441641892,1.15884284598505))BOUNDED_CURVE()REPRESENTATION_ITEM('')GEOMETRIC_REPRESENTATION_ITEM()CURVE());
#2528=(B_SPLINE_CURVE(3,(#5158,#5159,#5160,#5161,#5162,#5163,#5164,#5165,#5166,#5167,#5168,#5169,#5170,#5171,#5172,#5173,#5174,#5175,#5176,#5177,#5178,#5179,#5180,#5181,#5182,#5183,#5184,#5185,#5186,#5187,#5188,#5189,#5190,#5191,#5192,#5193,#5194,#5195,#5196,#5197,#5198,#5199,#5200,#5201,#5202,#5203,#5204,#5205,#5206,#5207,#5208,#5209,#5210,#5211,#5212,#5213,#5214,#5215,#5216,#5217,#5218,#5219,#5220,#5221,#5222,#5223,#5224,#5225,#5226,#5227,#5228,#5229,#5230),.UNSPECIFIED.,.F.,.F.)B_SPLINE_CURVE_WITH_KNOTS((4,3,3,3,3,3,3,3,3,3,3,3,3,3,3,3,3,3,3,3,3,3,3,3,4),(0.127775384425131,0.15,0.175,0.2,0.225,0.25,0.275,0.3,0.325,0.35,0.375,0.4,0.425,0.45,0.475,0.5,0.525,0.55,0.575,0.6,0.625,0.65,0.675,0.7,0.720964191799121),.UNSPECIFIED.)RATIONAL_B_SPLINE_CURVE((1.10384210606938,0.945628421760817,0.968205344822294,1.17157287525381,0.942809041582063,0.942809041582063,1.17157287525381,0.942809041582063,0.942809041582063,1.17157287525381,0.942809041582063,0.942809041582063,1.17157287525381,0.942809041582063,0.942809041582063,1.17157287525381,0.942809041582063,0.942809041582063,1.17157287525381,0.942809041582063,0.942809041582063,1.17157287525381,0.942809041582063,0.942809041582063,1.17157287525381,0.942809041582063,0.942809041582063,1.17157287525381,0.942809041582063,0.942809041582063,1.17157287525381,0.942809041582063,0.942809041582063,1.17157287525381,0.942809041582063,0.942809041582063,1.17157287525381,0.942809041582063,0.942809041582063,1.17157287525381,0.942809041582063,0.942809041582063,1.17157287525381,0.942809041582063,0.942809041582063,1.17157287525381,0.942809041582063,0.942809041582063,1.17157287525381,0.942809041582063,0.942809041582063,1.17157287525381,0.942809041582063,0.942809041582063,1.17157287525381,0.942809041582063,0.942809041582063,1.17157287525381,0.942809041582063,0.942809041582063,1.17157287525381,0.942809041582063,0.942809041582063,1.17157287525381,0.942809041582063,0.942809041582063,1.17157287525381,0.942809041582063,0.942809041582063,1.17157287525381,0.979738919821939,0.948770717800381,1.07866826918914))BOUNDED_CURVE()REPRESENTATION_ITEM('')GEOMETRIC_REPRESENTATION_ITEM()CURVE());
#2529=FILL_AREA_STYLE_COLOUR('',#5237);
#2530=VERTEX_POINT('',#5238);
#2531=VERTEX_POINT('',#5239);
#2532=LINE('',#5240,#5241);
#2533=(B_SPLINE_CURVE(3,(#5243,#5244,#5245,#5246,#5247,#5248,#5249,#5250,#5251,#5252,#5253,#5254,#5255,#5256,#5257,#5258,#5259,#5260,#5261,#5262,#5263,#5264,#5265,#5266,#5267,#5268,#5269,#5270,#5271,#5272,#5273,#5274,#5275,#5276,#5277,#5278,#5279,#5280,#5281,#5282,#5283,#5284,#5285,#5286,#5287,#5288,#5289,#5290,#5291,#5292,#5293,#5294,#5295,#5296,#5297,#5298,#5299,#5300,#5301,#5302,#5303,#5304,#5305,#5306,#5307,#5308,#5309,#5310,#5311,#5312,#5313,#5314,#5315),.UNSPECIFIED.,.F.,.F.)B_SPLINE_CURVE_WITH_KNOTS((4,3,3,3,3,3,3,3,3,3,3,3,3,3,3,3,3,3,3,3,3,3,3,3,4),(0.127775384425131,0.15,0.175,0.2,0.225,0.25,0.275,0.3,0.325,0.35,0.375,0.4,0.425,0.45,0.475,0.5,0.525,0.55,0.575,0.6,0.625,0.65,0.675,0.7,0.720964191799121),.UNSPECIFIED.)RATIONAL_B_SPLINE_CURVE((1.10384210606938,0.945628421760817,0.968205344822294,1.17157287525381,0.942809041582063,0.942809041582063,1.17157287525381,0.942809041582063,0.942809041582063,1.17157287525381,0.942809041582063,0.942809041582063,1.17157287525381,0.942809041582063,0.942809041582063,1.17157287525381,0.942809041582063,0.942809041582063,1.17157287525381,0.942809041582063,0.942809041582063,1.17157287525381,0.942809041582063,0.942809041582063,1.17157287525381,0.942809041582063,0.942809041582063,1.17157287525381,0.942809041582063,0.942809041582063,1.17157287525381,0.942809041582063,0.942809041582063,1.17157287525381,0.942809041582063,0.942809041582063,1.17157287525381,0.942809041582063,0.942809041582063,1.17157287525381,0.942809041582063,0.942809041582063,1.17157287525381,0.942809041582063,0.942809041582063,1.17157287525381,0.942809041582063,0.942809041582063,1.17157287525381,0.942809041582063,0.942809041582063,1.17157287525381,0.942809041582063,0.942809041582063,1.17157287525381,0.942809041582063,0.942809041582063,1.17157287525381,0.942809041582063,0.942809041582063,1.17157287525381,0.942809041582063,0.942809041582063,1.17157287525381,0.942809041582063,0.942809041582063,1.17157287525381,0.942809041582063,0.942809041582063,1.17157287525381,0.979738919821939,0.948770717800381,1.07866826918914))BOUNDED_CURVE()REPRESENTATION_ITEM('')GEOMETRIC_REPRESENTATION_ITEM()CURVE());
#2534=(B_SPLINE_CURVE(3,(#5323,#5324,#5325,#5326,#5327,#5328,#5329,#5330,#5331,#5332,#5333,#5334,#5335,#5336,#5337,#5338,#5339,#5340,#5341,#5342,#5343,#5344,#5345,#5346,#5347,#5348,#5349,#5350,#5351,#5352,#5353,#5354,#5355,#5356,#5357,#5358,#5359,#5360,#5361,#5362,#5363,#5364,#5365,#5366,#5367,#5368,#5369,#5370,#5371,#5372,#5373,#5374,#5375,#5376,#5377,#5378,#5379,#5380,#5381,#5382,#5383,#5384,#5385,#5386,#5387,#5388,#5389,#5390,#5391,#5392,#5393,#5394,#5395,#5396,#5397,#5398),.UNSPECIFIED.,.F.,.F.)B_SPLINE_CURVE_WITH_KNOTS((4,3,3,3,3,3,3,3,3,3,3,3,3,3,3,3,3,3,3,3,3,3,3,3,3,4),(0.107037566240844,0.125,0.15,0.175,0.2,0.225,0.25,0.275,0.3,0.325,0.35,0.375,0.4,0.425,0.45,0.475,0.5,0.525,0.55,0.575,0.6,0.625,0.65,0.675,0.7,0.700472661661142),.UNSPECIFIED.)RATIONAL_B_SPLINE_CURVE((1.03276430576912,0.960937143739478,1.00720666690104,1.17157287525381,0.942809041582063,0.942809041582063,1.17157287525381,0.942809041582063,0.942809041582063,1.17157287525381,0.942809041582063,0.942809041582063,1.17157287525381,0.942809041582063,0.942809041582063,1.17157287525381,0.942809041582063,0.942809041582063,1.17157287525381,0.942809041582063,0.942809041582063,1.17157287525381,0.942809041582063,0.942809041582063,1.17157287525381,0.942809041582063,0.942809041582063,1.17157287525381,0.942809041582063,0.942809041582063,1.17157287525381,0.942809041582063,0.942809041582063,1.17157287525381,0.942809041582063,0.942809041582063,1.17157287525381,0.942809041582063,0.942809041582063,1.17157287525381,0.942809041582063,0.942809041582063,1.17157287525381,0.942809041582063,0.942809041582063,1.17157287525381,0.942809041582063,0.942809041582063,1.17157287525381,0.942809041582063,0.942809041582063,1.17157287525381,0.942809041582063,0.942809041582063,1.17157287525381,0.942809041582063,0.942809041582063,1.17157287525381,0.942809041582063,0.942809041582063,1.17157287525381,0.942809041582063,0.942809041582063,1.17157287525381,0.942809041582063,0.942809041582063,1.17157287525381,0.942809041582063,0.942809041582063,1.17157287525381,0.942809041582063,0.942809041582063,1.17157287525381,1.16724775950851,1.16300441641892,1.15884284598505))BOUNDED_CURVE()REPRESENTATION_ITEM('')GEOMETRIC_REPRESENTATION_ITEM()CURVE());
#2535=FILL_AREA_STYLE_COLOUR('',#5405);
#2536=VERTEX_POINT('',#5406);
#2537=LINE('',#5407,#5408);
#2538=(B_SPLINE_CURVE(3,(#5410,#5411,#5412,#5413,#5414,#5415,#5416,#5417,#5418,#5419,#5420,#5421,#5422,#5423,#5424,#5425,#5426,#5427,#5428,#5429,#5430,#5431,#5432,#5433,#5434,#5435,#5436,#5437,#5438,#5439,#5440,#5441,#5442,#5443,#5444,#5445,#5446,#5447,#5448,#5449,#5450,#5451,#5452,#5453,#5454,#5455,#5456,#5457,#5458,#5459,#5460,#5461,#5462,#5463,#5464,#5465,#5466,#5467,#5468,#5469,#5470),.UNSPECIFIED.,.F.,.F.)B_SPLINE_CURVE_WITH_KNOTS((4,3,3,3,3,3,3,3,3,3,3,3,3,3,3,3,3,3,3,3,4),(0.130065477574278,0.15,0.175,0.2,0.225,0.25,0.275,0.3,0.325,0.35,0.375,0.4,0.425,0.45,0.475,0.5,0.525,0.55,0.575,0.6,0.614431337072233),.UNSPECIFIED.)RATIONAL_B_SPLINE_CURVE((1.06069246197982,0.95220082659487,0.989160964352866,1.17157287525381,0.942809041582063,0.942809041582063,1.17157287525381,0.942809041582063,0.942809041582063,1.17157287525381,0.942809041582063,0.942809041582063,1.17157287525381,0.942809041582063,0.942809041582063,1.17157287525381,0.942809041582063,0.942809041582063,1.17157287525381,0.942809041582063,0.942809041582063,1.17157287525381,0.942809041582063,0.942809041582063,1.17157287525381,0.942809041582063,0.942809041582063,1.17157287525381,0.942809041582063,0.942809041582063,1.17157287525381,0.942809041582063,0.942809041582063,1.17157287525381,0.942809041582063,0.942809041582063,1.17157287525381,0.942809041582063,0.942809041582063,1.17157287525381,0.942809041582063,0.942809041582063,1.17157287525381,0.942809041582063,0.942809041582063,1.17157287525381,0.942809041582063,0.942809041582063,1.17157287525381,0.942809041582063,0.942809041582063,1.17157287525381,0.942809041582063,0.942809041582063,1.17157287525381,0.942809041582063,0.942809041582063,1.17157287525381,1.03951815550768,0.983692482666975,1.0040958567317))BOUNDED_CURVE()REPRESENTATION_ITEM('')GEOMETRIC_REPRESENTATION_ITEM()CURVE());
#2539=FILL_AREA_STYLE_COLOUR('',#5477);
#2540=VERTEX_POINT('',#5478);
#2541=(B_SPLINE_CURVE(3,(#5480,#5481,#5482,#5483,#5484,#5485,#5486,#5487,#5488,#5489,#5490,#5491,#5492,#5493,#5494,#5495,#5496,#5497,#5498,#5499,#5500,#5501,#5502,#5503,#5504,#5505,#5506,#5507,#5508,#5509,#5510,#5511,#5512,#5513,#5514,#5515,#5516,#5517,#5518,#5519,#5520,#5521,#5522,#5523,#5524,#5525,#5526,#5527,#5528,#5529,#5530,#5531,#5532,#5533,#5534,#5535,#5536,#5537,#5538,#5539,#5540),.UNSPECIFIED.,.F.,.F.)B_SPLINE_CURVE_WITH_KNOTS((4,3,3,3,3,3,3,3,3,3,3,3,3,3,3,3,3,3,3,3,4),(0.213406423661377,0.225,0.25,0.275,0.3,0.325,0.35,0.375,0.4,0.425,0.45,0.475,0.5,0.525,0.55,0.575,0.6,0.625,0.65,0.675,0.698040520785893),.UNSPECIFIED.)RATIONAL_B_SPLINE_CURVE((1.00090217558742,1.0085950032641,1.06548523648623,1.17157287525381,0.942809041582063,0.942809041582063,1.17157287525381,0.942809041582063,0.942809041582063,1.17157287525381,0.942809041582063,0.942809041582063,1.17157287525381,0.942809041582063,0.942809041582063,1.17157287525381,0.942809041582063,0.942809041582063,1.17157287525381,0.942809041582063,0.942809041582063,1.17157287525381,0.942809041582063,0.942809041582063,1.17157287525381,0.942809041582063,0.942809041582063,1.17157287525381,0.942809041582063,0.942809041582063,1.17157287525381,0.942809041582063,0.942809041582063,1.17157287525381,0.942809041582063,0.942809041582063,1.17157287525381,0.942809041582063,0.942809041582063,1.17157287525381,0.942809041582063,0.942809041582063,1.17157287525381,0.942809041582063,0.942809041582063,1.17157287525381,0.942809041582063,0.942809041582063,1.17157287525381,0.942809041582063,0.942809041582063,1.17157287525381,0.942809041582063,0.942809041582063,1.17157287525381,0.942809041582063,0.942809041582063,1.17157287525381,0.96073936066283,0.944214405083706,1.12199800851644))BOUNDED_CURVE()REPRESENTATION_ITEM('')GEOMETRIC_REPRESENTATION_ITEM()CURVE());
#2542=VERTEX_POINT('',#5547);
#2543=LINE('',#5548,#5549);
#2544=(B_SPLINE_CURVE(3,(#5551,#5552,#5553,#5554,#5555,#5556,#5557,#5558,#5559,#5560,#5561,#5562,#5563,#5564,#5565,#5566,#5567,#5568,#5569,#5570,#5571,#5572,#5573,#5574,#5575,#5576,#5577,#5578,#5579,#5580,#5581,#5582,#5583,#5584,#5585,#5586,#5587,#5588,#5589,#5590,#5591,#5592,#5593,#5594,#5595,#5596,#5597,#5598,#5599,#5600,#5601,#5602,#5603,#5604,#5605,#5606,#5607,#5608,#5609,#5610,#5611),.UNSPECIFIED.,.F.,.F.)B_SPLINE_CURVE_WITH_KNOTS((4,3,3,3,3,3,3,3,3,3,3,3,3,3,3,3,3,3,3,3,4),(0.130065477574278,0.15,0.175,0.2,0.225,0.25,0.275,0.3,0.325,0.35,0.375,0.4,0.425,0.45,0.475,0.5,0.525,0.55,0.575,0.6,0.614431337072233),.UNSPECIFIED.)RATIONAL_B_SPLINE_CURVE((1.06069246197982,0.95220082659487,0.989160964352866,1.17157287525381,0.942809041582063,0.942809041582063,1.17157287525381,0.942809041582063,0.942809041582063,1.17157287525381,0.942809041582063,0.942809041582063,1.17157287525381,0.942809041582063,0.942809041582063,1.17157287525381,0.942809041582063,0.942809041582063,1.17157287525381,0.942809041582063,0.942809041582063,1.17157287525381,0.942809041582063,0.942809041582063,1.17157287525381,0.942809041582063,0.942809041582063,1.17157287525381,0.942809041582063,0.942809041582063,1.17157287525381,0.942809041582063,0.942809041582063,1.17157287525381,0.942809041582063,0.942809041582063,1.17157287525381,0.942809041582063,0.942809041582063,1.17157287525381,0.942809041582063,0.942809041582063,1.17157287525381,0.942809041582063,0.942809041582063,1.17157287525381,0.942809041582063,0.942809041582063,1.17157287525381,0.942809041582063,0.942809041582063,1.17157287525381,0.942809041582063,0.942809041582063,1.17157287525381,0.942809041582063,0.942809041582063,1.17157287525381,1.03951815550768,0.983692482666975,1.0040958567317))BOUNDED_CURVE()REPRESENTATION_ITEM('')GEOMETRIC_REPRESENTATION_ITEM()CURVE());
#2545=FILL_AREA_STYLE_COLOUR('',#5618);
#2546=VERTEX_POINT('',#5619);
#2547=VERTEX_POINT('',#5620);
#2548=LINE('',#5621,#5622);
#2549=(B_SPLINE_CURVE(3,(#5624,#5625,#5626,#5627,#5628,#5629,#5630,#5631,#5632,#5633,#5634,#5635,#5636,#5637,#5638,#5639,#5640,#5641,#5642,#5643,#5644,#5645,#5646,#5647,#5648,#5649,#5650,#5651,#5652,#5653,#5654,#5655,#5656,#5657,#5658,#5659,#5660,#5661,#5662,#5663,#5664,#5665,#5666,#5667,#5668,#5669,#5670,#5671,#5672,#5673,#5674,#5675,#5676,#5677,#5678,#5679,#5680,#5681,#5682,#5683,#5684),.UNSPECIFIED.,.F.,.F.)B_SPLINE_CURVE_WITH_KNOTS((4,3,3,3,3,3,3,3,3,3,3,3,3,3,3,3,3,3,3,3,4),(0.130065477574278,0.15,0.175,0.2,0.225,0.25,0.275,0.3,0.325,0.35,0.375,0.4,0.425,0.45,0.475,0.5,0.525,0.55,0.575,0.6,0.614431337072233),.UNSPECIFIED.)RATIONAL_B_SPLINE_CURVE((1.06069246197982,0.95220082659487,0.989160964352866,1.17157287525381,0.942809041582063,0.942809041582063,1.17157287525381,0.942809041582063,0.942809041582063,1.17157287525381,0.942809041582063,0.942809041582063,1.17157287525381,0.942809041582063,0.942809041582063,1.17157287525381,0.942809041582063,0.942809041582063,1.17157287525381,0.942809041582063,0.942809041582063,1.17157287525381,0.942809041582063,0.942809041582063,1.17157287525381,0.942809041582063,0.942809041582063,1.17157287525381,0.942809041582063,0.942809041582063,1.17157287525381,0.942809041582063,0.942809041582063,1.17157287525381,0.942809041582063,0.942809041582063,1.17157287525381,0.942809041582063,0.942809041582063,1.17157287525381,0.942809041582063,0.942809041582063,1.17157287525381,0.942809041582063,0.942809041582063,1.17157287525381,0.942809041582063,0.942809041582063,1.17157287525381,0.942809041582063,0.942809041582063,1.17157287525381,0.942809041582063,0.942809041582063,1.17157287525381,0.942809041582063,0.942809041582063,1.17157287525381,1.03951815550768,0.983692482666975,1.0040958567317))BOUNDED_CURVE()REPRESENTATION_ITEM('')GEOMETRIC_REPRESENTATION_ITEM()CURVE());
#2550=(B_SPLINE_CURVE(3,(#5692,#5693,#5694,#5695,#5696,#5697,#5698,#5699,#5700,#5701,#5702,#5703,#5704,#5705,#5706,#5707,#5708,#5709,#5710,#5711,#5712,#5713,#5714,#5715,#5716,#5717,#5718,#5719,#5720,#5721,#5722,#5723,#5724,#5725,#5726,#5727,#5728,#5729,#5730,#5731,#5732,#5733,#5734,#5735,#5736,#5737,#5738,#5739,#5740,#5741,#5742,#5743,#5744,#5745,#5746,#5747,#5748,#5749,#5750,#5751,#5752),.UNSPECIFIED.,.F.,.F.)B_SPLINE_CURVE_WITH_KNOTS((4,3,3,3,3,3,3,3,3,3,3,3,3,3,3,3,3,3,3,3,4),(0.213406423661377,0.225,0.25,0.275,0.3,0.325,0.35,0.375,0.4,0.425,0.45,0.475,0.5,0.525,0.55,0.575,0.6,0.625,0.65,0.675,0.698040520785893),.UNSPECIFIED.)RATIONAL_B_SPLINE_CURVE((1.00090217558742,1.0085950032641,1.06548523648623,1.17157287525381,0.942809041582063,0.942809041582063,1.17157287525381,0.942809041582063,0.942809041582063,1.17157287525381,0.942809041582063,0.942809041582063,1.17157287525381,0.942809041582063,0.942809041582063,1.17157287525381,0.942809041582063,0.942809041582063,1.17157287525381,0.942809041582063,0.942809041582063,1.17157287525381,0.942809041582063,0.942809041582063,1.17157287525381,0.942809041582063,0.942809041582063,1.17157287525381,0.942809041582063,0.942809041582063,1.17157287525381,0.942809041582063,0.942809041582063,1.17157287525381,0.942809041582063,0.942809041582063,1.17157287525381,0.942809041582063,0.942809041582063,1.17157287525381,0.942809041582063,0.942809041582063,1.17157287525381,0.942809041582063,0.942809041582063,1.17157287525381,0.942809041582063,0.942809041582063,1.17157287525381,0.942809041582063,0.942809041582063,1.17157287525381,0.942809041582063,0.942809041582063,1.17157287525381,0.942809041582063,0.942809041582063,1.17157287525381,0.96073936066283,0.944214405083706,1.12199800851644))BOUNDED_CURVE()REPRESENTATION_ITEM('')GEOMETRIC_REPRESENTATION_ITEM()CURVE());
#2551=FILL_AREA_STYLE_COLOUR('',#5759);
#2552=VERTEX_POINT('',#5760);
#2553=(B_SPLINE_CURVE(3,(#5762,#5763,#5764,#5765,#5766,#5767,#5768,#5769,#5770,#5771,#5772,#5773,#5774,#5775,#5776,#5777,#5778,#5779,#5780,#5781,#5782,#5783,#5784,#5785,#5786,#5787,#5788,#5789,#5790,#5791,#5792,#5793,#5794,#5795,#5796,#5797,#5798,#5799,#5800,#5801,#5802,#5803,#5804,#5805,#5806,#5807,#5808,#5809,#5810,#5811,#5812,#5813,#5814,#5815,#5816,#5817,#5818,#5819,#5820,#5821,#5822),.UNSPECIFIED.,.F.,.F.)B_SPLINE_CURVE_WITH_KNOTS((4,3,3,3,3,3,3,3,3,3,3,3,3,3,3,3,3,3,3,3,4),(0.213406423661377,0.225,0.25,0.275,0.3,0.325,0.35,0.375,0.4,0.425,0.45,0.475,0.5,0.525,0.55,0.575,0.6,0.625,0.65,0.675,0.698040520785893),.UNSPECIFIED.)RATIONAL_B_SPLINE_CURVE((1.00090217558742,1.0085950032641,1.06548523648623,1.17157287525381,0.942809041582063,0.942809041582063,1.17157287525381,0.942809041582063,0.942809041582063,1.17157287525381,0.942809041582063,0.942809041582063,1.17157287525381,0.942809041582063,0.942809041582063,1.17157287525381,0.942809041582063,0.942809041582063,1.17157287525381,0.942809041582063,0.942809041582063,1.17157287525381,0.942809041582063,0.942809041582063,1.17157287525381,0.942809041582063,0.942809041582063,1.17157287525381,0.942809041582063,0.942809041582063,1.17157287525381,0.942809041582063,0.942809041582063,1.17157287525381,0.942809041582063,0.942809041582063,1.17157287525381,0.942809041582063,0.942809041582063,1.17157287525381,0.942809041582063,0.942809041582063,1.17157287525381,0.942809041582063,0.942809041582063,1.17157287525381,0.942809041582063,0.942809041582063,1.17157287525381,0.942809041582063,0.942809041582063,1.17157287525381,0.942809041582063,0.942809041582063,1.17157287525381,0.942809041582063,0.942809041582063,1.17157287525381,0.96073936066283,0.944214405083706,1.12199800851644))BOUNDED_CURVE()REPRESENTATION_ITEM('')GEOMETRIC_REPRESENTATION_ITEM()CURVE());
#2554=VERTEX_POINT('',#5829);
#2555=LINE('',#5830,#5831);
#2556=(B_SPLINE_CURVE(3,(#5833,#5834,#5835,#5836,#5837,#5838,#5839,#5840,#5841,#5842,#5843,#5844,#5845,#5846,#5847,#5848,#5849,#5850,#5851,#5852,#5853,#5854,#5855,#5856,#5857,#5858,#5859,#5860,#5861,#5862,#5863,#5864,#5865,#5866,#5867,#5868,#5869,#5870,#5871,#5872,#5873,#5874,#5875,#5876,#5877,#5878,#5879,#5880,#5881,#5882,#5883,#5884,#5885,#5886,#5887,#5888,#5889,#5890,#5891,#5892,#5893),.UNSPECIFIED.,.F.,.F.)B_SPLINE_CURVE_WITH_KNOTS((4,3,3,3,3,3,3,3,3,3,3,3,3,3,3,3,3,3,3,3,4),(0.130065477574278,0.15,0.175,0.2,0.225,0.25,0.275,0.3,0.325,0.35,0.375,0.4,0.425,0.45,0.475,0.5,0.525,0.55,0.575,0.6,0.614431337072233),.UNSPECIFIED.)RATIONAL_B_SPLINE_CURVE((1.06069246197982,0.95220082659487,0.989160964352866,1.17157287525381,0.942809041582063,0.942809041582063,1.17157287525381,0.942809041582063,0.942809041582063,1.17157287525381,0.942809041582063,0.942809041582063,1.17157287525381,0.942809041582063,0.942809041582063,1.17157287525381,0.942809041582063,0.942809041582063,1.17157287525381,0.942809041582063,0.942809041582063,1.17157287525381,0.942809041582063,0.942809041582063,1.17157287525381,0.942809041582063,0.942809041582063,1.17157287525381,0.942809041582063,0.942809041582063,1.17157287525381,0.942809041582063,0.942809041582063,1.17157287525381,0.942809041582063,0.942809041582063,1.17157287525381,0.942809041582063,0.942809041582063,1.17157287525381,0.942809041582063,0.942809041582063,1.17157287525381,0.942809041582063,0.942809041582063,1.17157287525381,0.942809041582063,0.942809041582063,1.17157287525381,0.942809041582063,0.942809041582063,1.17157287525381,0.942809041582063,0.942809041582063,1.17157287525381,0.942809041582063,0.942809041582063,1.17157287525381,1.03951815550768,0.983692482666975,1.0040958567317))BOUNDED_CURVE()REPRESENTATION_ITEM('')GEOMETRIC_REPRESENTATION_ITEM()CURVE());
#2557=FILL_AREA_STYLE_COLOUR('',#5900);
#2558=VERTEX_POINT('',#5901);
#2559=VERTEX_POINT('',#5902);
#2560=LINE('',#5903,#5904);
#2561=(B_SPLINE_CURVE(3,(#5906,#5907,#5908,#5909,#5910,#5911,#5912,#5913,#5914,#5915,#5916,#5917,#5918,#5919,#5920,#5921,#5922,#5923,#5924,#5925,#5926,#5927,#5928,#5929,#5930,#5931,#5932,#5933,#5934,#5935,#5936,#5937,#5938,#5939,#5940,#5941,#5942,#5943,#5944,#5945,#5946,#5947,#5948,#5949,#5950,#5951,#5952,#5953,#5954,#5955,#5956,#5957,#5958,#5959,#5960,#5961,#5962,#5963,#5964,#5965,#5966),.UNSPECIFIED.,.F.,.F.)B_SPLINE_CURVE_WITH_KNOTS((4,3,3,3,3,3,3,3,3,3,3,3,3,3,3,3,3,3,3,3,4),(0.130065477574278,0.15,0.175,0.2,0.225,0.25,0.275,0.3,0.325,0.35,0.375,0.4,0.425,0.45,0.475,0.5,0.525,0.55,0.575,0.6,0.614431337072233),.UNSPECIFIED.)RATIONAL_B_SPLINE_CURVE((1.06069246197982,0.95220082659487,0.989160964352866,1.17157287525381,0.942809041582063,0.942809041582063,1.17157287525381,0.942809041582063,0.942809041582063,1.17157287525381,0.942809041582063,0.942809041582063,1.17157287525381,0.942809041582063,0.942809041582063,1.17157287525381,0.942809041582063,0.942809041582063,1.17157287525381,0.942809041582063,0.942809041582063,1.17157287525381,0.942809041582063,0.942809041582063,1.17157287525381,0.942809041582063,0.942809041582063,1.17157287525381,0.942809041582063,0.942809041582063,1.17157287525381,0.942809041582063,0.942809041582063,1.17157287525381,0.942809041582063,0.942809041582063,1.17157287525381,0.942809041582063,0.942809041582063,1.17157287525381,0.942809041582063,0.942809041582063,1.17157287525381,0.942809041582063,0.942809041582063,1.17157287525381,0.942809041582063,0.942809041582063,1.17157287525381,0.942809041582063,0.942809041582063,1.17157287525381,0.942809041582063,0.942809041582063,1.17157287525381,0.942809041582063,0.942809041582063,1.17157287525381,1.03951815550768,0.983692482666975,1.0040958567317))BOUNDED_CURVE()REPRESENTATION_ITEM('')GEOMETRIC_REPRESENTATION_ITEM()CURVE());
#2562=(B_SPLINE_CURVE(3,(#5974,#5975,#5976,#5977,#5978,#5979,#5980,#5981,#5982,#5983,#5984,#5985,#5986,#5987,#5988,#5989,#5990,#5991,#5992,#5993,#5994,#5995,#5996,#5997,#5998,#5999,#6000,#6001,#6002,#6003,#6004,#6005,#6006,#6007,#6008,#6009,#6010,#6011,#6012,#6013,#6014,#6015,#6016,#6017,#6018,#6019,#6020,#6021,#6022,#6023,#6024,#6025,#6026,#6027,#6028,#6029,#6030,#6031,#6032,#6033,#6034),.UNSPECIFIED.,.F.,.F.)B_SPLINE_CURVE_WITH_KNOTS((4,3,3,3,3,3,3,3,3,3,3,3,3,3,3,3,3,3,3,3,4),(0.213406423661377,0.225,0.25,0.275,0.3,0.325,0.35,0.375,0.4,0.425,0.45,0.475,0.5,0.525,0.55,0.575,0.6,0.625,0.65,0.675,0.698040520785893),.UNSPECIFIED.)RATIONAL_B_SPLINE_CURVE((1.00090217558742,1.0085950032641,1.06548523648623,1.17157287525381,0.942809041582063,0.942809041582063,1.17157287525381,0.942809041582063,0.942809041582063,1.17157287525381,0.942809041582063,0.942809041582063,1.17157287525381,0.942809041582063,0.942809041582063,1.17157287525381,0.942809041582063,0.942809041582063,1.17157287525381,0.942809041582063,0.942809041582063,1.17157287525381,0.942809041582063,0.942809041582063,1.17157287525381,0.942809041582063,0.942809041582063,1.17157287525381,0.942809041582063,0.942809041582063,1.17157287525381,0.942809041582063,0.942809041582063,1.17157287525381,0.942809041582063,0.942809041582063,1.17157287525381,0.942809041582063,0.942809041582063,1.17157287525381,0.942809041582063,0.942809041582063,1.17157287525381,0.942809041582063,0.942809041582063,1.17157287525381,0.942809041582063,0.942809041582063,1.17157287525381,0.942809041582063,0.942809041582063,1.17157287525381,0.942809041582063,0.942809041582063,1.17157287525381,0.942809041582063,0.942809041582063,1.17157287525381,0.96073936066283,0.944214405083706,1.12199800851644))BOUNDED_CURVE()REPRESENTATION_ITEM('')GEOMETRIC_REPRESENTATION_ITEM()CURVE());
#2563=FILL_AREA_STYLE_COLOUR('',#6041);
#2564=VERTEX_POINT('',#6042);
#2565=(B_SPLINE_CURVE(3,(#6044,#6045,#6046,#6047,#6048,#6049,#6050,#6051,#6052,#6053,#6054,#6055,#6056,#6057,#6058,#6059,#6060,#6061,#6062,#6063,#6064,#6065,#6066,#6067,#6068,#6069,#6070,#6071,#6072,#6073,#6074,#6075,#6076,#6077,#6078,#6079,#6080,#6081,#6082,#6083,#6084,#6085,#6086,#6087,#6088,#6089,#6090,#6091,#6092,#6093,#6094,#6095,#6096,#6097,#6098,#6099,#6100,#6101,#6102,#6103,#6104),.UNSPECIFIED.,.F.,.F.)B_SPLINE_CURVE_WITH_KNOTS((4,3,3,3,3,3,3,3,3,3,3,3,3,3,3,3,3,3,3,3,4),(0.213406423661377,0.225,0.25,0.275,0.3,0.325,0.35,0.375,0.4,0.425,0.45,0.475,0.5,0.525,0.55,0.575,0.6,0.625,0.65,0.675,0.698040520785893),.UNSPECIFIED.)RATIONAL_B_SPLINE_CURVE((1.00090217558742,1.0085950032641,1.06548523648623,1.17157287525381,0.942809041582063,0.942809041582063,1.17157287525381,0.942809041582063,0.942809041582063,1.17157287525381,0.942809041582063,0.942809041582063,1.17157287525381,0.942809041582063,0.942809041582063,1.17157287525381,0.942809041582063,0.942809041582063,1.17157287525381,0.942809041582063,0.942809041582063,1.17157287525381,0.942809041582063,0.942809041582063,1.17157287525381,0.942809041582063,0.942809041582063,1.17157287525381,0.942809041582063,0.942809041582063,1.17157287525381,0.942809041582063,0.942809041582063,1.17157287525381,0.942809041582063,0.942809041582063,1.17157287525381,0.942809041582063,0.942809041582063,1.17157287525381,0.942809041582063,0.942809041582063,1.17157287525381,0.942809041582063,0.942809041582063,1.17157287525381,0.942809041582063,0.942809041582063,1.17157287525381,0.942809041582063,0.942809041582063,1.17157287525381,0.942809041582063,0.942809041582063,1.17157287525381,0.942809041582063,0.942809041582063,1.17157287525381,0.96073936066283,0.944214405083706,1.12199800851644))BOUNDED_CURVE()REPRESENTATION_ITEM('')GEOMETRIC_REPRESENTATION_ITEM()CURVE());
#2566=VERTEX_POINT('',#6111);
#2567=LINE('',#6112,#6113);
#2568=(B_SPLINE_CURVE(3,(#6115,#6116,#6117,#6118,#6119,#6120,#6121,#6122,#6123,#6124,#6125,#6126,#6127,#6128,#6129,#6130,#6131,#6132,#6133,#6134,#6135,#6136,#6137,#6138,#6139,#6140,#6141,#6142,#6143,#6144,#6145,#6146,#6147,#6148,#6149,#6150,#6151,#6152,#6153,#6154,#6155,#6156,#6157,#6158,#6159,#6160,#6161,#6162,#6163,#6164,#6165,#6166,#6167,#6168,#6169,#6170,#6171,#6172,#6173,#6174,#6175),.UNSPECIFIED.,.F.,.F.)B_SPLINE_CURVE_WITH_KNOTS((4,3,3,3,3,3,3,3,3,3,3,3,3,3,3,3,3,3,3,3,4),(0.130065477574278,0.15,0.175,0.2,0.225,0.25,0.275,0.3,0.325,0.35,0.375,0.4,0.425,0.45,0.475,0.5,0.525,0.55,0.575,0.6,0.614431337072233),.UNSPECIFIED.)RATIONAL_B_SPLINE_CURVE((1.06069246197982,0.95220082659487,0.989160964352866,1.17157287525381,0.942809041582063,0.942809041582063,1.17157287525381,0.942809041582063,0.942809041582063,1.17157287525381,0.942809041582063,0.942809041582063,1.17157287525381,0.942809041582063,0.942809041582063,1.17157287525381,0.942809041582063,0.942809041582063,1.17157287525381,0.942809041582063,0.942809041582063,1.17157287525381,0.942809041582063,0.942809041582063,1.17157287525381,0.942809041582063,0.942809041582063,1.17157287525381,0.942809041582063,0.942809041582063,1.17157287525381,0.942809041582063,0.942809041582063,1.17157287525381,0.942809041582063,0.942809041582063,1.17157287525381,0.942809041582063,0.942809041582063,1.17157287525381,0.942809041582063,0.942809041582063,1.17157287525381,0.942809041582063,0.942809041582063,1.17157287525381,0.942809041582063,0.942809041582063,1.17157287525381,0.942809041582063,0.942809041582063,1.17157287525381,0.942809041582063,0.942809041582063,1.17157287525381,0.942809041582063,0.942809041582063,1.17157287525381,1.03951815550768,0.983692482666975,1.0040958567317))BOUNDED_CURVE()REPRESENTATION_ITEM('')GEOMETRIC_REPRESENTATION_ITEM()CURVE());
#2569=FILL_AREA_STYLE_COLOUR('',#6182);
#2570=VERTEX_POINT('',#6183);
#2571=VERTEX_POINT('',#6184);
#2572=LINE('',#6185,#6186);
#2573=(B_SPLINE_CURVE(3,(#6188,#6189,#6190,#6191,#6192,#6193,#6194,#6195,#6196,#6197,#6198,#6199,#6200,#6201,#6202,#6203,#6204,#6205,#6206,#6207,#6208,#6209,#6210,#6211,#6212,#6213,#6214,#6215,#6216,#6217,#6218,#6219,#6220,#6221,#6222,#6223,#6224,#6225,#6226,#6227,#6228,#6229,#6230,#6231,#6232,#6233,#6234,#6235,#6236,#6237,#6238,#6239,#6240,#6241,#6242,#6243,#6244,#6245,#6246,#6247,#6248),.UNSPECIFIED.,.F.,.F.)B_SPLINE_CURVE_WITH_KNOTS((4,3,3,3,3,3,3,3,3,3,3,3,3,3,3,3,3,3,3,3,4),(0.130065477574278,0.15,0.175,0.2,0.225,0.25,0.275,0.3,0.325,0.35,0.375,0.4,0.425,0.45,0.475,0.5,0.525,0.55,0.575,0.6,0.614431337072233),.UNSPECIFIED.)RATIONAL_B_SPLINE_CURVE((1.06069246197982,0.95220082659487,0.989160964352866,1.17157287525381,0.942809041582063,0.942809041582063,1.17157287525381,0.942809041582063,0.942809041582063,1.17157287525381,0.942809041582063,0.942809041582063,1.17157287525381,0.942809041582063,0.942809041582063,1.17157287525381,0.942809041582063,0.942809041582063,1.17157287525381,0.942809041582063,0.942809041582063,1.17157287525381,0.942809041582063,0.942809041582063,1.17157287525381,0.942809041582063,0.942809041582063,1.17157287525381,0.942809041582063,0.942809041582063,1.17157287525381,0.942809041582063,0.942809041582063,1.17157287525381,0.942809041582063,0.942809041582063,1.17157287525381,0.942809041582063,0.942809041582063,1.17157287525381,0.942809041582063,0.942809041582063,1.17157287525381,0.942809041582063,0.942809041582063,1.17157287525381,0.942809041582063,0.942809041582063,1.17157287525381,0.942809041582063,0.942809041582063,1.17157287525381,0.942809041582063,0.942809041582063,1.17157287525381,0.942809041582063,0.942809041582063,1.17157287525381,1.03951815550768,0.983692482666975,1.0040958567317))BOUNDED_CURVE()REPRESENTATION_ITEM('')GEOMETRIC_REPRESENTATION_ITEM()CURVE());
#2574=(B_SPLINE_CURVE(3,(#6256,#6257,#6258,#6259,#6260,#6261,#6262,#6263,#6264,#6265,#6266,#6267,#6268,#6269,#6270,#6271,#6272,#6273,#6274,#6275,#6276,#6277,#6278,#6279,#6280,#6281,#6282,#6283,#6284,#6285,#6286,#6287,#6288,#6289,#6290,#6291,#6292,#6293,#6294,#6295,#6296,#6297,#6298,#6299,#6300,#6301,#6302,#6303,#6304,#6305,#6306,#6307,#6308,#6309,#6310,#6311,#6312,#6313,#6314,#6315,#6316),.UNSPECIFIED.,.F.,.F.)B_SPLINE_CURVE_WITH_KNOTS((4,3,3,3,3,3,3,3,3,3,3,3,3,3,3,3,3,3,3,3,4),(0.213406423661377,0.225,0.25,0.275,0.3,0.325,0.35,0.375,0.4,0.425,0.45,0.475,0.5,0.525,0.55,0.575,0.6,0.625,0.65,0.675,0.698040520785893),.UNSPECIFIED.)RATIONAL_B_SPLINE_CURVE((1.00090217558742,1.0085950032641,1.06548523648623,1.17157287525381,0.942809041582063,0.942809041582063,1.17157287525381,0.942809041582063,0.942809041582063,1.17157287525381,0.942809041582063,0.942809041582063,1.17157287525381,0.942809041582063,0.942809041582063,1.17157287525381,0.942809041582063,0.942809041582063,1.17157287525381,0.942809041582063,0.942809041582063,1.17157287525381,0.942809041582063,0.942809041582063,1.17157287525381,0.942809041582063,0.942809041582063,1.17157287525381,0.942809041582063,0.942809041582063,1.17157287525381,0.942809041582063,0.942809041582063,1.17157287525381,0.942809041582063,0.942809041582063,1.17157287525381,0.942809041582063,0.942809041582063,1.17157287525381,0.942809041582063,0.942809041582063,1.17157287525381,0.942809041582063,0.942809041582063,1.17157287525381,0.942809041582063,0.942809041582063,1.17157287525381,0.942809041582063,0.942809041582063,1.17157287525381,0.942809041582063,0.942809041582063,1.17157287525381,0.942809041582063,0.942809041582063,1.17157287525381,0.96073936066283,0.944214405083706,1.12199800851644))BOUNDED_CURVE()REPRESENTATION_ITEM('')GEOMETRIC_REPRESENTATION_ITEM()CURVE());
#2575=FILL_AREA_STYLE_COLOUR('',#6323);
#2576=VERTEX_POINT('',#6324);
#2577=(B_SPLINE_CURVE(3,(#6326,#6327,#6328,#6329,#6330,#6331,#6332,#6333,#6334,#6335,#6336,#6337,#6338,#6339,#6340,#6341,#6342,#6343,#6344,#6345,#6346,#6347,#6348,#6349,#6350,#6351,#6352,#6353,#6354,#6355,#6356,#6357,#6358,#6359,#6360,#6361,#6362,#6363,#6364,#6365,#6366,#6367,#6368,#6369,#6370,#6371,#6372,#6373,#6374,#6375,#6376,#6377,#6378,#6379,#6380,#6381,#6382,#6383,#6384,#6385,#6386),.UNSPECIFIED.,.F.,.F.)B_SPLINE_CURVE_WITH_KNOTS((4,3,3,3,3,3,3,3,3,3,3,3,3,3,3,3,3,3,3,3,4),(0.213406423661377,0.225,0.25,0.275,0.3,0.325,0.35,0.375,0.4,0.425,0.45,0.475,0.5,0.525,0.55,0.575,0.6,0.625,0.65,0.675,0.698040520785893),.UNSPECIFIED.)RATIONAL_B_SPLINE_CURVE((1.00090217558742,1.0085950032641,1.06548523648623,1.17157287525381,0.942809041582063,0.942809041582063,1.17157287525381,0.942809041582063,0.942809041582063,1.17157287525381,0.942809041582063,0.942809041582063,1.17157287525381,0.942809041582063,0.942809041582063,1.17157287525381,0.942809041582063,0.942809041582063,1.17157287525381,0.942809041582063,0.942809041582063,1.17157287525381,0.942809041582063,0.942809041582063,1.17157287525381,0.942809041582063,0.942809041582063,1.17157287525381,0.942809041582063,0.942809041582063,1.17157287525381,0.942809041582063,0.942809041582063,1.17157287525381,0.942809041582063,0.942809041582063,1.17157287525381,0.942809041582063,0.942809041582063,1.17157287525381,0.942809041582063,0.942809041582063,1.17157287525381,0.942809041582063,0.942809041582063,1.17157287525381,0.942809041582063,0.942809041582063,1.17157287525381,0.942809041582063,0.942809041582063,1.17157287525381,0.942809041582063,0.942809041582063,1.17157287525381,0.942809041582063,0.942809041582063,1.17157287525381,0.96073936066283,0.944214405083706,1.12199800851644))BOUNDED_CURVE()REPRESENTATION_ITEM('')GEOMETRIC_REPRESENTATION_ITEM()CURVE());
#2578=VERTEX_POINT('',#6393);
#2579=LINE('',#6394,#6395);
#2580=(B_SPLINE_CURVE(3,(#6397,#6398,#6399,#6400,#6401,#6402,#6403,#6404,#6405,#6406,#6407,#6408,#6409,#6410,#6411,#6412,#6413,#6414,#6415,#6416,#6417,#6418,#6419,#6420,#6421,#6422,#6423,#6424,#6425,#6426,#6427,#6428,#6429,#6430,#6431,#6432,#6433,#6434,#6435,#6436,#6437,#6438,#6439,#6440,#6441,#6442,#6443,#6444,#6445,#6446,#6447,#6448,#6449,#6450,#6451,#6452,#6453,#6454,#6455,#6456,#6457),.UNSPECIFIED.,.F.,.F.)B_SPLINE_CURVE_WITH_KNOTS((4,3,3,3,3,3,3,3,3,3,3,3,3,3,3,3,3,3,3,3,4),(0.130065477574278,0.15,0.175,0.2,0.225,0.25,0.275,0.3,0.325,0.35,0.375,0.4,0.425,0.45,0.475,0.5,0.525,0.55,0.575,0.6,0.614431337072233),.UNSPECIFIED.)RATIONAL_B_SPLINE_CURVE((1.06069246197982,0.95220082659487,0.989160964352866,1.17157287525381,0.942809041582063,0.942809041582063,1.17157287525381,0.942809041582063,0.942809041582063,1.17157287525381,0.942809041582063,0.942809041582063,1.17157287525381,0.942809041582063,0.942809041582063,1.17157287525381,0.942809041582063,0.942809041582063,1.17157287525381,0.942809041582063,0.942809041582063,1.17157287525381,0.942809041582063,0.942809041582063,1.17157287525381,0.942809041582063,0.942809041582063,1.17157287525381,0.942809041582063,0.942809041582063,1.17157287525381,0.942809041582063,0.942809041582063,1.17157287525381,0.942809041582063,0.942809041582063,1.17157287525381,0.942809041582063,0.942809041582063,1.17157287525381,0.942809041582063,0.942809041582063,1.17157287525381,0.942809041582063,0.942809041582063,1.17157287525381,0.942809041582063,0.942809041582063,1.17157287525381,0.942809041582063,0.942809041582063,1.17157287525381,0.942809041582063,0.942809041582063,1.17157287525381,0.942809041582063,0.942809041582063,1.17157287525381,1.03951815550768,0.983692482666975,1.0040958567317))BOUNDED_CURVE()REPRESENTATION_ITEM('')GEOMETRIC_REPRESENTATION_ITEM()CURVE());
#2581=FILL_AREA_STYLE_COLOUR('',#6464);
#2582=VERTEX_POINT('',#6465);
#2583=VERTEX_POINT('',#6466);
#2584=LINE('',#6467,#6468);
#2585=(B_SPLINE_CURVE(3,(#6470,#6471,#6472,#6473,#6474,#6475,#6476,#6477,#6478,#6479,#6480,#6481,#6482,#6483,#6484,#6485,#6486,#6487,#6488,#6489,#6490,#6491,#6492,#6493,#6494,#6495,#6496,#6497,#6498,#6499,#6500,#6501,#6502,#6503,#6504,#6505,#6506,#6507,#6508,#6509,#6510,#6511,#6512,#6513,#6514,#6515,#6516,#6517,#6518,#6519,#6520,#6521,#6522,#6523,#6524,#6525,#6526,#6527,#6528,#6529,#6530),.UNSPECIFIED.,.F.,.F.)B_SPLINE_CURVE_WITH_KNOTS((4,3,3,3,3,3,3,3,3,3,3,3,3,3,3,3,3,3,3,3,4),(0.213406423661377,0.225,0.25,0.275,0.3,0.325,0.35,0.375,0.4,0.425,0.45,0.475,0.5,0.525,0.55,0.575,0.6,0.625,0.65,0.675,0.698040520785893),.UNSPECIFIED.)RATIONAL_B_SPLINE_CURVE((1.00090217558742,1.0085950032641,1.06548523648623,1.17157287525381,0.942809041582063,0.942809041582063,1.17157287525381,0.942809041582063,0.942809041582063,1.17157287525381,0.942809041582063,0.942809041582063,1.17157287525381,0.942809041582063,0.942809041582063,1.17157287525381,0.942809041582063,0.942809041582063,1.17157287525381,0.942809041582063,0.942809041582063,1.17157287525381,0.942809041582063,0.942809041582063,1.17157287525381,0.942809041582063,0.942809041582063,1.17157287525381,0.942809041582063,0.942809041582063,1.17157287525381,0.942809041582063,0.942809041582063,1.17157287525381,0.942809041582063,0.942809041582063,1.17157287525381,0.942809041582063,0.942809041582063,1.17157287525381,0.942809041582063,0.942809041582063,1.17157287525381,0.942809041582063,0.942809041582063,1.17157287525381,0.942809041582063,0.942809041582063,1.17157287525381,0.942809041582063,0.942809041582063,1.17157287525381,0.942809041582063,0.942809041582063,1.17157287525381,0.942809041582063,0.942809041582063,1.17157287525381,0.96073936066283,0.944214405083706,1.12199800851644))BOUNDED_CURVE()REPRESENTATION_ITEM('')GEOMETRIC_REPRESENTATION_ITEM()CURVE());
#2586=(B_SPLINE_CURVE(3,(#6538,#6539,#6540,#6541,#6542,#6543,#6544,#6545,#6546,#6547,#6548,#6549,#6550,#6551,#6552,#6553,#6554,#6555,#6556,#6557,#6558,#6559,#6560,#6561,#6562,#6563,#6564,#6565,#6566,#6567,#6568,#6569,#6570,#6571,#6572,#6573,#6574,#6575,#6576,#6577,#6578,#6579,#6580,#6581,#6582,#6583,#6584,#6585,#6586,#6587,#6588,#6589,#6590,#6591,#6592,#6593,#6594,#6595,#6596,#6597,#6598),.UNSPECIFIED.,.F.,.F.)B_SPLINE_CURVE_WITH_KNOTS((4,3,3,3,3,3,3,3,3,3,3,3,3,3,3,3,3,3,3,3,4),(0.130065477574278,0.15,0.175,0.2,0.225,0.25,0.275,0.3,0.325,0.35,0.375,0.4,0.425,0.45,0.475,0.5,0.525,0.55,0.575,0.6,0.614431337072233),.UNSPECIFIED.)RATIONAL_B_SPLINE_CURVE((1.06069246197982,0.95220082659487,0.989160964352866,1.17157287525381,0.942809041582063,0.942809041582063,1.17157287525381,0.942809041582063,0.942809041582063,1.17157287525381,0.942809041582063,0.942809041582063,1.17157287525381,0.942809041582063,0.942809041582063,1.17157287525381,0.942809041582063,0.942809041582063,1.17157287525381,0.942809041582063,0.942809041582063,1.17157287525381,0.942809041582063,0.942809041582063,1.17157287525381,0.942809041582063,0.942809041582063,1.17157287525381,0.942809041582063,0.942809041582063,1.17157287525381,0.942809041582063,0.942809041582063,1.17157287525381,0.942809041582063,0.942809041582063,1.17157287525381,0.942809041582063,0.942809041582063,1.17157287525381,0.942809041582063,0.942809041582063,1.17157287525381,0.942809041582063,0.942809041582063,1.17157287525381,0.942809041582063,0.942809041582063,1.17157287525381,0.942809041582063,0.942809041582063,1.17157287525381,0.942809041582063,0.942809041582063,1.17157287525381,0.942809041582063,0.942809041582063,1.17157287525381,1.03951815550768,0.983692482666975,1.0040958567317))BOUNDED_CURVE()REPRESENTATION_ITEM('')GEOMETRIC_REPRESENTATION_ITEM()CURVE());
#2587=FILL_AREA_STYLE_COLOUR('',#6605);
#2588=VERTEX_POINT('',#6606);
#2589=VERTEX_POINT('',#6607);
#2590=LINE('',#6608,#6609);
#2591=(B_SPLINE_CURVE(3,(#6611,#6612,#6613,#6614,#6615,#6616,#6617,#6618,#6619,#6620,#6621,#6622,#6623,#6624,#6625,#6626,#6627,#6628,#6629,#6630,#6631,#6632,#6633,#6634,#6635,#6636,#6637,#6638,#6639,#6640,#6641,#6642,#6643,#6644,#6645,#6646,#6647,#6648,#6649,#6650,#6651,#6652,#6653,#6654,#6655,#6656,#6657,#6658,#6659,#6660,#6661,#6662,#6663,#6664,#6665,#6666,#6667,#6668,#6669,#6670,#6671),.UNSPECIFIED.,.F.,.F.)B_SPLINE_CURVE_WITH_KNOTS((4,3,3,3,3,3,3,3,3,3,3,3,3,3,3,3,3,3,3,3,4),(0.130065477574278,0.15,0.175,0.2,0.225,0.25,0.275,0.3,0.325,0.35,0.375,0.4,0.425,0.45,0.475,0.5,0.525,0.55,0.575,0.6,0.614431337072233),.UNSPECIFIED.)RATIONAL_B_SPLINE_CURVE((1.06069246197982,0.95220082659487,0.989160964352866,1.17157287525381,0.942809041582063,0.942809041582063,1.17157287525381,0.942809041582063,0.942809041582063,1.17157287525381,0.942809041582063,0.942809041582063,1.17157287525381,0.942809041582063,0.942809041582063,1.17157287525381,0.942809041582063,0.942809041582063,1.17157287525381,0.942809041582063,0.942809041582063,1.17157287525381,0.942809041582063,0.942809041582063,1.17157287525381,0.942809041582063,0.942809041582063,1.17157287525381,0.942809041582063,0.942809041582063,1.17157287525381,0.942809041582063,0.942809041582063,1.17157287525381,0.942809041582063,0.942809041582063,1.17157287525381,0.942809041582063,0.942809041582063,1.17157287525381,0.942809041582063,0.942809041582063,1.17157287525381,0.942809041582063,0.942809041582063,1.17157287525381,0.942809041582063,0.942809041582063,1.17157287525381,0.942809041582063,0.942809041582063,1.17157287525381,0.942809041582063,0.942809041582063,1.17157287525381,0.942809041582063,0.942809041582063,1.17157287525381,1.03951815550768,0.983692482666975,1.0040958567317))BOUNDED_CURVE()REPRESENTATION_ITEM('')GEOMETRIC_REPRESENTATION_ITEM()CURVE());
#2592=(B_SPLINE_CURVE(3,(#6679,#6680,#6681,#6682,#6683,#6684,#6685,#6686,#6687,#6688,#6689,#6690,#6691,#6692,#6693,#6694,#6695,#6696,#6697,#6698,#6699,#6700,#6701,#6702,#6703,#6704,#6705,#6706,#6707,#6708,#6709,#6710,#6711,#6712,#6713,#6714,#6715,#6716,#6717,#6718,#6719,#6720,#6721,#6722,#6723,#6724,#6725,#6726,#6727,#6728,#6729,#6730,#6731,#6732,#6733,#6734,#6735,#6736,#6737,#6738,#6739),.UNSPECIFIED.,.F.,.F.)B_SPLINE_CURVE_WITH_KNOTS((4,3,3,3,3,3,3,3,3,3,3,3,3,3,3,3,3,3,3,3,4),(0.213406423661377,0.225,0.25,0.275,0.3,0.325,0.35,0.375,0.4,0.425,0.45,0.475,0.5,0.525,0.55,0.575,0.6,0.625,0.65,0.675,0.698040520785893),.UNSPECIFIED.)RATIONAL_B_SPLINE_CURVE((1.00090217558742,1.0085950032641,1.06548523648623,1.17157287525381,0.942809041582063,0.942809041582063,1.17157287525381,0.942809041582063,0.942809041582063,1.17157287525381,0.942809041582063,0.942809041582063,1.17157287525381,0.942809041582063,0.942809041582063,1.17157287525381,0.942809041582063,0.942809041582063,1.17157287525381,0.942809041582063,0.942809041582063,1.17157287525381,0.942809041582063,0.942809041582063,1.17157287525381,0.942809041582063,0.942809041582063,1.17157287525381,0.942809041582063,0.942809041582063,1.17157287525381,0.942809041582063,0.942809041582063,1.17157287525381,0.942809041582063,0.942809041582063,1.17157287525381,0.942809041582063,0.942809041582063,1.17157287525381,0.942809041582063,0.942809041582063,1.17157287525381,0.942809041582063,0.942809041582063,1.17157287525381,0.942809041582063,0.942809041582063,1.17157287525381,0.942809041582063,0.942809041582063,1.17157287525381,0.942809041582063,0.942809041582063,1.17157287525381,0.942809041582063,0.942809041582063,1.17157287525381,0.96073936066283,0.944214405083706,1.12199800851644))BOUNDED_CURVE()REPRESENTATION_ITEM('')GEOMETRIC_REPRESENTATION_ITEM()CURVE());
#2593=FILL_AREA_STYLE_COLOUR('',#6746);
#2594=VERTEX_POINT('',#6747);
#2595=VERTEX_POINT('',#6748);
#2596=LINE('',#6749,#6750);
#2597=VERTEX_POINT('',#6751);
#2598=CIRCLE('',#6752,1.9558);
#2599=VERTEX_POINT('',#6753);
#2600=LINE('',#6754,#6755);
#2601=CIRCLE('',#6756,1.9558);
#2602=FILL_AREA_STYLE_COLOUR('',#6757);
#2603=VERTEX_POINT('',#6758);
#2604=VERTEX_POINT('',#6759);
#2605=LINE('',#6760,#6761);
#2606=VERTEX_POINT('',#6762);
#2607=CIRCLE('',#6763,1.9558);
#2608=VERTEX_POINT('',#6764);
#2609=LINE('',#6765,#6766);
#2610=CIRCLE('',#6767,1.9558);
#2611=FILL_AREA_STYLE_COLOUR('',#6768);
#2612=VERTEX_POINT('',#6769);
#2613=VERTEX_POINT('',#6770);
#2614=LINE('',#6771,#6772);
#2615=VERTEX_POINT('',#6773);
#2616=CIRCLE('',#6774,0.4826);
#2617=VERTEX_POINT('',#6775);
#2618=CIRCLE('',#6776,0.4826);
#2619=VERTEX_POINT('',#6777);
#2620=CIRCLE('',#6778,0.4826);
#2621=VERTEX_POINT('',#6779);
#2622=LINE('',#6780,#6781);
#2623=VERTEX_POINT('',#6782);
#2624=CIRCLE('',#6783,0.4826);
#2625=CIRCLE('',#6784,0.4826);
#2626=FILL_AREA_STYLE_COLOUR('',#6785);
#2627=VERTEX_POINT('',#6786);
#2628=VERTEX_POINT('',#6787);
#2629=LINE('',#6788,#6789);
#2630=VERTEX_POINT('',#6790);
#2631=CIRCLE('',#6791,0.635);
#2632=VERTEX_POINT('',#6792);
#2633=LINE('',#6793,#6794);
#2634=VERTEX_POINT('',#6795);
#2635=CIRCLE('',#6796,0.635);
#2636=CIRCLE('',#6797,0.635);
#2637=FILL_AREA_STYLE_COLOUR('',#6798);
#2638=VERTEX_POINT('',#6799);
#2639=VERTEX_POINT('',#6800);
#2640=LINE('',#6801,#6802);
#2641=VERTEX_POINT('',#6803);
#2642=CIRCLE('',#6804,0.635);
#2643=VERTEX_POINT('',#6805);
#2644=LINE('',#6806,#6807);
#2645=CIRCLE('',#6808,0.635);
#2646=FILL_AREA_STYLE_COLOUR('',#6809);
#2647=VERTEX_POINT('',#6810);
#2648=LINE('',#6811,#6812);
#2649=VERTEX_POINT('',#6813);
#2650=CIRCLE('',#6814,0.5334);
#2651=LINE('',#6815,#6816);
#2652=FILL_AREA_STYLE_COLOUR('',#6817);
#2653=VERTEX_POINT('',#6818);
#2654=LINE('',#6819,#6820);
#2655=VERTEX_POINT('',#6821);
#2656=LINE('',#6822,#6823);
#2657=CIRCLE('',#6824,0.4826);
#2658=FILL_AREA_STYLE_COLOUR('',#6825);
#2659=VERTEX_POINT('',#6826);
#2660=VERTEX_POINT('',#6827);
#2661=LINE('',#6828,#6829);
#2662=VERTEX_POINT('',#6830);
#2663=CIRCLE('',#6831,0.6477);
#2664=VERTEX_POINT('',#6832);
#2665=LINE('',#6833,#6834);
#2666=CIRCLE('',#6835,0.6477);
#2667=FILL_AREA_STYLE_COLOUR('',#6836);
#2668=CIRCLE('',#6837,0.6477);
#2669=CIRCLE('',#6838,1.9558);
#2670=FILL_AREA_STYLE_COLOUR('',#6839);
#2671=VERTEX_POINT('',#6840);
#2672=VERTEX_POINT('',#6841);
#2673=CIRCLE('',#6842,0.6477);
#2674=CIRCLE('',#6843,0.6477);
#2675=CIRCLE('',#6844,1.9558);
#2676=FILL_AREA_STYLE_COLOUR('',#6845);
#2677=VERTEX_POINT('',#6846);
#2678=CIRCLE('',#6847,0.6477);
#2679=CIRCLE('',#6848,0.6477);
#2680=CIRCLE('',#6849,0.635);
#2681=FILL_AREA_STYLE_COLOUR('',#6850);
#2682=CIRCLE('',#6851,0.635);
#2683=FILL_AREA_STYLE_COLOUR('',#6852);
#2684=FILL_AREA_STYLE_COLOUR('',#6853);
#2685=CIRCLE('',#6854,0.4826);
#2686=FILL_AREA_STYLE_COLOUR('',#6855);
#2687=CIRCLE('',#6856,0.635);
#2688=CIRCLE('',#6857,0.5334);
#2689=FILL_AREA_STYLE_COLOUR('',#6858);
#2690=FILL_AREA_STYLE_COLOUR('',#6859);
#2691=VERTEX_POINT('',#6860);
#2692=VERTEX_POINT('',#6861);
#2693=LINE('',#6862,#6863);
#2694=VERTEX_POINT('',#6864);
#2695=CIRCLE('',#6865,0.5842);
#2696=VERTEX_POINT('',#6866);
#2697=LINE('',#6867,#6868);
#2698=CIRCLE('',#6869,0.635);
#2699=FILL_AREA_STYLE_COLOUR('',#6870);
#2700=VERTEX_POINT('',#6871);
#2701=LINE('',#6872,#6873);
#2702=VERTEX_POINT('',#6874);
#2703=CIRCLE('',#6875,40.0102800497737);
#2704=VERTEX_POINT('',#6876);
#2705=LINE('',#6877,#6878);
#2706=LINE('',#6879,#6880);
#2707=FILL_AREA_STYLE_COLOUR('',#6881);
#2708=VERTEX_POINT('',#6882);
#2709=VERTEX_POINT('',#6883);
#2710=LINE('',#6884,#6885);
#2711=CIRCLE('',#6886,40.0102800434078);
#2712=VERTEX_POINT('',#6887);
#2713=LINE('',#6888,#6889);
#2714=LINE('',#6890,#6891);
#2715=FILL_AREA_STYLE_COLOUR('',#6892);
#2716=ELLIPSE('',#6893,0.63519449771042,0.635);
#2717=FILL_AREA_STYLE_COLOUR('',#6894);
#2718=VERTEX_POINT('',#6895);
#2719=VERTEX_POINT('',#6896);
#2720=LINE('',#6897,#6898);
#2721=VERTEX_POINT('',#6899);
#2722=CIRCLE('',#6900,0.635);
#2723=VERTEX_POINT('',#6901);
#2724=LINE('',#6902,#6903);
#2725=CIRCLE('',#6904,0.5842);
#2726=FILL_AREA_STYLE_COLOUR('',#6905);
#2727=VERTEX_POINT('',#6906);
#2728=ELLIPSE('',#6907,0.63519449771042,0.635);
#2729=LINE('',#6908,#6909);
#2730=LINE('',#6910,#6911);
#2731=FILL_AREA_STYLE_COLOUR('',#6912);
#2732=VERTEX_POINT('',#6913);
#2733=CIRCLE('',#6914,40.0102800382359);
#2734=LINE('',#6915,#6916);
#2735=LINE('',#6917,#6918);
#2736=FILL_AREA_STYLE_COLOUR('',#6919);
#2737=VERTEX_POINT('',#6920);
#2738=LINE('',#6921,#6922);
#2739=CIRCLE('',#6923,0.4826);
#2740=FILL_AREA_STYLE_COLOUR('',#6924);
#2741=CIRCLE('',#6925,40.0102800448461);
#2742=FILL_AREA_STYLE_COLOUR('',#6926);
#2743=LINE('',#6927,#6928);
#2744=FILL_AREA_STYLE_COLOUR('',#6929);
#2745=CIRCLE('',#6930,0.635);
#2746=CIRCLE('',#6931,0.4826);
#2747=CIRCLE('',#6932,0.4826);
#2748=FILL_AREA_STYLE_COLOUR('',#6933);
#2749=CIRCLE('',#6934,0.4826);
#2750=FILL_AREA_STYLE_COLOUR('',#6935);
#2751=CIRCLE('',#6936,0.4826);
#2752=FILL_AREA_STYLE_COLOUR('',#6937);
#2753=FILL_AREA_STYLE_COLOUR('',#6938);
#2754=FILL_AREA_STYLE_COLOUR('',#6939);
#2755=FILL_AREA_STYLE_COLOUR('',#6940);
#2756=CIRCLE('',#6941,1.9558);
#2757=FILL_AREA_STYLE_COLOUR('',#6942);
#2758=CIRCLE('',#6943,1.9558);
#2759=FILL_AREA_STYLE_COLOUR('',#6944);
#2760=(B_SPLINE_CURVE(3,(#6946,#6947,#6948,#6949,#6950,#6951,#6952,#6953,#6954,#6955,#6956,#6957,#6958,#6959,#6960,#6961,#6962,#6963,#6964,#6965,#6966,#6967,#6968,#6969,#6970,#6971,#6972,#6973,#6974,#6975,#6976,#6977,#6978,#6979,#6980,#6981,#6982,#6983,#6984,#6985,#6986,#6987,#6988,#6989,#6990,#6991,#6992,#6993,#6994,#6995,#6996,#6997,#6998,#6999,#7000,#7001,#7002,#7003,#7004,#7005,#7006),.UNSPECIFIED.,.F.,.F.)B_SPLINE_CURVE_WITH_KNOTS((4,3,3,3,3,3,3,3,3,3,3,3,3,3,3,3,3,3,3,3,4),(0.213406423661377,0.225,0.25,0.275,0.3,0.325,0.35,0.375,0.4,0.425,0.45,0.475,0.5,0.525,0.55,0.575,0.6,0.625,0.65,0.675,0.698040520785893),.UNSPECIFIED.)RATIONAL_B_SPLINE_CURVE((1.00090217558742,1.0085950032641,1.06548523648623,1.17157287525381,0.942809041582063,0.942809041582063,1.17157287525381,0.942809041582063,0.942809041582063,1.17157287525381,0.942809041582063,0.942809041582063,1.17157287525381,0.942809041582063,0.942809041582063,1.17157287525381,0.942809041582063,0.942809041582063,1.17157287525381,0.942809041582063,0.942809041582063,1.17157287525381,0.942809041582063,0.942809041582063,1.17157287525381,0.942809041582063,0.942809041582063,1.17157287525381,0.942809041582063,0.942809041582063,1.17157287525381,0.942809041582063,0.942809041582063,1.17157287525381,0.942809041582063,0.942809041582063,1.17157287525381,0.942809041582063,0.942809041582063,1.17157287525381,0.942809041582063,0.942809041582063,1.17157287525381,0.942809041582063,0.942809041582063,1.17157287525381,0.942809041582063,0.942809041582063,1.17157287525381,0.942809041582063,0.942809041582063,1.17157287525381,0.942809041582063,0.942809041582063,1.17157287525381,0.942809041582063,0.942809041582063,1.17157287525381,0.96073936066283,0.944214405083706,1.12199800851644))BOUNDED_CURVE()REPRESENTATION_ITEM('')GEOMETRIC_REPRESENTATION_ITEM()CURVE());
#2761=(B_SPLINE_CURVE(3,(#7014,#7015,#7016,#7017,#7018,#7019,#7020,#7021,#7022,#7023,#7024,#7025,#7026,#7027,#7028,#7029,#7030,#7031,#7032,#7033,#7034,#7035,#7036,#7037,#7038,#7039,#7040,#7041,#7042,#7043,#7044,#7045,#7046,#7047,#7048,#7049,#7050,#7051,#7052,#7053,#7054,#7055,#7056,#7057,#7058,#7059,#7060,#7061,#7062,#7063,#7064,#7065,#7066,#7067,#7068,#7069,#7070,#7071,#7072,#7073,#7074),.UNSPECIFIED.,.F.,.F.)B_SPLINE_CURVE_WITH_KNOTS((4,3,3,3,3,3,3,3,3,3,3,3,3,3,3,3,3,3,3,3,4),(0.130065477574278,0.15,0.175,0.2,0.225,0.25,0.275,0.3,0.325,0.35,0.375,0.4,0.425,0.45,0.475,0.5,0.525,0.55,0.575,0.6,0.614431337072233),.UNSPECIFIED.)RATIONAL_B_SPLINE_CURVE((1.06069246197982,0.95220082659487,0.989160964352866,1.17157287525381,0.942809041582063,0.942809041582063,1.17157287525381,0.942809041582063,0.942809041582063,1.17157287525381,0.942809041582063,0.942809041582063,1.17157287525381,0.942809041582063,0.942809041582063,1.17157287525381,0.942809041582063,0.942809041582063,1.17157287525381,0.942809041582063,0.942809041582063,1.17157287525381,0.942809041582063,0.942809041582063,1.17157287525381,0.942809041582063,0.942809041582063,1.17157287525381,0.942809041582063,0.942809041582063,1.17157287525381,0.942809041582063,0.942809041582063,1.17157287525381,0.942809041582063,0.942809041582063,1.17157287525381,0.942809041582063,0.942809041582063,1.17157287525381,0.942809041582063,0.942809041582063,1.17157287525381,0.942809041582063,0.942809041582063,1.17157287525381,0.942809041582063,0.942809041582063,1.17157287525381,0.942809041582063,0.942809041582063,1.17157287525381,0.942809041582063,0.942809041582063,1.17157287525381,0.942809041582063,0.942809041582063,1.17157287525381,1.03951815550768,0.983692482666975,1.0040958567317))BOUNDED_CURVE()REPRESENTATION_ITEM('')GEOMETRIC_REPRESENTATION_ITEM()CURVE());
#2762=FILL_AREA_STYLE_COLOUR('',#7081);
#2763=(B_SPLINE_CURVE(3,(#7083,#7084,#7085,#7086,#7087,#7088,#7089,#7090,#7091,#7092,#7093,#7094,#7095,#7096,#7097,#7098,#7099,#7100,#7101,#7102,#7103,#7104,#7105,#7106,#7107,#7108,#7109,#7110,#7111,#7112,#7113,#7114,#7115,#7116,#7117,#7118,#7119,#7120,#7121,#7122,#7123,#7124,#7125,#7126,#7127,#7128,#7129,#7130,#7131,#7132,#7133,#7134,#7135,#7136,#7137,#7138,#7139,#7140,#7141,#7142,#7143,#7144,#7145,#7146,#7147,#7148,#7149,#7150,#7151,#7152,#7153,#7154,#7155,#7156,#7157,#7158),.UNSPECIFIED.,.F.,.F.)B_SPLINE_CURVE_WITH_KNOTS((4,3,3,3,3,3,3,3,3,3,3,3,3,3,3,3,3,3,3,3,3,3,3,3,3,4),(0.107037566240844,0.125,0.15,0.175,0.2,0.225,0.25,0.275,0.3,0.325,0.35,0.375,0.4,0.425,0.45,0.475,0.5,0.525,0.55,0.575,0.6,0.625,0.65,0.675,0.7,0.700472661661142),.UNSPECIFIED.)RATIONAL_B_SPLINE_CURVE((1.03276430576912,0.960937143739478,1.00720666690104,1.17157287525381,0.942809041582063,0.942809041582063,1.17157287525381,0.942809041582063,0.942809041582063,1.17157287525381,0.942809041582063,0.942809041582063,1.17157287525381,0.942809041582063,0.942809041582063,1.17157287525381,0.942809041582063,0.942809041582063,1.17157287525381,0.942809041582063,0.942809041582063,1.17157287525381,0.942809041582063,0.942809041582063,1.17157287525381,0.942809041582063,0.942809041582063,1.17157287525381,0.942809041582063,0.942809041582063,1.17157287525381,0.942809041582063,0.942809041582063,1.17157287525381,0.942809041582063,0.942809041582063,1.17157287525381,0.942809041582063,0.942809041582063,1.17157287525381,0.942809041582063,0.942809041582063,1.17157287525381,0.942809041582063,0.942809041582063,1.17157287525381,0.942809041582063,0.942809041582063,1.17157287525381,0.942809041582063,0.942809041582063,1.17157287525381,0.942809041582063,0.942809041582063,1.17157287525381,0.942809041582063,0.942809041582063,1.17157287525381,0.942809041582063,0.942809041582063,1.17157287525381,0.942809041582063,0.942809041582063,1.17157287525381,0.942809041582063,0.942809041582063,1.17157287525381,0.942809041582063,0.942809041582063,1.17157287525381,0.942809041582063,0.942809041582063,1.17157287525381,1.16724775950851,1.16300441641892,1.15884284598505))BOUNDED_CURVE()REPRESENTATION_ITEM('')GEOMETRIC_REPRESENTATION_ITEM()CURVE());
#2764=(B_SPLINE_CURVE(3,(#7166,#7167,#7168,#7169,#7170,#7171,#7172,#7173,#7174,#7175,#7176,#7177,#7178,#7179,#7180,#7181,#7182,#7183,#7184,#7185,#7186,#7187,#7188,#7189,#7190,#7191,#7192,#7193,#7194,#7195,#7196,#7197,#7198,#7199,#7200,#7201,#7202,#7203,#7204,#7205,#7206,#7207,#7208,#7209,#7210,#7211,#7212,#7213,#7214,#7215,#7216,#7217,#7218,#7219,#7220,#7221,#7222,#7223,#7224,#7225,#7226,#7227,#7228,#7229,#7230,#7231,#7232,#7233,#7234,#7235,#7236,#7237,#7238),.UNSPECIFIED.,.F.,.F.)B_SPLINE_CURVE_WITH_KNOTS((4,3,3,3,3,3,3,3,3,3,3,3,3,3,3,3,3,3,3,3,3,3,3,3,4),(0.127775384425131,0.15,0.175,0.2,0.225,0.25,0.275,0.3,0.325,0.35,0.375,0.4,0.425,0.45,0.475,0.5,0.525,0.55,0.575,0.6,0.625,0.65,0.675,0.7,0.720964191799121),.UNSPECIFIED.)RATIONAL_B_SPLINE_CURVE((1.10384210606938,0.945628421760817,0.968205344822294,1.17157287525381,0.942809041582063,0.942809041582063,1.17157287525381,0.942809041582063,0.942809041582063,1.17157287525381,0.942809041582063,0.942809041582063,1.17157287525381,0.942809041582063,0.942809041582063,1.17157287525381,0.942809041582063,0.942809041582063,1.17157287525381,0.942809041582063,0.942809041582063,1.17157287525381,0.942809041582063,0.942809041582063,1.17157287525381,0.942809041582063,0.942809041582063,1.17157287525381,0.942809041582063,0.942809041582063,1.17157287525381,0.942809041582063,0.942809041582063,1.17157287525381,0.942809041582063,0.942809041582063,1.17157287525381,0.942809041582063,0.942809041582063,1.17157287525381,0.942809041582063,0.942809041582063,1.17157287525381,0.942809041582063,0.942809041582063,1.17157287525381,0.942809041582063,0.942809041582063,1.17157287525381,0.942809041582063,0.942809041582063,1.17157287525381,0.942809041582063,0.942809041582063,1.17157287525381,0.942809041582063,0.942809041582063,1.17157287525381,0.942809041582063,0.942809041582063,1.17157287525381,0.942809041582063,0.942809041582063,1.17157287525381,0.942809041582063,0.942809041582063,1.17157287525381,0.942809041582063,0.942809041582063,1.17157287525381,0.979738919821939,0.948770717800381,1.07866826918914))BOUNDED_CURVE()REPRESENTATION_ITEM('')GEOMETRIC_REPRESENTATION_ITEM()CURVE());
#2765=FILL_AREA_STYLE_COLOUR('',#7245);
#2766=CIRCLE('',#7246,2.322195);
#2767=FILL_AREA_STYLE_COLOUR('',#7247);
#2768=CIRCLE('',#7248,2.322195);
#2769=FILL_AREA_STYLE_COLOUR('',#7249);
#2770=CIRCLE('',#7250,2.423795);
#2771=FILL_AREA_STYLE_COLOUR('',#7251);
#2772=CIRCLE('',#7252,2.6797);
#2773=FILL_AREA_STYLE_COLOUR('',#7253);
#2774=CIRCLE('',#7254,2.6797);
#2775=FILL_AREA_STYLE_COLOUR('',#7255);
#2776=B_SPLINE_CURVE_WITH_KNOTS('',3,(#7256,#7257,#7258,#7259,#7260,#7261,#7262,#7263,#7264,#7265,#7266,#7267,#7268,#7269,#7270,#7271,#7272,#7273,#7274,#7275,#7276,#7277,#7278,#7279,#7280,#7281,#7282,#7283,#7284,#7285,#7286,#7287,#7288,#7289,#7290,#7291,#7292,#7293,#7294,#7295,#7296,#7297,#7298,#7299,#7300,#7301,#7302,#7303,#7304,#7305,#7306,#7307,#7308,#7309,#7310,#7311,#7312,#7313,#7314,#7315,#7316,#7317,#7318,#7319,#7320,#7321,#7322,#7323,#7324,#7325,#7326,#7327,#7328,#7329,#7330,#7331,#7332,#7333,#7334,#7335,#7336,#7337,#7338,#7339,#7340,#7341,#7342,#7343,#7344,#7345,#7346,#7347,#7348,#7349,#7350,#7351,#7352,#7353,#7354,#7355,#7356,#7357,#7358,#7359,#7360,#7361,#7362,#7363,#7364,#7365,#7366,#7367,#7368,#7369,#7370,#7371,#7372,#7373,#7374,#7375,#7376,#7377,#7378,#7379,#7380,#7381,#7382,#7383,#7384,#7385,#7386,#7387,#7388,#7389,#7390,#7391,#7392,#7393,#7394,#7395,#7396,#7397,#7398,#7399,#7400,#7401,#7402,#7403,#7404,#7405,#7406,#7407,#7408,#7409,#7410,#7411,#7412,#7413,#7414,#7415,#7416,#7417,#7418,#7419,#7420,#7421,#7422,#7423,#7424,#7425,#7426,#7427,#7428,#7429,#7430,#7431,#7432,#7433,#7434,#7435,#7436,#7437,#7438,#7439,#7440,#7441),.UNSPECIFIED.,.F.,.F.,(4,3,3,3,3,3,3,2,3,3,3,3,3,3,3,3,3,3,3,3,3,3,3,3,3,3,3,2,3,3,3,3,3,3,3,3,2,3,3,3,3,2,3,3,3,3,2,3,3,3,2,3,3,3,3,3,3,2,3,3,3,3,3,3,4),(1.23876746217117E-16,0.0174973051991118,0.035052285404596,0.0526400811880657,0.0702344882849471,0.0878091749857358,0.105338879841519,0.122800726644055,0.140267144366729,0.157801421983817,0.175379192697835,0.192974161195034,0.210559400690121,0.228108592338536,0.245597302578522,0.280558086072661,0.294288847967274,0.308039229478998,0.321796235141712,0.335546743389677,0.349277878988401,0.362977395213421,0.376634083404233,0.390274846988208,0.403961305549757,0.41768384357583,0.43142993384909,0.445186421727012,0.458939926114887,0.47267722673706,0.48638565658936,0.500053518424576,0.513689549997037,0.527366425696278,0.541082334074584,0.554824703185482,0.568580222451657,0.582335266185953,0.59607629851362,0.609790279878387,0.623465095525659,0.630284397667101,0.637100944502018,0.650771615741645,0.664483258619477,0.678223201045651,0.691977947039504,0.705733620434183,0.719476386656381,0.737013797985376,0.754482636434602,0.771945703711823,0.789480179245804,0.807059441657784,0.824654535449416,0.842235897922626,0.859774856078875,0.877245186512292,0.894707642276687,0.912242255522474,0.929821906695213,0.947417000355114,0.964997381280158,0.98253389189418,1.0),.UNSPECIFIED.);
#2777=FILL_AREA_STYLE_COLOUR('',#7442);
#2778=FILL_AREA_STYLE_COLOUR('',#7443);
#2779=B_SPLINE_CURVE_WITH_KNOTS('',3,(#7444,#7445,#7446,#7447,#7448,#7449,#7450,#7451,#7452,#7453,#7454,#7455,#7456,#7457,#7458,#7459,#7460,#7461,#7462,#7463,#7464,#7465,#7466,#7467,#7468,#7469,#7470,#7471,#7472,#7473,#7474,#7475,#7476,#7477,#7478,#7479,#7480,#7481,#7482,#7483,#7484,#7485,#7486,#7487,#7488,#7489,#7490,#7491,#7492,#7493,#7494,#7495,#7496,#7497,#7498,#7499,#7500,#7501,#7502,#7503,#7504,#7505,#7506,#7507,#7508,#7509,#7510,#7511,#7512,#7513,#7514,#7515,#7516,#7517,#7518,#7519,#7520,#7521,#7522,#7523,#7524,#7525,#7526,#7527,#7528,#7529,#7530,#7531,#7532,#7533,#7534,#7535,#7536,#7537,#7538,#7539,#7540,#7541,#7542,#7543,#7544,#7545,#7546,#7547,#7548,#7549,#7550,#7551,#7552,#7553,#7554,#7555,#7556,#7557,#7558,#7559,#7560,#7561,#7562,#7563,#7564,#7565,#7566,#7567,#7568,#7569,#7570,#7571,#7572,#7573,#7574,#7575,#7576,#7577,#7578,#7579,#7580,#7581,#7582,#7583,#7584,#7585,#7586,#7587,#7588,#7589,#7590,#7591,#7592,#7593,#7594,#7595,#7596,#7597,#7598,#7599,#7600,#7601,#7602,#7603,#7604,#7605,#7606,#7607,#7608,#7609,#7610,#7611,#7612,#7613,#7614,#7615,#7616,#7617,#7618,#7619,#7620,#7621,#7622,#7623,#7624,#7625,#7626,#7627,#7628),.UNSPECIFIED.,.F.,.F.,(4,3,2,3,3,3,3,3,3,3,3,2,3,3,3,3,3,3,3,2,3,3,3,3,2,3,3,3,3,3,3,3,2,3,3,3,3,2,3,3,3,3,2,3,3,3,3,3,3,3,3,3,3,2,3,3,3,3,3,3,3,3,3,3,4),(0.0,0.0175934784100625,0.0352099435536271,0.0528199196947416,0.0703940590475341,0.087981633766196,0.105640562984997,0.123344057314139,0.141062642206329,0.158765838182239,0.176423742625523,0.194008984052262,0.211602362455129,0.229264849819608,0.246969902113814,0.264688501244993,0.28239074047711,0.29599233576911,0.309554281828721,0.316316792684096,0.323078419435007,0.336637969274248,0.35023705418651,0.363863828087806,0.377505505308314,0.391148781768421,0.404780233262447,0.418386710373158,0.445481556549153,0.459032981867154,0.47262556468003,0.486247903550532,0.49988761549203,0.513531725207071,0.527167059756329,0.540780640227199,0.554360069797344,0.5678941116881,0.581432703918029,0.595014896964761,0.60862986477892,0.622265703430485,0.635909834684671,0.649549380710805,0.663171526776484,0.676763889246172,0.690314906141652,0.717407796005794,0.735080104285359,0.752788979826908,0.770507376382425,0.788207631730729,0.805862767536913,0.823447955166709,0.841037418774796,0.85869442393617,0.876395191116197,0.894113620010076,0.911822610163732,0.929495314843646,0.947106424767145,0.955885037833894,0.964676304792449,0.982312097831352,0.999999999999999),.UNSPECIFIED.);
#2780=CIRCLE('',#7629,2.6797);
#2781=FILL_AREA_STYLE_COLOUR('',#7630);
#2782=CIRCLE('',#7631,2.6797);
#2783=FILL_AREA_STYLE_COLOUR('',#7632);
#2784=VERTEX_POINT('',#7633);
#2785=VERTEX_POINT('',#7634);
#2786=LINE('',#7635,#7636);
#2787=VERTEX_POINT('',#7637);
#2788=LINE('',#7638,#7639);
#2789=VERTEX_POINT('',#7640);
#2790=LINE('',#7641,#7642);
#2791=VERTEX_POINT('',#7643);
#2792=LINE('',#7644,#7645);
#2793=VERTEX_POINT('',#7646);
#2794=LINE('',#7647,#7648);
#2795=VERTEX_POINT('',#7649);
#2796=LINE('',#7650,#7651);
#2797=VERTEX_POINT('',#7652);
#2798=LINE('',#7653,#7654);
#2799=LINE('',#7655,#7656);
#2800=FILL_AREA_STYLE_COLOUR('',#7657);
#2801=VERTEX_POINT('',#7658);
#2802=LINE('',#7659,#7660);
#2803=VERTEX_POINT('',#7661);
#2804=LINE('',#7662,#7663);
#2805=LINE('',#7664,#7665);
#2806=FILL_AREA_STYLE_COLOUR('',#7666);
#2807=VERTEX_POINT('',#7667);
#2808=VERTEX_POINT('',#7668);
#2809=LINE('',#7669,#7670);
#2810=VERTEX_POINT('',#7671);
#2811=LINE('',#7672,#7673);
#2812=VERTEX_POINT('',#7674);
#2813=LINE('',#7675,#7676);
#2814=LINE('',#7677,#7678);
#2815=FILL_AREA_STYLE_COLOUR('',#7679);
#2816=VERTEX_POINT('',#7680);
#2817=VERTEX_POINT('',#7681);
#2818=LINE('',#7682,#7683);
#2819=VERTEX_POINT('',#7684);
#2820=LINE('',#7685,#7686);
#2821=VERTEX_POINT('',#7687);
#2822=LINE('',#7688,#7689);
#2823=LINE('',#7690,#7691);
#2824=FILL_AREA_STYLE_COLOUR('',#7692);
#2825=VERTEX_POINT('',#7693);
#2826=LINE('',#7694,#7695);
#2827=VERTEX_POINT('',#7696);
#2828=LINE('',#7697,#7698);
#2829=LINE('',#7699,#7700);
#2830=FILL_AREA_STYLE_COLOUR('',#7701);
#2831=VERTEX_POINT('',#7702);
#2832=VERTEX_POINT('',#7703);
#2833=LINE('',#7704,#7705);
#2834=LINE('',#7706,#7707);
#2835=LINE('',#7708,#7709);
#2836=FILL_AREA_STYLE_COLOUR('',#7710);
#2837=VERTEX_POINT('',#7711);
#2838=VERTEX_POINT('',#7712);
#2839=LINE('',#7713,#7714);
#2840=LINE('',#7715,#7716);
#2841=LINE('',#7717,#7718);
#2842=FILL_AREA_STYLE_COLOUR('',#7719);
#2843=LINE('',#7720,#7721);
#2844=FILL_AREA_STYLE_COLOUR('',#7722);
#2845=FILL_AREA_STYLE_COLOUR('',#7723);
#2846=VERTEX_POINT('',#7724);
#2847=LINE('',#7725,#7726);
#2848=LINE('',#7727,#7728);
#2849=VERTEX_POINT('',#7729);
#2850=LINE('',#7730,#7731);
#2851=LINE('',#7732,#7733);
#2852=FILL_AREA_STYLE_COLOUR('',#7734);
#2853=LINE('',#7735,#7736);
#2854=FILL_AREA_STYLE_COLOUR('',#7737);
#2855=VERTEX_POINT('',#7738);
#2856=VERTEX_POINT('',#7739);
#2857=LINE('',#7740,#7741);
#2858=LINE('',#7742,#7743);
#2859=LINE('',#7744,#7745);
#2860=FILL_AREA_STYLE_COLOUR('',#7746);
#2861=VERTEX_POINT('',#7747);
#2862=LINE('',#7748,#7749);
#2863=LINE('',#7750,#7751);
#2864=FILL_AREA_STYLE_COLOUR('',#7752);
#2865=VERTEX_POINT('',#7753);
#2866=LINE('',#7754,#7755);
#2867=LINE('',#7756,#7757);
#2868=FILL_AREA_STYLE_COLOUR('',#7758);
#2869=VERTEX_POINT('',#7759);
#2870=LINE('',#7760,#7761);
#2871=VERTEX_POINT('',#7762);
#2872=LINE('',#7763,#7764);
#2873=LINE('',#7765,#7766);
#2874=LINE('',#7767,#7768);
#2875=FILL_AREA_STYLE_COLOUR('',#7769);
#2876=LINE('',#7770,#7771);
#2877=FILL_AREA_STYLE_COLOUR('',#7772);
#2878=LINE('',#7773,#7774);
#2879=FILL_AREA_STYLE_COLOUR('',#7775);
#2880=LINE('',#7776,#7777);
#2881=FILL_AREA_STYLE_COLOUR('',#7778);
#2882=FILL_AREA_STYLE_COLOUR('',#7779);
#2883=COLOUR_RGB('',0.764705896377563,0.705882370471954,0.239215686917305);
#2884=CARTESIAN_POINT('',(5.68960246088847,-2.6797,2.66264450776368E-14));
#2885=CARTESIAN_POINT('',(3.14960246088847,-2.6797,1.78511875021125E-14));
#2886=CARTESIAN_POINT('',(3.37820246088847,-2.6797,1.86448717191261E-14));
#2887=VECTOR('',#7780,1.0);
#2888=CARTESIAN_POINT('',(5.68960246088847,2.6797,2.62982764748692E-14));
#2889=AXIS2_PLACEMENT_3D('',#7781,#7782,#7783);
#2890=CARTESIAN_POINT('',(3.14960246088847,2.6797,1.75273167402421E-14));
#2891=CARTESIAN_POINT('',(3.37820246088847,2.6797,1.79885345135911E-14));
#2892=VECTOR('',#7784,1.0);
#2893=AXIS2_PLACEMENT_3D('',#7785,#7786,#7787);
#2894=COLOUR_RGB('',0.764705896377563,0.705882370471954,0.239215686917305);
#2895=CARTESIAN_POINT('',(2.70065746088847,3.128645,1.63601981156386E-14));
#2896=CARTESIAN_POINT('',(2.73072222636624,3.09858023452216,1.61766729737964E-14));
#2897=CARTESIAN_POINT('',(3.14960246088847,2.6797,1.71948502965774E-14));
#2898=VECTOR('',#7788,1.0);
#2899=CARTESIAN_POINT('',(2.70065746088847,3.10857558035042,-0.353804179277124));
#2900=AXIS2_PLACEMENT_3D('',#7789,#7790,#7791);
#2901=AXIS2_PLACEMENT_3D('',#7792,#7793,#7794);
#2902=COLOUR_RGB('',0.764705896377563,0.705882370471954,0.239215686917305);
#2903=CARTESIAN_POINT('',(2.85926721285716,-2.97003524803109,1.65861404209599E-14));
#2904=CARTESIAN_POINT('',(3.14960246088847,-2.6797,1.78511875021125E-14));
#2905=VECTOR('',#7795,1.0);
#2906=CARTESIAN_POINT('',(3.08291944735367,2.74638301353478,1.75460307163879E-14));
#2907=CARTESIAN_POINT('',(3.14960246088847,2.6797,1.71948502965774E-14));
#2908=VECTOR('',#7796,1.0);
#2909=CARTESIAN_POINT('',(3.08483246088847,2.74347820026366,0.0737763212557195));
#2910=AXIS2_PLACEMENT_3D('',#7797,#7798,#7799);
#2911=CARTESIAN_POINT('',(3.08483246088846,0.648350086109312,2.66678790809134));
#2912=AXIS2_PLACEMENT_3D('',#7800,#7801,#7802);
#2913=CARTESIAN_POINT('',(3.08483246088846,0.648350086109312,2.66678790809134));
#2914=CARTESIAN_POINT('',(3.08094451478433,0.688391742811178,2.6610541712314));
#2915=CARTESIAN_POINT('',(3.07705862331143,0.728362704472729,2.65442328678482));
#2916=CARTESIAN_POINT('',(3.07317602077497,0.768207146777241,2.64690210123692));
#2917=CARTESIAN_POINT('',(3.06929342424597,0.808051527431704,2.63938092732628));
#2918=CARTESIAN_POINT('',(3.06541414523096,0.847769073302846,2.63096948832261));
#2919=CARTESIAN_POINT('',(3.06153966631252,0.887303095418906,2.62167963410759));
#2920=CARTESIAN_POINT('',(3.05766519040436,0.926837086818939,2.61238978711035));
#2921=CARTESIAN_POINT('',(3.05379554372188,0.966187234485781,2.60222158693683));
#2922=CARTESIAN_POINT('',(3.04606921489336,1.0444070157423,2.58016232034651));
#2923=CARTESIAN_POINT('',(3.04221256198418,1.08327633183766,2.56827134035872));
#2924=CARTESIAN_POINT('',(3.03836417078568,1.121850017134,2.55554085825568));
#2925=CARTESIAN_POINT('',(3.03451577687174,1.16042372964824,2.5428103671699));
#2926=CARTESIAN_POINT('',(3.03067567360682,1.19870150274988,2.52924048276338));
#2927=CARTESIAN_POINT('',(3.02684563730714,1.23663065308768,2.51485762536983));
#2928=CARTESIAN_POINT('',(3.02301559541548,1.27455985880351,2.50047474697676));
#2929=CARTESIAN_POINT('',(3.01919564873804,1.31214014803838,2.48527902433912));
#2930=CARTESIAN_POINT('',(3.0115812468622,1.3864862152861,2.45333050099988));
#2931=CARTESIAN_POINT('',(3.00777524681539,1.42336522661367,2.43653041884252));
#2932=CARTESIAN_POINT('',(3.00396863167123,1.45993197628576,2.41890675122825));
#2933=CARTESIAN_POINT('',(3.00016220177674,1.49649694643001,2.40128394127313));
#2934=CARTESIAN_POINT('',(2.99635594022334,1.53274201677292,2.38284090967124));
#2935=CARTESIAN_POINT('',(2.9925513853139,1.5686179011552,2.36359779678111));
#2936=CARTESIAN_POINT('',(2.9887468375175,1.60449371846321,2.34435471986828));
#2937=CARTESIAN_POINT('',(2.98494402179647,1.64000008292314,2.32431167545753));
#2938=CARTESIAN_POINT('',(2.98114467232186,1.67508789485357,2.30349372325743));
#2939=CARTESIAN_POINT('',(2.97734532724421,1.71017566617696,2.28267579514989));
#2940=CARTESIAN_POINT('',(2.97354947451142,1.74484461882506,2.26108309784847));
#2941=CARTESIAN_POINT('',(2.9697589742917,1.77904690249052,2.23874542332866));
#2942=CARTESIAN_POINT('',(2.96596847589328,1.81324916972224,2.21640775954183));
#2943=CARTESIAN_POINT('',(2.96218335637068,1.84698450812053,2.19332527879104));
#2944=CARTESIAN_POINT('',(2.95462771889516,1.9134300287263,2.14573903127607));
#2945=CARTESIAN_POINT('',(2.95085722720954,1.94613996222262,2.12123544316059));
#2946=CARTESIAN_POINT('',(2.94709598704586,1.97829444921663,2.09605945289207));
#2947=CARTESIAN_POINT('',(2.94333474373623,2.01044896310513,2.07088344156599));
#2948=CARTESIAN_POINT('',(2.93958277778561,2.04204779727143,2.04503522170826));
#2949=CARTESIAN_POINT('',(2.93584195649554,2.07305209914831,2.01855608906426));
#2950=CARTESIAN_POINT('',(2.93210112954061,2.10405644797613,1.99207691632196));
#2951=CARTESIAN_POINT('',(2.9283714723279,2.13446605081273,1.96496703573614));
#2952=CARTESIAN_POINT('',(2.92465473582278,2.16424643992707,1.9372701809485));
#2953=CARTESIAN_POINT('',(2.92093799102576,2.19402689548052,1.90957326437007));
#2954=CARTESIAN_POINT('',(2.91723419093073,2.22317794697549,1.88128958585073));
#2955=CARTESIAN_POINT('',(2.91354490769844,2.25167002143396,1.85246436499068));
#2956=CARTESIAN_POINT('',(2.90985577941225,2.28016089925456,1.82364035476032));
#2957=CARTESIAN_POINT('',(2.90618374594076,2.30797555062316,1.79429795083875));
#2958=CARTESIAN_POINT('',(2.90250479677708,2.33527221043278,1.76426989710425));
#2959=CARTESIAN_POINT('',(2.89882760898895,2.36255580138308,1.7342562199423));
#2960=CARTESIAN_POINT('',(2.89515163280201,2.38925906907578,1.70362088783571));
#2961=CARTESIAN_POINT('',(2.89147822699623,2.41534628983084,1.67239753929649));
#2962=CARTESIAN_POINT('',(2.88780482829796,2.44143346011091,1.6411742511699));
#2963=CARTESIAN_POINT('',(2.8841340213816,2.46690440250395,1.60936312320223));
#2964=CARTESIAN_POINT('',(2.88046730266187,2.49172497998279,1.57700203377262));
#2965=CARTESIAN_POINT('',(2.87680058867133,2.51654552544903,1.54464098608107));
#2966=CARTESIAN_POINT('',(2.87313798488452,2.54071553252534,1.51173017431901));
#2967=CARTESIAN_POINT('',(2.8694810644922,2.56420330572418,1.47831123430691));
#2968=CARTESIAN_POINT('',(2.86582414658722,2.58769106294737,1.44489231702531));
#2969=CARTESIAN_POINT('',(2.86217293435025,2.61049642377467,1.41096548545146));
#2970=CARTESIAN_POINT('',(2.85488511253448,2.65468526178109,1.34218563365321));
#2971=CARTESIAN_POINT('',(2.85124852519837,2.67606859026179,1.30733283986897));
#2972=CARTESIAN_POINT('',(2.84762082923521,2.6967160055457,1.2720645180066));
#2973=CARTESIAN_POINT('',(2.84399313150162,2.71736343090626,1.23679617893204));
#2974=CARTESIAN_POINT('',(2.84037434708472,2.73727481058624,1.20111254668936));
#2975=CARTESIAN_POINT('',(2.83676596940502,2.75642947544239,1.16506274499347));
#2976=CARTESIAN_POINT('',(2.83315758783765,2.77558416093602,1.12901290445705));
#2977=CARTESIAN_POINT('',(2.82955963440192,2.79398201737386,1.09259713381596));
#2978=CARTESIAN_POINT('',(2.82597348182555,2.81160682986976,1.05586551734041));
#2979=CARTESIAN_POINT('',(2.82238732318282,2.8292316721799,1.01913383872941));
#2980=CARTESIAN_POINT('',(2.81881298600006,2.84608337633111,0.982086553899229));
#2981=CARTESIAN_POINT('',(2.81525167511686,2.86215034560206,0.944773802759453));
#2982=CARTESIAN_POINT('',(2.81169033437321,2.8782174495894,0.907460738764211));
#2983=CARTESIAN_POINT('',(2.80814213210072,2.89349935548052,0.869883428413077));
#2984=CARTESIAN_POINT('',(2.80107260405948,2.92248450467358,0.794284038026765));
#2985=CARTESIAN_POINT('',(2.79753787021769,2.93624241336818,0.756118287113682));
#2986=CARTESIAN_POINT('',(2.79400433215816,2.9492440897733,0.717630844662577));
#2987=CARTESIAN_POINT('',(2.79047080138447,2.96224573937006,0.679143481569375));
#2988=CARTESIAN_POINT('',(2.78693848398536,2.97449106296808,0.640334621759904));
#2989=CARTESIAN_POINT('',(2.78340822472591,2.985962695035,0.601247438038728));
#2990=CARTESIAN_POINT('',(2.77987797066148,2.99743431022066,0.562160311837));
#2991=CARTESIAN_POINT('',(2.77634979293828,3.00813215185998,0.52279507294494));
#2992=CARTESIAN_POINT('',(2.77282458643501,3.01804193175157,0.483197573683696));
#2993=CARTESIAN_POINT('',(2.76929938316384,3.0279517025573,0.44360011072771));
#2994=CARTESIAN_POINT('',(2.76577716964069,3.0370733428989,0.40377061046839));
#2995=CARTESIAN_POINT('',(2.76225884445485,3.04539610796932,0.363756911510317));
#2996=CARTESIAN_POINT('',(2.75874052063327,3.05371886981261,0.323743228067553));
#2997=CARTESIAN_POINT('',(2.75522610376214,3.0612427020897,0.283545576631849));
#2998=CARTESIAN_POINT('',(2.74820680578705,3.07467875470845,0.202880549423871));
#2999=CARTESIAN_POINT('',(2.74470194316936,3.08059093592219,0.162413408057154));
#3000=CARTESIAN_POINT('',(2.74120265340884,3.08569445160457,0.121861282983811));
#3001=CARTESIAN_POINT('',(2.7377033614048,3.09079797055906,0.0813091319107699));
#3002=CARTESIAN_POINT('',(2.73420966042785,3.09509280046054,0.0406722314633953));
#3003=CARTESIAN_POINT('',(2.73072222636621,3.09858023452216,1.62245758288855E-14));
#3004=CARTESIAN_POINT('',(2.70065746088846,1.91222502098406,2.47625019033772));
#3005=AXIS2_PLACEMENT_3D('',#7803,#7804,#7805);
#3006=CARTESIAN_POINT('',(2.85926721285703,-2.97003524803109,1.67986976917571E-14));
#3007=CARTESIAN_POINT('',(2.85756640872199,-2.97173605216617,0.0709565846265337));
#3008=CARTESIAN_POINT('',(2.8558675178593,-2.97088882492078,0.142046283189648));
#3009=CARTESIAN_POINT('',(2.85417164129353,-2.96749675433785,0.212993912259044));
#3010=CARTESIAN_POINT('',(2.85247576241468,-2.96410467912829,0.283941638098493));
#3011=CARTESIAN_POINT('',(2.85078298938995,-2.95816800194241,0.354743148069861));
#3012=CARTESIAN_POINT('',(2.84909466276364,-2.9497295951997,0.425128022098788));
#3013=CARTESIAN_POINT('',(2.84740632536747,-2.94129113462845,0.495513345112513));
#3014=CARTESIAN_POINT('',(2.8457225237234,-2.93035165643109,0.565478060807191));
#3015=CARTESIAN_POINT('',(2.84404462779797,-2.91699021623536,0.63476957111529));
#3016=CARTESIAN_POINT('',(2.84320568011691,-2.91030949838052,0.6694153146372));
#3017=CARTESIAN_POINT('',(2.84236821568903,-2.90302387257077,0.703892796175513));
#3018=CARTESIAN_POINT('',(2.84069682232636,-2.88727058970302,0.77244285085595));
#3019=CARTESIAN_POINT('',(2.83986015708552,-2.87877755497432,0.80662781408846));
#3020=CARTESIAN_POINT('',(2.83902243147753,-2.86966797481376,0.840702306778195));
#3021=CARTESIAN_POINT('',(2.83734700021964,-2.85144903152071,0.908850480361413));
#3022=CARTESIAN_POINT('',(2.83566750034629,-2.83076351434006,0.976548907121164));
#3023=CARTESIAN_POINT('',(2.83398556965971,-2.80765687054952,1.04354500436342));
#3024=CARTESIAN_POINT('',(2.83230364975508,-2.78455037488341,1.11054067212932));
#3025=CARTESIAN_POINT('',(2.83061938435364,-2.75902377958758,1.17683026442737));
#3026=CARTESIAN_POINT('',(2.82893479917598,-2.73116158152512,1.24216042484146));
#3027=CARTESIAN_POINT('',(2.8272502165547,-2.70329942574416,1.30749048611564));
#3028=CARTESIAN_POINT('',(2.8255654022081,-2.67310317991455,1.37185740460963));
#3029=CARTESIAN_POINT('',(2.82388256565814,-2.64069424583013,1.4350200858109));
#3030=CARTESIAN_POINT('',(2.8221997236497,-2.60828520662345,1.49818297188789));
#3031=CARTESIAN_POINT('',(2.82051894708515,-2.57366539889353,1.56013813261412));
#3032=CARTESIAN_POINT('',(2.81884243019562,-2.53698730680226,1.62066807259309));
#3033=CARTESIAN_POINT('',(2.81716589948024,-2.5003089122346,1.68119851174956));
#3034=CARTESIAN_POINT('',(2.81549371247092,-2.46157445983983,1.74030064169639));
#3035=CARTESIAN_POINT('',(2.81382783307749,-2.42095799094866,1.79779020940533));
#3036=CARTESIAN_POINT('',(2.81216364885377,-2.38038285266532,1.85522127673642));
#3037=CARTESIAN_POINT('',(2.81049621057626,-2.33769832621002,1.91137477019542));
#3038=CARTESIAN_POINT('',(2.8088249257962,-2.29295870193382,1.96611925661262));
#3039=CARTESIAN_POINT('',(2.80715384881131,-2.24822464025053,2.02085693650658));
#3040=CARTESIAN_POINT('',(2.80547984379027,-2.20145847523118,2.07415406854794));
#3041=CARTESIAN_POINT('',(2.80380509921431,-2.1528115070216,2.1258026485854));
#3042=CARTESIAN_POINT('',(2.80213036193593,-2.10416475078719,2.17745100356842));
#3043=CARTESIAN_POINT('',(2.80045496903513,-2.05363968856261,2.22744790793814));
#3044=CARTESIAN_POINT('',(2.79710757764359,-1.94920182937133,2.32376011357008));
#3045=CARTESIAN_POINT('',(2.79543566406701,-1.8952918934835,2.37007278324595));
#3046=CARTESIAN_POINT('',(2.79376785569468,-1.83990072717601,2.41438100834689));
#3047=CARTESIAN_POINT('',(2.79210003905948,-1.78450928644183,2.45868945296587));
#3048=CARTESIAN_POINT('',(2.79043641050889,-1.7276396981383,2.50099121633185));
#3049=CARTESIAN_POINT('',(2.78877907074695,-1.66951661438363,2.54116051446869));
#3050=CARTESIAN_POINT('',(2.78795040180538,-1.64045510545166,2.56124514076833));
#3051=CARTESIAN_POINT('',(2.78712330796506,-1.61108064272598,2.58079704515994));
#3052=CARTESIAN_POINT('',(2.7862980198911,-1.58142186113468,2.59980401666261));
#3053=CARTESIAN_POINT('',(2.78547247820553,-1.5517539653782,2.61881682902147));
#3054=CARTESIAN_POINT('',(2.7846501644208,-1.52185413426844,2.63725387731638));
#3055=CARTESIAN_POINT('',(2.78382588105317,-1.4915514513907,2.65522162279905));
#3056=CARTESIAN_POINT('',(2.78217769031519,-1.43095990821828,2.69114891776883));
#3057=CARTESIAN_POINT('',(2.78052663773305,-1.36893455718674,2.72508024146297));
#3058=CARTESIAN_POINT('',(2.77887446295023,-1.30567122686095,2.75687025772915));
#3059=CARTESIAN_POINT('',(2.77722230037295,-1.24240836389619,2.78866003914499));
#3060=CARTESIAN_POINT('',(2.77556909361163,-1.17791059003981,2.81830665582862));
#3061=CARTESIAN_POINT('',(2.77391674807564,-1.11240285507244,2.84568827211966));
#3062=CARTESIAN_POINT('',(2.77226440700339,-1.04689529707189,2.87306981444021));
#3063=CARTESIAN_POINT('',(2.7706130076256,-0.980381184561253,2.89818481655569));
#3064=CARTESIAN_POINT('',(2.76896442489913,-0.913104843751252,2.92094307353436));
#3065=CARTESIAN_POINT('',(2.76731583925564,-0.845828383902234,2.94370137078161));
#3066=CARTESIAN_POINT('',(2.76567015031845,-0.777793268870511,2.96410177639777));
#3067=CARTESIAN_POINT('',(2.76402902696181,-0.709252173491455,2.98209030365081));
#3068=CARTESIAN_POINT('',(2.76238789316281,-0.640710641988968,3.00007894536393));
#3069=CARTESIAN_POINT('',(2.76075140194657,-0.571666695850329,3.01565500891624));
#3070=CARTESIAN_POINT('',(2.75912084151006,-0.502369058629622,3.02880182661404));
#3071=CARTESIAN_POINT('',(2.75830552961419,-0.467718893744258,3.03537549087184));
#3072=CARTESIAN_POINT('',(2.75749183610193,-0.43301125423628,3.04134140574408));
#3073=CARTESIAN_POINT('',(2.75586677972668,-0.363492142704459,3.05206769751497));
#3074=CARTESIAN_POINT('',(2.75505300081337,-0.328577118086101,3.05684331594847));
#3075=CARTESIAN_POINT('',(2.75423824823863,-0.293542217371152,3.06102154166556));
#3076=CARTESIAN_POINT('',(2.75260874272813,-0.223472400415557,3.06937799495133));
#3077=CARTESIAN_POINT('',(2.75097536707023,-0.152923063636225,3.07534278105793));
#3078=CARTESIAN_POINT('',(2.7493389427983,-0.0821329717821828,3.07886820888984));
#3079=CARTESIAN_POINT('',(2.74852073972844,-0.0467383180463929,3.08063090327422));
#3080=CARTESIAN_POINT('',(2.74770147587251,-0.0112841059984341,3.08178453133567));
#3081=CARTESIAN_POINT('',(2.74688234127961,0.0241979529805349,3.0823251374303));
#3082=CARTESIAN_POINT('',(2.74606320626063,0.0596800304153367,3.0828657438061));
#3083=CARTESIAN_POINT('',(2.74524444961677,0.0951899482913467,3.0827930750311));
#3084=CARTESIAN_POINT('',(2.74278967291523,0.201707329845002,3.08073322723864));
#3085=CARTESIAN_POINT('',(2.74115517988598,0.272700108237237,3.07690202090757));
#3086=CARTESIAN_POINT('',(2.73952385551952,0.34341887314038,3.0706343493976));
#3087=CARTESIAN_POINT('',(2.73789252621927,0.414137851926947,3.06436665893153));
#3088=CARTESIAN_POINT('',(2.73626444131982,0.484579280923693,3.05566292033191));
#3089=CARTESIAN_POINT('',(2.73464087157284,0.554497519636779,3.04457925715193));
#3090=CARTESIAN_POINT('',(2.7330172896496,0.62441628271389,3.03349551084807));
#3091=CARTESIAN_POINT('',(2.73139829586011,0.693808538275617,3.02003263534332));
#3092=CARTESIAN_POINT('',(2.72978510728718,0.762449241006136,3.00427678155071));
#3093=CARTESIAN_POINT('',(2.72897849037174,0.79677055522727,2.99639863363955));
#3094=CARTESIAN_POINT('',(2.72817399241213,0.83087642988817,2.98795646394681));
#3095=CARTESIAN_POINT('',(2.72736698161856,0.864941532773947,2.9789058163084));
#3096=CARTESIAN_POINT('',(2.72656028637422,0.898993315867453,2.96985870756277));
#3097=CARTESIAN_POINT('',(2.72575256767968,0.932941029532924,2.96021796843639));
#3098=CARTESIAN_POINT('',(2.72494398999625,0.966755705492469,2.9499872748365));
#3099=CARTESIAN_POINT('',(2.7233268331959,1.03438511736213,2.92952586949859));
#3100=CARTESIAN_POINT('',(2.72170624462645,1.10148140024097,2.90670279780068));
#3101=CARTESIAN_POINT('',(2.72008383212431,1.16780872936028,2.88157305183789));
#3102=CARTESIAN_POINT('',(2.71846142707398,1.23413575383748,2.85644342129628));
#3103=CARTESIAN_POINT('',(2.716837270062,1.29969058870599,2.82900815770329));
#3104=CARTESIAN_POINT('',(2.71358923644043,1.42879003299412,2.76970596872495));
#3105=CARTESIAN_POINT('',(2.71196543337323,1.49233148019898,2.73784047372516));
#3106=CARTESIAN_POINT('',(2.71034385218287,1.55464554083489,2.70388240224634));
#3107=CARTESIAN_POINT('',(2.70872226490883,1.61695983525435,2.66992420336706));
#3108=CARTESIAN_POINT('',(2.70710297220651,1.67804380123594,2.63387517936115));
#3109=CARTESIAN_POINT('',(2.70548793192234,1.73770153189616,2.59588339441995));
#3110=CARTESIAN_POINT('',(2.70387287845012,1.79735974970831,2.55789129924618));
#3111=CARTESIAN_POINT('',(2.70226214671144,1.85558915132909,2.51795842933787));
#3112=CARTESIAN_POINT('',(2.70065746088846,1.91222502098424,2.47625019033758));
#3113=COLOUR_RGB('',0.764705896377563,0.705882370471954,0.239215686917305);
#3114=CARTESIAN_POINT('',(-1.16839753911153,2.6797,2.28851658860852E-15));
#3115=CARTESIAN_POINT('',(-0.77965534542331,3.0684421936882,3.88678459479677E-15));
#3116=CARTESIAN_POINT('',(-1.16839753911153,2.6797,2.9515771473638E-15));
#3117=VECTOR('',#7806,1.0);
#3118=CARTESIAN_POINT('',(-1.16839753911153,-2.6797,2.61668519137601E-15));
#3119=AXIS2_PLACEMENT_3D('',#7807,#7808,#7809);
#3120=CARTESIAN_POINT('',(-1.00330749464382,-2.84479004446771,3.49824165022924E-15));
#3121=CARTESIAN_POINT('',(-1.16839753911153,-2.6797,2.29523994182877E-15));
#3122=VECTOR('',#7810,1.0);
#3123=CARTESIAN_POINT('',(-1.10362753911154,-0.442448700460281,2.70857060612439));
#3124=CARTESIAN_POINT('',(-1.00330749464382,-2.84479004446771,3.65398087717277E-15));
#3125=CARTESIAN_POINT('',(-1.00432791362634,-2.84376962548519,0.0407760868169946));
#3126=CARTESIAN_POINT('',(-1.00535022195541,-2.84187025483273,0.0816154837025883));
#3127=CARTESIAN_POINT('',(-1.00637427640784,-2.83908324300867,0.122464039850712));
#3128=CARTESIAN_POINT('',(-1.00739832808254,-2.83629623874431,0.163312485198134));
#3129=CARTESIAN_POINT('',(-1.00842411880672,-2.8326215804366,0.204169779497414));
#3130=CARTESIAN_POINT('',(-1.00945141722655,-2.82805536062531,0.24497894299857));
#3131=CARTESIAN_POINT('',(-1.01047871370016,-2.82348914946474,0.285788029186799));
#3132=CARTESIAN_POINT('',(-1.01150751045432,-2.8180313894367,0.326548659591162));
#3133=CARTESIAN_POINT('',(-1.01253750654598,-2.81168334489743,0.367202214405541));
#3134=CARTESIAN_POINT('',(-1.01356750147464,-2.80533530752594,0.4078557233166));
#3135=CARTESIAN_POINT('',(-1.01459868808649,-2.7980970236191,0.448401823929999));
#3136=CARTESIAN_POINT('',(-1.01563071282574,-2.7899751014009,0.488781398491367));
#3137=CARTESIAN_POINT('',(-1.01666273715667,-2.78185318239607,0.529160957076767));
#3138=CARTESIAN_POINT('',(-1.01769559182134,-2.77284768775162,0.569373655701816));
#3139=CARTESIAN_POINT('',(-1.01976218243669,-2.75309337741496,0.649348305770662));
#3140=CARTESIAN_POINT('',(-1.02079591055028,-2.74234464800172,0.689109928400207));
#3141=CARTESIAN_POINT('',(-1.02182966163,-2.73074133303912,0.728588970054391));
#3142=CARTESIAN_POINT('',(-1.02286341380822,-2.71913800574633,0.768068053660686));
#3143=CARTESIAN_POINT('',(-1.02389718116885,-2.70668020122534,0.807264238854504));
#3144=CARTESIAN_POINT('',(-1.02493055171005,-2.69338953473068,0.846123308358221));
#3145=CARTESIAN_POINT('',(-1.02596392414273,-2.68009884390873,0.884982448989683));
#3146=CARTESIAN_POINT('',(-1.02699689213297,-2.66597541934101,0.923504174342296));
#3147=CARTESIAN_POINT('',(-1.02802906055549,-2.65104485185933,0.961637882560048));
#3148=CARTESIAN_POINT('',(-1.02906123171359,-2.63611424480691,0.999771691844162));
#3149=CARTESIAN_POINT('',(-1.03009259596834,-2.62037664011272,1.03751720909211));
#3150=CARTESIAN_POINT('',(-1.03215244452469,-2.5873536847291,1.11211947924393));
#3151=CARTESIAN_POINT('',(-1.03318486206909,-2.57000633576011,1.14911936539861));
#3152=CARTESIAN_POINT('',(-1.03422019675013,-2.55182308214195,1.18579283827421));
#3153=CARTESIAN_POINT('',(-1.03525548567987,-2.53364063203937,1.22246469055388));
#3154=CARTESIAN_POINT('',(-1.03629349954511,-2.51462542788527,1.25880318006514));
#3155=CARTESIAN_POINT('',(-1.03733378171194,-2.49479597373339,1.29475323878904));
#3156=CARTESIAN_POINT('',(-1.03837406179769,-2.47496655925033,1.33070322559488));
#3157=CARTESIAN_POINT('',(-1.0394166023315,-2.45432303459921,1.36626447563388));
#3158=CARTESIAN_POINT('',(-1.0404608885958,-2.4328894625332,1.40138232628148));
#3159=CARTESIAN_POINT('',(-1.04150517360313,-2.41145591626613,1.43650013465879));
#3160=CARTESIAN_POINT('',(-1.04255119621468,-2.38923249028484,1.4711742399841));
#3161=CARTESIAN_POINT('',(-1.04359840294202,-2.36624852772479,1.50535155688492));
#3162=CARTESIAN_POINT('',(-1.04464560920685,-2.34326457531562,1.53952885869129));
#3163=CARTESIAN_POINT('',(-1.04569399130411,-2.31952027861102,1.57320907687867));
#3164=CARTESIAN_POINT('',(-1.04779195998191,-2.27057931463954,1.63947442528969));
#3165=CARTESIAN_POINT('',(-1.04884153823526,-2.24538286061889,1.67205927450316));
#3166=CARTESIAN_POINT('',(-1.04989113468463,-2.21949878195753,1.70404936509034));
#3167=CARTESIAN_POINT('',(-1.0509407322568,-2.19361467560714,1.73603948989835));
#3168=CARTESIAN_POINT('',(-1.0519903397702,-2.16704317475756,1.76743459474685));
#3169=CARTESIAN_POINT('',(-1.0530393990333,-2.13982598573314,1.79819208017354));
#3170=CARTESIAN_POINT('',(-1.0540884602525,-2.11260874595868,1.82894962295162));
#3171=CARTESIAN_POINT('',(-1.05513696516373,-2.08474606035494,1.85906931008417));
#3172=CARTESIAN_POINT('',(-1.0561843935511,-2.05628199514121,1.888513534188));
#3173=CARTESIAN_POINT('',(-1.05723182478098,-2.02781785268173,1.91795783819758));
#3174=CARTESIAN_POINT('',(-1.05827817176541,-1.99875257961692,1.9467264735553));
#3175=CARTESIAN_POINT('',(-1.06036722836035,-1.93952582392431,2.0028334548804));
#3176=CARTESIAN_POINT('',(-1.06141400207516,-1.90924983333663,2.03028194912113));
#3177=CARTESIAN_POINT('',(-1.06246331766305,-1.87832296807656,2.05710010531841));
#3178=CARTESIAN_POINT('',(-1.0635125902589,-1.84739736993677,2.08391716273542));
#3179=CARTESIAN_POINT('',(-1.06456422431169,-1.81582606652734,2.11009906924455));
#3180=CARTESIAN_POINT('',(-1.06561768708269,-1.78364821417043,2.13560136145141));
#3181=CARTESIAN_POINT('',(-1.06667114771305,-1.75147042719891,2.16110360183761));
#3182=CARTESIAN_POINT('',(-1.06772642874269,-1.71868634765552,2.18592599157988));
#3183=CARTESIAN_POINT('',(-1.06878295672646,-1.68534021868417,2.21002667294847));
#3184=CARTESIAN_POINT('',(-1.06983948343343,-1.6519941300116,2.23412732519142));
#3185=CARTESIAN_POINT('',(-1.07089724851894,-1.61808627407029,2.25750604633368));
#3186=CARTESIAN_POINT('',(-1.07195565905521,-1.5836652436847,2.28012458741783));
#3187=CARTESIAN_POINT('',(-1.07301406914628,-1.54924422777732,2.30274311898814));
#3188=CARTESIAN_POINT('',(-1.07407311598331,-1.51431033966468,2.32460126601157));
#3189=CARTESIAN_POINT('',(-1.0751322071926,-1.47891566095015,2.34566519346218));
#3190=CARTESIAN_POINT('',(-1.07619129877873,-1.4435209696421,2.36672912840742));
#3191=CARTESIAN_POINT('',(-1.0772504260255,-1.40766580419354,2.38699866160297));
#3192=CARTESIAN_POINT('',(-1.07830901673818,-1.37140475288826,2.40644498429242));
#3193=CARTESIAN_POINT('',(-1.07936760866308,-1.3351436600593,2.42589132925047));
#3194=CARTESIAN_POINT('',(-1.08042565545864,-1.29847700584206,2.44451430751379));
#3195=CARTESIAN_POINT('',(-1.08148262512177,-1.26146078030462,2.46229055597906));
#3196=CARTESIAN_POINT('',(-1.0825395968681,-1.224444481811,2.48006683947997));
#3197=CARTESIAN_POINT('',(-1.08359548313293,-1.18707893765177,2.49699626635055));
#3198=CARTESIAN_POINT('',(-1.08464981330927,-1.14942030840088,2.51306113890557));
#3199=CARTESIAN_POINT('',(-1.08570414664325,-1.11176156636526,2.52912605957364));
#3200=CARTESIAN_POINT('',(-1.08675691525695,-1.07381008146676,2.54432632251979));
#3201=CARTESIAN_POINT('',(-1.08780773500256,-1.03562075825422,2.55864992671811));
#3202=CARTESIAN_POINT('',(-1.08885859507956,-0.997429969301474,2.57297408066911));
#3203=CARTESIAN_POINT('',(-1.08991099155043,-0.958874528143636,2.58646900149115));
#3204=CARTESIAN_POINT('',(-1.0909644576048,-0.92000850803176,2.59910891928137));
#3205=CARTESIAN_POINT('',(-1.09201792236876,-0.881142535527277,2.61174882158881));
#3206=CARTESIAN_POINT('',(-1.09307244825725,-0.841966315393107,2.6235335969734));
#3207=CARTESIAN_POINT('',(-1.09412756687358,-0.802536915220803,2.63444208660878));
#3208=CARTESIAN_POINT('',(-1.09518268506383,-0.763107530970951,2.64535057183908));
#3209=CARTESIAN_POINT('',(-1.0962383873806,-0.723425311564106,2.65538267119092));
#3210=CARTESIAN_POINT('',(-1.09729422488804,-0.683549227702996,2.66452234497084));
#3211=CARTESIAN_POINT('',(-1.09835006282448,-0.643673127640088,2.67366202246425));
#3212=CARTESIAN_POINT('',(-1.09940602736516,-0.603603514377839,2.68190920021431));
#3213=CARTESIAN_POINT('',(-1.10046170952174,-0.563400111263775,2.68925323587673));
#3214=CARTESIAN_POINT('',(-1.10151739297685,-0.523196658697732,2.69659728057263));
#3215=CARTESIAN_POINT('',(-1.10257278559954,-0.482859766458805,2.70303813662542));
#3216=CARTESIAN_POINT('',(-1.10362753911154,-0.442448700460275,2.70857060612439));
#3217=CARTESIAN_POINT('',(-1.10362753911153,2.49775727484522,1.13724411489257));
#3218=AXIS2_PLACEMENT_3D('',#7811,#7812,#7813);
#3219=CARTESIAN_POINT('',(-0.71945253911154,-0.931454223474833,2.98677293505816));
#3220=CARTESIAN_POINT('',(-0.71945253911154,-0.931454223474853,2.98677293505816));
#3221=CARTESIAN_POINT('',(-0.72318345697711,-0.888322477133011,2.99631585324783));
#3222=CARTESIAN_POINT('',(-0.72692536763802,-0.844926368835772,3.00495622113305));
#3223=CARTESIAN_POINT('',(-0.73067691749379,-0.80132275585189,3.01267209849311));
#3224=CARTESIAN_POINT('',(-0.7344284618797,-0.757719206443177,3.02038796460323));
#3225=CARTESIAN_POINT('',(-0.73818961979342,-0.713908467580245,3.02717926678591));
#3226=CARTESIAN_POINT('',(-0.74195903544712,-0.669950089640509,3.03302873071088));
#3227=CARTESIAN_POINT('',(-0.74572844825592,-0.625991744877524,3.03887819022108));
#3228=CARTESIAN_POINT('',(-0.74950609254082,-0.581886087579582,3.04378576021367));
#3229=CARTESIAN_POINT('',(-0.75707526172392,-0.493502528277178,3.05169267683752));
#3230=CARTESIAN_POINT('',(-0.76086676007481,-0.449224957909299,3.05469199560418));
#3231=CARTESIAN_POINT('',(-0.76466401131102,-0.404923347009715,3.05673018164578));
#3232=CARTESIAN_POINT('',(-0.76846126489769,-0.360621708687886,3.05876836894898));
#3233=CARTESIAN_POINT('',(-0.77226424486444,-0.316296360115232,3.05984541986522));
#3234=CARTESIAN_POINT('',(-0.77607198647139,-0.272008520096416,3.05995953585389));
#3235=CARTESIAN_POINT('',(-0.77987973313257,-0.22772062129172,3.06007365199398));
#3236=CARTESIAN_POINT('',(-0.78369221534239,-0.183470553016915,3.05922485405172));
#3237=CARTESIAN_POINT('',(-0.79132303021166,-0.0951909443946085,3.05560877527889));
#3238=CARTESIAN_POINT('',(-0.79515000626436,-0.0510608797081547,3.05283976396562));
#3239=CARTESIAN_POINT('',(-0.79899673764199,-0.00690254431852866,3.04909298848103));
#3240=CARTESIAN_POINT('',(-0.80284283083416,0.0372484650572247,3.04534683459888));
#3241=CARTESIAN_POINT('',(-0.80670129040249,0.081397876699141,3.04062925654025));
#3242=CARTESIAN_POINT('',(-0.81056952749782,0.125480619238072,3.03493509576947));
#3243=CARTESIAN_POINT('',(-0.81443776688649,0.169563387912012,3.02924093162282));
#3244=CARTESIAN_POINT('',(-0.81831635767173,0.213579367156888,3.02256959144149));
#3245=CARTESIAN_POINT('',(-0.82220427756865,0.257461886209137,3.01492013283945));
#3246=CARTESIAN_POINT('',(-0.82609219217989,0.301344345602585,3.00727068463696));
#3247=CARTESIAN_POINT('',(-0.82998940496166,0.345092954650399,2.99864316908361));
#3248=CARTESIAN_POINT('',(-0.83389469666303,0.388640393499409,2.98904289363134));
#3249=CARTESIAN_POINT('',(-0.83779998617178,0.432187807898853,2.97944262356911));
#3250=CARTESIAN_POINT('',(-0.84171332282554,0.475533659863237,2.96886967459372));
#3251=CARTESIAN_POINT('',(-0.8495533822263,0.561688901204741,2.94580141733911));
#3252=CARTESIAN_POINT('',(-0.85348007276223,0.604497904010062,2.93330621876611));
#3253=CARTESIAN_POINT('',(-0.85741199755629,0.646973495855226,2.91986734358462));
#3254=CARTESIAN_POINT('',(-0.86134392639492,0.689449131392838,2.90642845457927));
#3255=CARTESIAN_POINT('',(-0.86528105728221,0.731590983049512,2.89204602551957));
#3256=CARTESIAN_POINT('',(-0.86922196186533,0.773337331645413,2.87674278937115));
#3257=CARTESIAN_POINT('',(-0.87316287381166,0.815083758240402,2.86143952463004));
#3258=CARTESIAN_POINT('',(-0.87710752774818,0.856434330969193,2.84521561347724));
#3259=CARTESIAN_POINT('',(-0.8810545715513,0.897331522230201,2.82809832052581));
#3260=CARTESIAN_POINT('',(-0.88500162627058,0.938228826598637,2.81098098023388));
#3261=CARTESIAN_POINT('',(-0.88895104025103,0.978672429967758,2.79297043909706));
#3262=CARTESIAN_POINT('',(-0.89684993423233,1.05852459201569,2.75523528489954));
#3263=CARTESIAN_POINT('',(-0.90081483983783,1.09809002528047,2.73543818263251));
#3264=CARTESIAN_POINT('',(-0.9047972099735,1.1372642506238,2.71470934940689));
#3265=CARTESIAN_POINT('',(-0.90877937436717,1.17643645210113,2.6939815870992));
#3266=CARTESIAN_POINT('',(-0.91277813754188,1.21520871641308,2.67232632278417));
#3267=CARTESIAN_POINT('',(-0.91679167493207,1.25351430164786,2.64976526600695));
#3268=CARTESIAN_POINT('',(-0.92080520348464,1.29181980253547,2.62720425890813));
#3269=CARTESIAN_POINT('',(-0.92483347018602,1.32965823269755,2.60373765551258));
#3270=CARTESIAN_POINT('',(-0.92887441176405,1.36696370343598,2.57939409566048));
#3271=CARTESIAN_POINT('',(-0.932915348232672,1.40426912700492,2.55505056658873));
#3272=CARTESIAN_POINT('',(-0.936968922076427,1.44104120464952,2.52983031408863));
#3273=CARTESIAN_POINT('',(-0.945096904428891,1.51339152556065,2.47770662519991));
#3274=CARTESIAN_POINT('',(-0.949171274539959,1.54896939584289,2.45080345416255));
#3275=CARTESIAN_POINT('',(-0.953253730537002,1.58389003698028,2.42309987965753));
#3276=CARTESIAN_POINT('',(-0.957336188718274,1.61881069680121,2.39539629033029));
#3277=CARTESIAN_POINT('',(-0.961426694052386,1.65307377609852,2.36689258998365));
#3278=CARTESIAN_POINT('',(-0.965522962797479,1.68662407127784,2.33763458012541));
#3279=CARTESIAN_POINT('',(-0.969619237513069,1.72017441535827,2.30837652762229));
#3280=CARTESIAN_POINT('',(-0.973721237184174,1.75301165361504,2.27836447897741));
#3281=CARTESIAN_POINT('',(-0.977826779627657,1.78508627094133,2.24764793462966));
#3282=CARTESIAN_POINT('',(-0.986040117628175,1.84925310808029,2.1861979887555));
#3283=CARTESIAN_POINT('',(-0.994257824917492,1.91029366148207,2.12200458137126));
#3284=CARTESIAN_POINT('',(-1.00249159710301,1.96807677955317,2.05527296653702));
#3285=CARTESIAN_POINT('',(-1.006614532187,1.99701078931079,2.02185813432981));
#3286=CARTESIAN_POINT('',(-1.01075544245298,2.02522532402409,1.98769313052615));
#3287=CARTESIAN_POINT('',(-1.01491210826925,2.05266211275181,1.95282306838331));
#3288=CARTESIAN_POINT('',(-1.01906876159366,2.08009881902488,1.91795311103405));
#3289=CARTESIAN_POINT('',(-1.02324112848547,2.10675744701702,1.88237844902616));
#3290=CARTESIAN_POINT('',(-1.02742673737407,2.132582685538,1.84615136462743));
#3291=CARTESIAN_POINT('',(-1.03161233827901,2.15840787479982,1.80992434932842));
#3292=CARTESIAN_POINT('',(-1.03581113720683,2.18339936069163,1.77304530722114));
#3293=CARTESIAN_POINT('',(-1.04002051980324,2.20750629300676,1.73557267571753));
#3294=CARTESIAN_POINT('',(-1.04422989873706,2.23161320434645,1.69810007681889));
#3295=CARTESIAN_POINT('',(-1.04844981609006,2.25483527423804,1.66003431718355));
#3296=CARTESIAN_POINT('',(-1.05690542187462,2.29941934641992,1.58284325830455));
#3297=CARTESIAN_POINT('',(-1.06114106448849,2.32078109372585,1.54371841150878));
#3298=CARTESIAN_POINT('',(-1.06538195802019,2.34117391072332,1.5041312193389));
#3299=CARTESIAN_POINT('',(-1.06962285652163,2.36156675161837,1.46454398077829));
#3300=CARTESIAN_POINT('',(-1.07386896029763,2.3809904464297,1.42449486291345));
#3301=CARTESIAN_POINT('',(-1.07811785352848,2.3994135079371,1.38405284453611));
#3302=CARTESIAN_POINT('',(-1.08236675630995,2.41783661085564,1.3436107352537));
#3303=CARTESIAN_POINT('',(-1.08661840390366,2.43525890981186,1.30277619356928));
#3304=CARTESIAN_POINT('',(-1.09087067057683,2.45165635570094,1.26161845187857));
#3305=CARTESIAN_POINT('',(-1.09512295171468,2.46805385736827,1.22046057018394));
#3306=CARTESIAN_POINT('',(-1.09937580924422,2.48342638589332,1.17897994502967));
#3307=CARTESIAN_POINT('',(-1.10362753911153,2.49775727484522,1.13724411489256));
#3308=CARTESIAN_POINT('',(-0.71945253911154,2.0755202382803,2.34107566655029));
#3309=AXIS2_PLACEMENT_3D('',#7814,#7815,#7816);
#3310=CARTESIAN_POINT('',(-0.71945253911154,2.0755202382803,2.3410756665503));
#3311=CARTESIAN_POINT('',(-0.72007169942788,2.09540329488908,2.3226205521618));
#3312=CARTESIAN_POINT('',(-0.72069113590173,2.11504816220343,2.30390487403716));
#3313=CARTESIAN_POINT('',(-0.72131073109166,2.13444471750481,2.28493796211854));
#3314=CARTESIAN_POINT('',(-0.72193018696115,2.15383691135081,2.2659753150469));
#3315=CARTESIAN_POINT('',(-0.72255037502967,2.17299898441771,2.24674409658617));
#3316=CARTESIAN_POINT('',(-0.7231716077096,2.19193262860718,2.22723896975504));
#3317=CARTESIAN_POINT('',(-0.72441400514069,2.22979784668406,2.18823084888371));
#3318=CARTESIAN_POINT('',(-0.72566000870832,2.26673113793328,2.14814419712705));
#3319=CARTESIAN_POINT('',(-0.72690876474866,2.30264594871493,2.10704556193634));
#3320=CARTESIAN_POINT('',(-0.72815751618218,2.3385606270024,2.06594707836358));
#3321=CARTESIAN_POINT('',(-0.72940900082771,2.37345617403187,2.02383724113022));
#3322=CARTESIAN_POINT('',(-0.73066227025445,2.40725075898787,1.98079439590948));
#3323=CARTESIAN_POINT('',(-0.73191553709207,2.44104527412819,1.93775163961022));
#3324=CARTESIAN_POINT('',(-0.73317056867717,2.47373821323632,1.89377658957745));
#3325=CARTESIAN_POINT('',(-0.73442637201821,2.50525525456876,1.84895761072117));
#3326=CARTESIAN_POINT('',(-0.73568217469543,2.53677227924124,1.80413865555628));
#3327=CARTESIAN_POINT('',(-0.73693872874514,2.5671128470485,1.75847654981824));
#3328=CARTESIAN_POINT('',(-0.73819504344431,2.59621232728414,1.71206748821852));
#3329=CARTESIAN_POINT('',(-0.73945135938574,2.62531183629387,1.66565838072866));
#3330=CARTESIAN_POINT('',(-0.74070741564762,2.65316976914617,1.61850313837377));
#3331=CARTESIAN_POINT('',(-0.74196226977247,2.67973278157889,1.57070319626699));
#3332=CARTESIAN_POINT('',(-0.74321712710072,2.70629586182183,1.52290313213622));
#3333=CARTESIAN_POINT('',(-0.74447076242952,2.73156361759252,1.47445920892868));
#3334=CARTESIAN_POINT('',(-0.74572232935376,2.75549499482456,1.42547510522504));
#3335=CARTESIAN_POINT('',(-0.74697390156733,2.77942647319461,1.37649079450639));
#3336=CARTESIAN_POINT('',(-0.74822338642816,2.80202126633717,1.32696713744082));
#3337=CARTESIAN_POINT('',(-0.75071587750437,2.84446525500688,1.22708250843509));
#3338=CARTESIAN_POINT('',(-0.75196442735691,2.86441167624393,1.1765001997929));
#3339=CARTESIAN_POINT('',(-0.75321617517914,2.88305016086618,1.12530548152154));
#3340=CARTESIAN_POINT('',(-0.75446782622221,2.90168720445,1.07411472138078));
#3341=CARTESIAN_POINT('',(-0.75572226179546,2.91900944305475,1.02232824020473));
#3342=CARTESIAN_POINT('',(-0.75697872097767,2.93496567169989,0.970047449213257));
#3343=CARTESIAN_POINT('',(-0.7582351764747,2.95092185354551,0.917766811560998));
#3344=CARTESIAN_POINT('',(-0.75949363507349,2.96551168895244,0.864992760878604));
#3345=CARTESIAN_POINT('',(-0.76075331305246,2.97869416080344,0.811834630066844));
#3346=CARTESIAN_POINT('',(-0.7620129893805,2.99187661537755,0.758676568923885));
#3347=CARTESIAN_POINT('',(-0.7632738640897,3.00365144435964,0.705135377000382));
#3348=CARTESIAN_POINT('',(-0.76579649788433,3.02432732718755,0.597515457086004));
#3349=CARTESIAN_POINT('',(-0.76705823588567,3.03322820125661,0.543437703972806));
#3350=CARTESIAN_POINT('',(-0.7683197127511,3.04067533077139,0.489208536903953));
#3351=CARTESIAN_POINT('',(-0.76958119194143,3.04812247401121,0.434979269890812));
#3352=CARTESIAN_POINT('',(-0.7708423892194,3.05411578053148,0.380599561981547));
#3353=CARTESIAN_POINT('',(-0.77210274352889,3.0586512693474,0.326184602533294));
#3354=CARTESIAN_POINT('',(-0.77336310226448,3.06318677409103,0.271769451990838));
#3355=CARTESIAN_POINT('',(-0.77462259797554,3.06626445964373,0.217319991829919));
#3356=CARTESIAN_POINT('',(-0.77588084045684,3.06789239633852,0.16294688698938));
#3357=CARTESIAN_POINT('',(-0.77650996223896,3.0687063653865,0.13576031117045));
#3358=CARTESIAN_POINT('',(-0.77713877218379,3.06915807485382,0.108592797928005));
#3359=CARTESIAN_POINT('',(-0.77839547104449,3.06934099418514,0.0543325529307722));
#3360=CARTESIAN_POINT('',(-0.77902473714852,3.06907280196297,0.0271803101444149));
#3361=CARTESIAN_POINT('',(-0.7796553454233,3.0684421936882,4.03853279677702E-15));
#3362=COLOUR_RGB('',0.764705896377563,0.705882370471954,0.239215686917305);
#3363=CARTESIAN_POINT('',(-1.93039753911153,-2.6797,3.13565873755412E-16));
#3364=CARTESIAN_POINT('',(-1.54939753911153,-2.6797,1.62920983394948E-15));
#3365=VECTOR('',#7817,1.0);
#3366=CARTESIAN_POINT('',(-1.93039753911153,2.6797,-1.46027290121262E-17));
#3367=CARTESIAN_POINT('',(-1.54939753911153,2.6797,9.72872628414449E-16));
#3368=VECTOR('',#7818,1.0);
#3369=AXIS2_PLACEMENT_3D('',#7819,#7820,#7821);
#3370=COLOUR_RGB('',0.764705896377563,0.705882370471954,0.239215686917305);
#3371=CARTESIAN_POINT('',(-1.93039753911152,-2.96829278853936E-16,-2.423795));
#3372=CARTESIAN_POINT('',(-1.82879753911152,-2.84386867374599E-16,-2.322195));
#3373=CARTESIAN_POINT('',(-1.93039753911152,-2.96829278853936E-16,-2.423795));
#3374=VECTOR('',#7822,1.0);
#3375=CARTESIAN_POINT('',(-1.93039753911154,0.0,2.423795));
#3376=AXIS2_PLACEMENT_3D('',#7823,#7824,#7825);
#3377=CARTESIAN_POINT('',(-1.82879753911154,0.0,2.322195));
#3378=CARTESIAN_POINT('',(-1.93039753911154,2.96829278853936E-16,2.423795));
#3379=VECTOR('',#7826,1.0);
#3380=AXIS2_PLACEMENT_3D('',#7827,#7828,#7829);
#3381=COLOUR_RGB('',0.764705896377563,0.705882370471954,0.239215686917305);
#3382=CARTESIAN_POINT('',(2.46088847791473E-06,-2.84386867374599E-16,-2.32219499999999));
#3383=CARTESIAN_POINT('',(-0.914397539111522,-2.84386867374599E-16,-2.322195));
#3384=VECTOR('',#7830,1.0);
#3385=CARTESIAN_POINT('',(2.46088846034276E-06,0.0,2.32219500000001));
#3386=CARTESIAN_POINT('',(-0.914397539111538,2.84386867374599E-16,2.322195));
#3387=VECTOR('',#7831,1.0);
#3388=AXIS2_PLACEMENT_3D('',#7832,#7833,#7834);
#3389=COLOUR_RGB('',0.764705896377563,0.705882370471954,0.239215686917305);
#3390=CARTESIAN_POINT('',(2.93516786559031,2.74447,1.82556575419499E-14));
#3391=CARTESIAN_POINT('',(3.08181483396448,2.74447,1.87620491383338E-14));
#3392=CARTESIAN_POINT('',(0.99060246088847,2.74447,1.04081016058947E-14));
#3393=VECTOR('',#7835,1.0);
#3395=CARTESIAN_POINT('',(-1.10362753911154,-0.442448700460326,2.70857060612438));
#3396=CARTESIAN_POINT('',(-1.0454859306779,-1.84874535769676,2.47885013029515));
#3397=CARTESIAN_POINT('',(-1.00233079853333,-2.74447,1.39170860423823));
#3398=CARTESIAN_POINT('',(-0.945387689965272,-2.74447,6.85010600024628E-15));
#3399=CARTESIAN_POINT('',(-0.87960817603552,-2.74447,-1.6076733044739));
#3400=CARTESIAN_POINT('',(-0.83477831500611,-1.60767330447391,-2.74447));
#3401=CARTESIAN_POINT('',(-0.76899880107637,1.27483516356195E-15,-2.74447));
#3402=CARTESIAN_POINT('',(-0.70321928714663,1.60767330447391,-2.74447));
#3403=CARTESIAN_POINT('',(-0.65838942611722,2.74447,-1.60767330447392));
#3404=CARTESIAN_POINT('',(-0.59260991218749,2.74447,7.62565058773106E-16));
#3405=CARTESIAN_POINT('',(-0.52683039825776,2.74447,1.60767330447392));
#3406=CARTESIAN_POINT('',(-0.48200053722835,1.60767330447391,2.74447000000001));
#3407=CARTESIAN_POINT('',(-0.41622102329861,-7.06254387371839E-16,2.74447));
#3408=CARTESIAN_POINT('',(-0.35044150936887,-1.60767330447391,2.74447000000001));
#3409=CARTESIAN_POINT('',(-0.30561164833945,-2.74447,1.60767330447393));
#3410=CARTESIAN_POINT('',(-0.23983213440971,-2.74447,1.00445914058962E-14));
#3411=CARTESIAN_POINT('',(-0.17405262047997,-2.74447,-1.6076733044739));
#3412=CARTESIAN_POINT('',(-0.12922275945055,-1.60767330447391,-2.74447));
#3413=CARTESIAN_POINT('',(-0.06344324552081,3.27200536578431E-16,-2.74447));
#3414=CARTESIAN_POINT('',(0.00233626840892986,1.60767330447391,-2.74447));
#3415=CARTESIAN_POINT('',(0.0471661294383403,2.74447,-1.60767330447392));
#3416=CARTESIAN_POINT('',(0.11294564336807,2.74447,2.25130813585268E-15));
#3417=CARTESIAN_POINT('',(0.1787251572978,2.74447,1.60767330447392));
#3418=CARTESIAN_POINT('',(0.22355501832721,1.60767330447391,2.74447000000001));
#3419=CARTESIAN_POINT('',(0.28933453225695,5.18533142149772E-17,2.74447000000001));
#3420=CARTESIAN_POINT('',(0.35511404618669,-1.60767330447391,2.74447000000001));
#3421=CARTESIAN_POINT('',(0.3999439072161,-2.74447,1.60767330447393));
#3422=CARTESIAN_POINT('',(0.46572342114585,-2.74447,1.30495498861494E-14));
#3423=CARTESIAN_POINT('',(0.5315029350756,-2.74447,-1.6076733044739));
#3424=CARTESIAN_POINT('',(0.57633279610501,-1.60767330447391,-2.74446999999999));
#3425=CARTESIAN_POINT('',(0.64211231003474,-2.41380239611682E-16,-2.74446999999999));
#3426=CARTESIAN_POINT('',(0.70789182396448,1.60767330447391,-2.74446999999999));
#3427=CARTESIAN_POINT('',(0.75272168499391,2.74447,-1.60767330447391));
#3428=CARTESIAN_POINT('',(0.81850119892364,2.74447,4.30863198912241E-15));
#3429=CARTESIAN_POINT('',(0.88428071285337,2.74447,1.60767330447392));
#3430=CARTESIAN_POINT('',(0.92911057388277,1.60767330447391,2.74447000000001));
#3431=CARTESIAN_POINT('',(0.9948900878125,4.30907165008386E-16,2.74447000000001));
#3432=CARTESIAN_POINT('',(1.06066960174224,-1.60767330447391,2.74447000000001));
#3433=CARTESIAN_POINT('',(1.10549946277168,-2.74447,1.60767330447393));
#3434=CARTESIAN_POINT('',(1.17127897670142,-2.74447,1.64335622171961E-14));
#3435=CARTESIAN_POINT('',(1.23705849063116,-2.74447,-1.6076733044739));
#3436=CARTESIAN_POINT('',(1.28188835166057,-1.60767330447391,-2.74446999999999));
#3437=CARTESIAN_POINT('',(1.3476678655903,-8.09961015801794E-16,-2.74446999999999));
#3438=CARTESIAN_POINT('',(1.41344737952007,1.60767330447391,-2.74446999999999));
#3439=CARTESIAN_POINT('',(1.45827724054947,2.74447,-1.60767330447391));
#3440=CARTESIAN_POINT('',(1.52405675447919,2.74447,5.79737506620199E-15));
#3441=CARTESIAN_POINT('',(1.58983626840893,2.74447,1.60767330447391));
#3442=CARTESIAN_POINT('',(1.63466612943833,1.60767330447392,2.74447000000001));
#3443=CARTESIAN_POINT('',(1.70044564336807,1.08548880618271E-14,2.74447000000001));
#3444=CARTESIAN_POINT('',(1.76622515729783,-1.60767330447391,2.74447000000002));
#3445=CARTESIAN_POINT('',(1.81105501832724,-2.74447,1.60767330447394));
#3446=CARTESIAN_POINT('',(1.87683453225697,-2.74447,1.94385206974493E-14));
#3447=CARTESIAN_POINT('',(1.94261404618672,-2.74447,-1.60767330447389));
#3448=CARTESIAN_POINT('',(1.98744390721613,-1.60767330447391,-2.74446999999998));
#3449=CARTESIAN_POINT('',(2.05322342114589,-1.75759564278532E-15,-2.74446999999999));
#3450=CARTESIAN_POINT('',(2.11900293507563,1.60767330447391,-2.74446999999998));
#3451=CARTESIAN_POINT('',(2.16383279610503,2.74447,-1.60767330447389));
#3452=CARTESIAN_POINT('',(2.22961231003476,2.74447,1.73310451893069E-14));
#3453=CARTESIAN_POINT('',(2.29539182396449,2.74447,1.60767330447392));
#3454=CARTESIAN_POINT('',(2.34022168499389,1.60767330447392,2.74447000000002));
#3455=CARTESIAN_POINT('',(2.40600119892365,1.18025226888106E-14,2.74447000000002));
#3456=CARTESIAN_POINT('',(2.47178071285339,-1.60767330447391,2.74447000000002));
#3457=CARTESIAN_POINT('',(2.5166105738828,-2.74447,1.60767330447394));
#3458=CARTESIAN_POINT('',(2.58239008781254,-2.74447,2.24434791777025E-14));
#3459=CARTESIAN_POINT('',(2.64816960174228,-2.74447,-1.60767330447389));
#3460=CARTESIAN_POINT('',(2.69299946277169,-1.60767330447391,-2.74446999999998));
#3461=CARTESIAN_POINT('',(2.75877897670145,-2.32617641897543E-15,-2.74446999999998));
#3462=CARTESIAN_POINT('',(2.82455849063119,1.60767330447391,-2.74446999999998));
#3463=CARTESIAN_POINT('',(2.8693883516606,2.74447,-1.60767330447389));
#3464=CARTESIAN_POINT('',(2.93516786559031,2.74447,1.93883690425765E-14));
#3465=CARTESIAN_POINT('',(2.98824923933282,2.74447,1.29732651447987));
#3466=CARTESIAN_POINT('',(3.030156662774,1.95010244026926,2.35030557803727));
#3467=CARTESIAN_POINT('',(3.08483246088846,0.648350086109429,2.66678790809131));
#3475=CARTESIAN_POINT('',(-1.10362753911154,2.49775727484522,1.13724411489257));
#3476=CARTESIAN_POINT('',(-1.05726021991585,2.02813689066942,2.16868293759559));
#3477=CARTESIAN_POINT('',(-1.01937020737857,1.08125497375648,2.74447000000001));
#3478=CARTESIAN_POINT('',(-0.975129610480007,8.10196275499402E-16,2.74447));
#3479=CARTESIAN_POINT('',(-0.90935009655026,-1.60767330447391,2.74447000000001));
#3480=CARTESIAN_POINT('',(-0.86452023552086,-2.74447,1.60767330447393));
#3481=CARTESIAN_POINT('',(-0.79874072159111,-2.74447,7.35673285632771E-15));
#3482=CARTESIAN_POINT('',(-0.73296120766136,-2.74447,-1.6076733044739));
#3483=CARTESIAN_POINT('',(-0.68813134663195,-1.60767330447391,-2.74447));
#3484=CARTESIAN_POINT('',(-0.62235183270221,1.27459990386435E-15,-2.74447));
#3485=CARTESIAN_POINT('',(-0.55657231877246,1.60767330447391,-2.74447));
#3486=CARTESIAN_POINT('',(-0.51174245774306,2.74447,-1.60767330447392));
#3487=CARTESIAN_POINT('',(-0.44596294381332,2.74447,1.26872139545935E-15));
#3488=CARTESIAN_POINT('',(-0.38018342988358,2.74447,1.60767330447392));
#3489=CARTESIAN_POINT('',(-0.33535356885419,1.60767330447391,2.74447000000001));
#3490=CARTESIAN_POINT('',(-0.26957405492444,-7.06019127674234E-16,2.74447000000001));
#3491=CARTESIAN_POINT('',(-0.2037945409947,-1.60767330447391,2.74447000000001));
#3492=CARTESIAN_POINT('',(-0.15896467996529,-2.74447,1.60767330447393));
#3493=CARTESIAN_POINT('',(-0.0931851660355398,-2.74447,1.05512182619777E-14));
#3494=CARTESIAN_POINT('',(-0.0274056521057899,-2.74447,-1.6076733044739));
#3495=CARTESIAN_POINT('',(0.0174242089236198,-1.60767330447391,-2.74447));
#3496=CARTESIAN_POINT('',(0.08320372285336,3.26965276880823E-16,-2.74446999999999));
#3497=CARTESIAN_POINT('',(0.1489832367831,1.60767330447391,-2.74447));
#3498=CARTESIAN_POINT('',(0.19381309781251,2.74447,-1.60767330447392));
#3499=CARTESIAN_POINT('',(0.25959261174224,2.74447,2.75746447253893E-15));
#3500=CARTESIAN_POINT('',(0.32537212567197,2.74447,1.60767330447392));
#3501=CARTESIAN_POINT('',(0.37020198670138,1.60767330447391,2.74447000000001));
#3502=CARTESIAN_POINT('',(0.43598150063112,5.20885739125846E-17,2.74447000000001));
#3503=CARTESIAN_POINT('',(0.50176101456086,-1.60767330447391,2.74447000000001));
#3504=CARTESIAN_POINT('',(0.54659087559027,-2.74447,1.60767330447393));
#3505=CARTESIAN_POINT('',(0.61237038952001,-2.74447,1.35561767422308E-14));
#3506=CARTESIAN_POINT('',(0.67814990344975,-2.74447,-1.6076733044739));
#3507=CARTESIAN_POINT('',(0.72297976447919,-1.60767330447391,-2.74446999999999));
#3508=CARTESIAN_POINT('',(0.78875927840893,-2.41615499309289E-16,-2.74446999999999));
#3509=CARTESIAN_POINT('',(0.85453879233867,1.60767330447391,-2.74446999999999));
#3510=CARTESIAN_POINT('',(0.89936865336807,2.74447,-1.60767330447391));
#3511=CARTESIAN_POINT('',(0.96514816729779,2.74447,4.81478832580861E-15));
#3512=CARTESIAN_POINT('',(1.03092768122752,2.74447,1.60767330447392));
#3513=CARTESIAN_POINT('',(1.07575754225695,1.60767330447391,2.74447000000001));
#3514=CARTESIAN_POINT('',(1.14153705618669,4.31142424705994E-16,2.74447000000001));
#3515=CARTESIAN_POINT('',(1.20731657011643,-1.60767330447391,2.74447000000001));
#3516=CARTESIAN_POINT('',(1.25214643114584,-2.74447,1.60767330447393));
#3517=CARTESIAN_POINT('',(1.31792594507557,-2.74447,1.69401890732775E-14));
#3518=CARTESIAN_POINT('',(1.38370545900532,-2.74447,-1.6076733044739));
#3519=CARTESIAN_POINT('',(1.42853532003475,-1.60767330447391,-2.74446999999999));
#3520=CARTESIAN_POINT('',(1.49431483396449,-8.10196275499402E-16,-2.74446999999999));
#3521=CARTESIAN_POINT('',(1.56009434789422,1.60767330447391,-2.74446999999999));
#3522=CARTESIAN_POINT('',(1.60492420892363,2.74447,-1.60767330447391));
#3523=CARTESIAN_POINT('',(1.67070372285335,2.74447,6.30353140288818E-15));
#3524=CARTESIAN_POINT('',(1.73648323678309,2.74447,1.60767330447391));
#3525=CARTESIAN_POINT('',(1.78131309781251,1.60767330447392,2.74447000000002));
#3526=CARTESIAN_POINT('',(1.84709261174225,1.08551233215247E-14,2.74447000000001));
#3527=CARTESIAN_POINT('',(1.91287212567198,-1.60767330447391,2.74447000000002));
#3528=CARTESIAN_POINT('',(1.9577019867014,-2.74447,1.60767330447394));
#3529=CARTESIAN_POINT('',(2.02348150063114,-2.74447,1.99451475535307E-14));
#3530=CARTESIAN_POINT('',(2.08926101456088,-2.74447,-1.60767330447389));
#3531=CARTESIAN_POINT('',(2.13409087559032,-1.60767330447391,-2.74446999999998));
#3532=CARTESIAN_POINT('',(2.19987038952005,-1.75783090248292E-15,-2.74446999999999));
#3533=CARTESIAN_POINT('',(2.26564990344979,1.60767330447391,-2.74446999999998));
#3534=CARTESIAN_POINT('',(2.31047976447919,2.74447,-1.60767330447389));
#3535=CARTESIAN_POINT('',(2.37625927840891,2.74447,1.78372015259931E-14));
#3536=CARTESIAN_POINT('',(2.44203879233865,2.74447,1.60767330447392));
#3537=CARTESIAN_POINT('',(2.48686865336805,1.60767330447392,2.74447000000002));
#3538=CARTESIAN_POINT('',(2.55264816729781,1.18027579485083E-14,2.74447000000002));
#3539=CARTESIAN_POINT('',(2.61842768122755,-1.60767330447391,2.74447000000002));
#3540=CARTESIAN_POINT('',(2.66325754225696,-2.74447,1.60767330447394));
#3541=CARTESIAN_POINT('',(2.7290370561867,-2.74447,2.29501060337839E-14));
#3542=CARTESIAN_POINT('',(2.79481657011644,-2.74447,-1.60767330447389));
#3543=CARTESIAN_POINT('',(2.83964643114585,-1.60767330447391,-2.74446999999998));
#3544=CARTESIAN_POINT('',(2.9054259450756,-2.32641167867304E-15,-2.74446999999998));
#3545=CARTESIAN_POINT('',(2.97120545900535,1.60767330447391,-2.74446999999998));
#3546=CARTESIAN_POINT('',(3.01603532003475,2.74447,-1.60767330447389));
#3547=CARTESIAN_POINT('',(3.08181483396448,2.74447,1.98945253792628E-14));
#3548=CARTESIAN_POINT('',(3.08281936120432,2.74447,0.0245509814626865));
#3549=CARTESIAN_POINT('',(3.0838251479729,2.7441405830712,0.0491446676062236));
#3550=CARTESIAN_POINT('',(3.08483246088847,2.74347820026367,0.0737763212557237));
#3557=COLOUR_RGB('',0.764705896377563,0.705882370471954,0.239215686917305);
#3558=CARTESIAN_POINT('',(2.7290370561867,-2.74447,1.93444091397954E-14));
#3560=CARTESIAN_POINT('',(-1.10362753911154,2.49775727484522,1.13724411489257));
#3561=CARTESIAN_POINT('',(-1.05726021991585,2.02813689066942,2.16868293759559));
#3562=CARTESIAN_POINT('',(-1.01937020737857,1.08125497375648,2.74447000000001));
#3563=CARTESIAN_POINT('',(-0.975129610480007,8.10196275499402E-16,2.74447));
#3564=CARTESIAN_POINT('',(-0.90935009655026,-1.60767330447391,2.74447000000001));
#3565=CARTESIAN_POINT('',(-0.86452023552086,-2.74447,1.60767330447393));
#3566=CARTESIAN_POINT('',(-0.79874072159111,-2.74447,7.35673285632771E-15));
#3567=CARTESIAN_POINT('',(-0.73296120766136,-2.74447,-1.6076733044739));
#3568=CARTESIAN_POINT('',(-0.68813134663195,-1.60767330447391,-2.74447));
#3569=CARTESIAN_POINT('',(-0.62235183270221,1.27459990386435E-15,-2.74447));
#3570=CARTESIAN_POINT('',(-0.55657231877246,1.60767330447391,-2.74447));
#3571=CARTESIAN_POINT('',(-0.51174245774306,2.74447,-1.60767330447392));
#3572=CARTESIAN_POINT('',(-0.44596294381332,2.74447,1.26872139545935E-15));
#3573=CARTESIAN_POINT('',(-0.38018342988358,2.74447,1.60767330447392));
#3574=CARTESIAN_POINT('',(-0.33535356885419,1.60767330447391,2.74447000000001));
#3575=CARTESIAN_POINT('',(-0.26957405492444,-7.06019127674234E-16,2.74447000000001));
#3576=CARTESIAN_POINT('',(-0.2037945409947,-1.60767330447391,2.74447000000001));
#3577=CARTESIAN_POINT('',(-0.15896467996529,-2.74447,1.60767330447393));
#3578=CARTESIAN_POINT('',(-0.0931851660355398,-2.74447,1.05512182619777E-14));
#3579=CARTESIAN_POINT('',(-0.0274056521057899,-2.74447,-1.6076733044739));
#3580=CARTESIAN_POINT('',(0.0174242089236198,-1.60767330447391,-2.74447));
#3581=CARTESIAN_POINT('',(0.08320372285336,3.26965276880823E-16,-2.74446999999999));
#3582=CARTESIAN_POINT('',(0.1489832367831,1.60767330447391,-2.74447));
#3583=CARTESIAN_POINT('',(0.19381309781251,2.74447,-1.60767330447392));
#3584=CARTESIAN_POINT('',(0.25959261174224,2.74447,2.75746447253893E-15));
#3585=CARTESIAN_POINT('',(0.32537212567197,2.74447,1.60767330447392));
#3586=CARTESIAN_POINT('',(0.37020198670138,1.60767330447391,2.74447000000001));
#3587=CARTESIAN_POINT('',(0.43598150063112,5.20885739125846E-17,2.74447000000001));
#3588=CARTESIAN_POINT('',(0.50176101456086,-1.60767330447391,2.74447000000001));
#3589=CARTESIAN_POINT('',(0.54659087559027,-2.74447,1.60767330447393));
#3590=CARTESIAN_POINT('',(0.61237038952001,-2.74447,1.35561767422308E-14));
#3591=CARTESIAN_POINT('',(0.67814990344975,-2.74447,-1.6076733044739));
#3592=CARTESIAN_POINT('',(0.72297976447919,-1.60767330447391,-2.74446999999999));
#3593=CARTESIAN_POINT('',(0.78875927840893,-2.41615499309289E-16,-2.74446999999999));
#3594=CARTESIAN_POINT('',(0.85453879233867,1.60767330447391,-2.74446999999999));
#3595=CARTESIAN_POINT('',(0.89936865336807,2.74447,-1.60767330447391));
#3596=CARTESIAN_POINT('',(0.96514816729779,2.74447,4.81478832580861E-15));
#3597=CARTESIAN_POINT('',(1.03092768122752,2.74447,1.60767330447392));
#3598=CARTESIAN_POINT('',(1.07575754225695,1.60767330447391,2.74447000000001));
#3599=CARTESIAN_POINT('',(1.14153705618669,4.31142424705994E-16,2.74447000000001));
#3600=CARTESIAN_POINT('',(1.20731657011643,-1.60767330447391,2.74447000000001));
#3601=CARTESIAN_POINT('',(1.25214643114584,-2.74447,1.60767330447393));
#3602=CARTESIAN_POINT('',(1.31792594507557,-2.74447,1.69401890732775E-14));
#3603=CARTESIAN_POINT('',(1.38370545900532,-2.74447,-1.6076733044739));
#3604=CARTESIAN_POINT('',(1.42853532003475,-1.60767330447391,-2.74446999999999));
#3605=CARTESIAN_POINT('',(1.49431483396449,-8.10196275499402E-16,-2.74446999999999));
#3606=CARTESIAN_POINT('',(1.56009434789422,1.60767330447391,-2.74446999999999));
#3607=CARTESIAN_POINT('',(1.60492420892363,2.74447,-1.60767330447391));
#3608=CARTESIAN_POINT('',(1.67070372285335,2.74447,6.30353140288818E-15));
#3609=CARTESIAN_POINT('',(1.73648323678309,2.74447,1.60767330447391));
#3610=CARTESIAN_POINT('',(1.78131309781251,1.60767330447392,2.74447000000002));
#3611=CARTESIAN_POINT('',(1.84709261174225,1.08551233215247E-14,2.74447000000001));
#3612=CARTESIAN_POINT('',(1.91287212567198,-1.60767330447391,2.74447000000002));
#3613=CARTESIAN_POINT('',(1.9577019867014,-2.74447,1.60767330447394));
#3614=CARTESIAN_POINT('',(2.02348150063114,-2.74447,1.99451475535307E-14));
#3615=CARTESIAN_POINT('',(2.08926101456088,-2.74447,-1.60767330447389));
#3616=CARTESIAN_POINT('',(2.13409087559032,-1.60767330447391,-2.74446999999998));
#3617=CARTESIAN_POINT('',(2.19987038952005,-1.75783090248292E-15,-2.74446999999999));
#3618=CARTESIAN_POINT('',(2.26564990344979,1.60767330447391,-2.74446999999998));
#3619=CARTESIAN_POINT('',(2.31047976447919,2.74447,-1.60767330447389));
#3620=CARTESIAN_POINT('',(2.37625927840891,2.74447,1.78372015259931E-14));
#3621=CARTESIAN_POINT('',(2.44203879233865,2.74447,1.60767330447392));
#3622=CARTESIAN_POINT('',(2.48686865336805,1.60767330447392,2.74447000000002));
#3623=CARTESIAN_POINT('',(2.55264816729781,1.18027579485083E-14,2.74447000000002));
#3624=CARTESIAN_POINT('',(2.61842768122755,-1.60767330447391,2.74447000000002));
#3625=CARTESIAN_POINT('',(2.66325754225696,-2.74447,1.60767330447394));
#3626=CARTESIAN_POINT('',(2.7290370561867,-2.74447,2.29501060337839E-14));
#3627=CARTESIAN_POINT('',(2.79481657011644,-2.74447,-1.60767330447389));
#3628=CARTESIAN_POINT('',(2.83964643114585,-1.60767330447391,-2.74446999999998));
#3629=CARTESIAN_POINT('',(2.9054259450756,-2.32641167867304E-15,-2.74446999999998));
#3630=CARTESIAN_POINT('',(2.97120545900535,1.60767330447391,-2.74446999999998));
#3631=CARTESIAN_POINT('',(3.01603532003475,2.74447,-1.60767330447389));
#3632=CARTESIAN_POINT('',(3.08181483396448,2.74447,1.98945253792628E-14));
#3633=CARTESIAN_POINT('',(3.08281936120432,2.74447,0.0245509814626865));
#3634=CARTESIAN_POINT('',(3.0838251479729,2.7441405830712,0.0491446676062236));
#3635=CARTESIAN_POINT('',(3.08483246088847,2.74347820026367,0.0737763212557237));
#3642=CARTESIAN_POINT('',(2.58239008781254,-2.74447,1.88380175434116E-14));
#3643=CARTESIAN_POINT('',(0.99060246088847,-2.74447,9.73590032572349E-15));
#3644=VECTOR('',#7836,1.0);
#3646=CARTESIAN_POINT('',(-1.10362753911154,-0.442448700460326,2.70857060612438));
#3647=CARTESIAN_POINT('',(-1.0454859306779,-1.84874535769676,2.47885013029515));
#3648=CARTESIAN_POINT('',(-1.00233079853333,-2.74447,1.39170860423823));
#3649=CARTESIAN_POINT('',(-0.945387689965272,-2.74447,6.85010600024628E-15));
#3650=CARTESIAN_POINT('',(-0.87960817603552,-2.74447,-1.6076733044739));
#3651=CARTESIAN_POINT('',(-0.83477831500611,-1.60767330447391,-2.74447));
#3652=CARTESIAN_POINT('',(-0.76899880107637,1.27483516356195E-15,-2.74447));
#3653=CARTESIAN_POINT('',(-0.70321928714663,1.60767330447391,-2.74447));
#3654=CARTESIAN_POINT('',(-0.65838942611722,2.74447,-1.60767330447392));
#3655=CARTESIAN_POINT('',(-0.59260991218749,2.74447,7.62565058773106E-16));
#3656=CARTESIAN_POINT('',(-0.52683039825776,2.74447,1.60767330447392));
#3657=CARTESIAN_POINT('',(-0.48200053722835,1.60767330447391,2.74447000000001));
#3658=CARTESIAN_POINT('',(-0.41622102329861,-7.06254387371839E-16,2.74447));
#3659=CARTESIAN_POINT('',(-0.35044150936887,-1.60767330447391,2.74447000000001));
#3660=CARTESIAN_POINT('',(-0.30561164833945,-2.74447,1.60767330447393));
#3661=CARTESIAN_POINT('',(-0.23983213440971,-2.74447,1.00445914058962E-14));
#3662=CARTESIAN_POINT('',(-0.17405262047997,-2.74447,-1.6076733044739));
#3663=CARTESIAN_POINT('',(-0.12922275945055,-1.60767330447391,-2.74447));
#3664=CARTESIAN_POINT('',(-0.06344324552081,3.27200536578431E-16,-2.74447));
#3665=CARTESIAN_POINT('',(0.00233626840892986,1.60767330447391,-2.74447));
#3666=CARTESIAN_POINT('',(0.0471661294383403,2.74447,-1.60767330447392));
#3667=CARTESIAN_POINT('',(0.11294564336807,2.74447,2.25130813585268E-15));
#3668=CARTESIAN_POINT('',(0.1787251572978,2.74447,1.60767330447392));
#3669=CARTESIAN_POINT('',(0.22355501832721,1.60767330447391,2.74447000000001));
#3670=CARTESIAN_POINT('',(0.28933453225695,5.18533142149772E-17,2.74447000000001));
#3671=CARTESIAN_POINT('',(0.35511404618669,-1.60767330447391,2.74447000000001));
#3672=CARTESIAN_POINT('',(0.3999439072161,-2.74447,1.60767330447393));
#3673=CARTESIAN_POINT('',(0.46572342114585,-2.74447,1.30495498861494E-14));
#3674=CARTESIAN_POINT('',(0.5315029350756,-2.74447,-1.6076733044739));
#3675=CARTESIAN_POINT('',(0.57633279610501,-1.60767330447391,-2.74446999999999));
#3676=CARTESIAN_POINT('',(0.64211231003474,-2.41380239611682E-16,-2.74446999999999));
#3677=CARTESIAN_POINT('',(0.70789182396448,1.60767330447391,-2.74446999999999));
#3678=CARTESIAN_POINT('',(0.75272168499391,2.74447,-1.60767330447391));
#3679=CARTESIAN_POINT('',(0.81850119892364,2.74447,4.30863198912241E-15));
#3680=CARTESIAN_POINT('',(0.88428071285337,2.74447,1.60767330447392));
#3681=CARTESIAN_POINT('',(0.92911057388277,1.60767330447391,2.74447000000001));
#3682=CARTESIAN_POINT('',(0.9948900878125,4.30907165008386E-16,2.74447000000001));
#3683=CARTESIAN_POINT('',(1.06066960174224,-1.60767330447391,2.74447000000001));
#3684=CARTESIAN_POINT('',(1.10549946277168,-2.74447,1.60767330447393));
#3685=CARTESIAN_POINT('',(1.17127897670142,-2.74447,1.64335622171961E-14));
#3686=CARTESIAN_POINT('',(1.23705849063116,-2.74447,-1.6076733044739));
#3687=CARTESIAN_POINT('',(1.28188835166057,-1.60767330447391,-2.74446999999999));
#3688=CARTESIAN_POINT('',(1.3476678655903,-8.09961015801794E-16,-2.74446999999999));
#3689=CARTESIAN_POINT('',(1.41344737952007,1.60767330447391,-2.74446999999999));
#3690=CARTESIAN_POINT('',(1.45827724054947,2.74447,-1.60767330447391));
#3691=CARTESIAN_POINT('',(1.52405675447919,2.74447,5.79737506620199E-15));
#3692=CARTESIAN_POINT('',(1.58983626840893,2.74447,1.60767330447391));
#3693=CARTESIAN_POINT('',(1.63466612943833,1.60767330447392,2.74447000000001));
#3694=CARTESIAN_POINT('',(1.70044564336807,1.08548880618271E-14,2.74447000000001));
#3695=CARTESIAN_POINT('',(1.76622515729783,-1.60767330447391,2.74447000000002));
#3696=CARTESIAN_POINT('',(1.81105501832724,-2.74447,1.60767330447394));
#3697=CARTESIAN_POINT('',(1.87683453225697,-2.74447,1.94385206974493E-14));
#3698=CARTESIAN_POINT('',(1.94261404618672,-2.74447,-1.60767330447389));
#3699=CARTESIAN_POINT('',(1.98744390721613,-1.60767330447391,-2.74446999999998));
#3700=CARTESIAN_POINT('',(2.05322342114589,-1.75759564278532E-15,-2.74446999999999));
#3701=CARTESIAN_POINT('',(2.11900293507563,1.60767330447391,-2.74446999999998));
#3702=CARTESIAN_POINT('',(2.16383279610503,2.74447,-1.60767330447389));
#3703=CARTESIAN_POINT('',(2.22961231003476,2.74447,1.73310451893069E-14));
#3704=CARTESIAN_POINT('',(2.29539182396449,2.74447,1.60767330447392));
#3705=CARTESIAN_POINT('',(2.34022168499389,1.60767330447392,2.74447000000002));
#3706=CARTESIAN_POINT('',(2.40600119892365,1.18025226888106E-14,2.74447000000002));
#3707=CARTESIAN_POINT('',(2.47178071285339,-1.60767330447391,2.74447000000002));
#3708=CARTESIAN_POINT('',(2.5166105738828,-2.74447,1.60767330447394));
#3709=CARTESIAN_POINT('',(2.58239008781254,-2.74447,2.24434791777025E-14));
#3710=CARTESIAN_POINT('',(2.64816960174228,-2.74447,-1.60767330447389));
#3711=CARTESIAN_POINT('',(2.69299946277169,-1.60767330447391,-2.74446999999998));
#3712=CARTESIAN_POINT('',(2.75877897670145,-2.32617641897543E-15,-2.74446999999998));
#3713=CARTESIAN_POINT('',(2.82455849063119,1.60767330447391,-2.74446999999998));
#3714=CARTESIAN_POINT('',(2.8693883516606,2.74447,-1.60767330447389));
#3715=CARTESIAN_POINT('',(2.93516786559031,2.74447,1.93883690425765E-14));
#3716=CARTESIAN_POINT('',(2.98824923933282,2.74447,1.29732651447987));
#3717=CARTESIAN_POINT('',(3.030156662774,1.95010244026926,2.35030557803727));
#3718=CARTESIAN_POINT('',(3.08483246088846,0.648350086109429,2.66678790809131));
#3725=COLOUR_RGB('',0.764705896377563,0.705882370471954,0.239215686917305);
#3726=CARTESIAN_POINT('',(2.22961231003476,2.74447,1.60088067632836E-14));
#3727=CARTESIAN_POINT('',(2.37625927840891,2.74447,1.65151983596674E-14));
#3728=CARTESIAN_POINT('',(0.99060246088847,2.74447,1.04081016058947E-14));
#3729=VECTOR('',#7837,1.0);
#3731=CARTESIAN_POINT('',(-1.10362753911154,-0.442448700460326,2.70857060612438));
#3732=CARTESIAN_POINT('',(-1.0454859306779,-1.84874535769676,2.47885013029515));
#3733=CARTESIAN_POINT('',(-1.00233079853333,-2.74447,1.39170860423823));
#3734=CARTESIAN_POINT('',(-0.945387689965272,-2.74447,6.85010600024628E-15));
#3735=CARTESIAN_POINT('',(-0.87960817603552,-2.74447,-1.6076733044739));
#3736=CARTESIAN_POINT('',(-0.83477831500611,-1.60767330447391,-2.74447));
#3737=CARTESIAN_POINT('',(-0.76899880107637,1.27483516356195E-15,-2.74447));
#3738=CARTESIAN_POINT('',(-0.70321928714663,1.60767330447391,-2.74447));
#3739=CARTESIAN_POINT('',(-0.65838942611722,2.74447,-1.60767330447392));
#3740=CARTESIAN_POINT('',(-0.59260991218749,2.74447,7.62565058773106E-16));
#3741=CARTESIAN_POINT('',(-0.52683039825776,2.74447,1.60767330447392));
#3742=CARTESIAN_POINT('',(-0.48200053722835,1.60767330447391,2.74447000000001));
#3743=CARTESIAN_POINT('',(-0.41622102329861,-7.06254387371839E-16,2.74447));
#3744=CARTESIAN_POINT('',(-0.35044150936887,-1.60767330447391,2.74447000000001));
#3745=CARTESIAN_POINT('',(-0.30561164833945,-2.74447,1.60767330447393));
#3746=CARTESIAN_POINT('',(-0.23983213440971,-2.74447,1.00445914058962E-14));
#3747=CARTESIAN_POINT('',(-0.17405262047997,-2.74447,-1.6076733044739));
#3748=CARTESIAN_POINT('',(-0.12922275945055,-1.60767330447391,-2.74447));
#3749=CARTESIAN_POINT('',(-0.06344324552081,3.27200536578431E-16,-2.74447));
#3750=CARTESIAN_POINT('',(0.00233626840892986,1.60767330447391,-2.74447));
#3751=CARTESIAN_POINT('',(0.0471661294383403,2.74447,-1.60767330447392));
#3752=CARTESIAN_POINT('',(0.11294564336807,2.74447,2.25130813585268E-15));
#3753=CARTESIAN_POINT('',(0.1787251572978,2.74447,1.60767330447392));
#3754=CARTESIAN_POINT('',(0.22355501832721,1.60767330447391,2.74447000000001));
#3755=CARTESIAN_POINT('',(0.28933453225695,5.18533142149772E-17,2.74447000000001));
#3756=CARTESIAN_POINT('',(0.35511404618669,-1.60767330447391,2.74447000000001));
#3757=CARTESIAN_POINT('',(0.3999439072161,-2.74447,1.60767330447393));
#3758=CARTESIAN_POINT('',(0.46572342114585,-2.74447,1.30495498861494E-14));
#3759=CARTESIAN_POINT('',(0.5315029350756,-2.74447,-1.6076733044739));
#3760=CARTESIAN_POINT('',(0.57633279610501,-1.60767330447391,-2.74446999999999));
#3761=CARTESIAN_POINT('',(0.64211231003474,-2.41380239611682E-16,-2.74446999999999));
#3762=CARTESIAN_POINT('',(0.70789182396448,1.60767330447391,-2.74446999999999));
#3763=CARTESIAN_POINT('',(0.75272168499391,2.74447,-1.60767330447391));
#3764=CARTESIAN_POINT('',(0.81850119892364,2.74447,4.30863198912241E-15));
#3765=CARTESIAN_POINT('',(0.88428071285337,2.74447,1.60767330447392));
#3766=CARTESIAN_POINT('',(0.92911057388277,1.60767330447391,2.74447000000001));
#3767=CARTESIAN_POINT('',(0.9948900878125,4.30907165008386E-16,2.74447000000001));
#3768=CARTESIAN_POINT('',(1.06066960174224,-1.60767330447391,2.74447000000001));
#3769=CARTESIAN_POINT('',(1.10549946277168,-2.74447,1.60767330447393));
#3770=CARTESIAN_POINT('',(1.17127897670142,-2.74447,1.64335622171961E-14));
#3771=CARTESIAN_POINT('',(1.23705849063116,-2.74447,-1.6076733044739));
#3772=CARTESIAN_POINT('',(1.28188835166057,-1.60767330447391,-2.74446999999999));
#3773=CARTESIAN_POINT('',(1.3476678655903,-8.09961015801794E-16,-2.74446999999999));
#3774=CARTESIAN_POINT('',(1.41344737952007,1.60767330447391,-2.74446999999999));
#3775=CARTESIAN_POINT('',(1.45827724054947,2.74447,-1.60767330447391));
#3776=CARTESIAN_POINT('',(1.52405675447919,2.74447,5.79737506620199E-15));
#3777=CARTESIAN_POINT('',(1.58983626840893,2.74447,1.60767330447391));
#3778=CARTESIAN_POINT('',(1.63466612943833,1.60767330447392,2.74447000000001));
#3779=CARTESIAN_POINT('',(1.70044564336807,1.08548880618271E-14,2.74447000000001));
#3780=CARTESIAN_POINT('',(1.76622515729783,-1.60767330447391,2.74447000000002));
#3781=CARTESIAN_POINT('',(1.81105501832724,-2.74447,1.60767330447394));
#3782=CARTESIAN_POINT('',(1.87683453225697,-2.74447,1.94385206974493E-14));
#3783=CARTESIAN_POINT('',(1.94261404618672,-2.74447,-1.60767330447389));
#3784=CARTESIAN_POINT('',(1.98744390721613,-1.60767330447391,-2.74446999999998));
#3785=CARTESIAN_POINT('',(2.05322342114589,-1.75759564278532E-15,-2.74446999999999));
#3786=CARTESIAN_POINT('',(2.11900293507563,1.60767330447391,-2.74446999999998));
#3787=CARTESIAN_POINT('',(2.16383279610503,2.74447,-1.60767330447389));
#3788=CARTESIAN_POINT('',(2.22961231003476,2.74447,1.73310451893069E-14));
#3789=CARTESIAN_POINT('',(2.29539182396449,2.74447,1.60767330447392));
#3790=CARTESIAN_POINT('',(2.34022168499389,1.60767330447392,2.74447000000002));
#3791=CARTESIAN_POINT('',(2.40600119892365,1.18025226888106E-14,2.74447000000002));
#3792=CARTESIAN_POINT('',(2.47178071285339,-1.60767330447391,2.74447000000002));
#3793=CARTESIAN_POINT('',(2.5166105738828,-2.74447,1.60767330447394));
#3794=CARTESIAN_POINT('',(2.58239008781254,-2.74447,2.24434791777025E-14));
#3795=CARTESIAN_POINT('',(2.64816960174228,-2.74447,-1.60767330447389));
#3796=CARTESIAN_POINT('',(2.69299946277169,-1.60767330447391,-2.74446999999998));
#3797=CARTESIAN_POINT('',(2.75877897670145,-2.32617641897543E-15,-2.74446999999998));
#3798=CARTESIAN_POINT('',(2.82455849063119,1.60767330447391,-2.74446999999998));
#3799=CARTESIAN_POINT('',(2.8693883516606,2.74447,-1.60767330447389));
#3800=CARTESIAN_POINT('',(2.93516786559031,2.74447,1.93883690425765E-14));
#3801=CARTESIAN_POINT('',(2.98824923933282,2.74447,1.29732651447987));
#3802=CARTESIAN_POINT('',(3.030156662774,1.95010244026926,2.35030557803727));
#3803=CARTESIAN_POINT('',(3.08483246088846,0.648350086109429,2.66678790809131));
#3811=CARTESIAN_POINT('',(-1.10362753911154,2.49775727484522,1.13724411489257));
#3812=CARTESIAN_POINT('',(-1.05726021991585,2.02813689066942,2.16868293759559));
#3813=CARTESIAN_POINT('',(-1.01937020737857,1.08125497375648,2.74447000000001));
#3814=CARTESIAN_POINT('',(-0.975129610480007,8.10196275499402E-16,2.74447));
#3815=CARTESIAN_POINT('',(-0.90935009655026,-1.60767330447391,2.74447000000001));
#3816=CARTESIAN_POINT('',(-0.86452023552086,-2.74447,1.60767330447393));
#3817=CARTESIAN_POINT('',(-0.79874072159111,-2.74447,7.35673285632771E-15));
#3818=CARTESIAN_POINT('',(-0.73296120766136,-2.74447,-1.6076733044739));
#3819=CARTESIAN_POINT('',(-0.68813134663195,-1.60767330447391,-2.74447));
#3820=CARTESIAN_POINT('',(-0.62235183270221,1.27459990386435E-15,-2.74447));
#3821=CARTESIAN_POINT('',(-0.55657231877246,1.60767330447391,-2.74447));
#3822=CARTESIAN_POINT('',(-0.51174245774306,2.74447,-1.60767330447392));
#3823=CARTESIAN_POINT('',(-0.44596294381332,2.74447,1.26872139545935E-15));
#3824=CARTESIAN_POINT('',(-0.38018342988358,2.74447,1.60767330447392));
#3825=CARTESIAN_POINT('',(-0.33535356885419,1.60767330447391,2.74447000000001));
#3826=CARTESIAN_POINT('',(-0.26957405492444,-7.06019127674234E-16,2.74447000000001));
#3827=CARTESIAN_POINT('',(-0.2037945409947,-1.60767330447391,2.74447000000001));
#3828=CARTESIAN_POINT('',(-0.15896467996529,-2.74447,1.60767330447393));
#3829=CARTESIAN_POINT('',(-0.0931851660355398,-2.74447,1.05512182619777E-14));
#3830=CARTESIAN_POINT('',(-0.0274056521057899,-2.74447,-1.6076733044739));
#3831=CARTESIAN_POINT('',(0.0174242089236198,-1.60767330447391,-2.74447));
#3832=CARTESIAN_POINT('',(0.08320372285336,3.26965276880823E-16,-2.74446999999999));
#3833=CARTESIAN_POINT('',(0.1489832367831,1.60767330447391,-2.74447));
#3834=CARTESIAN_POINT('',(0.19381309781251,2.74447,-1.60767330447392));
#3835=CARTESIAN_POINT('',(0.25959261174224,2.74447,2.75746447253893E-15));
#3836=CARTESIAN_POINT('',(0.32537212567197,2.74447,1.60767330447392));
#3837=CARTESIAN_POINT('',(0.37020198670138,1.60767330447391,2.74447000000001));
#3838=CARTESIAN_POINT('',(0.43598150063112,5.20885739125846E-17,2.74447000000001));
#3839=CARTESIAN_POINT('',(0.50176101456086,-1.60767330447391,2.74447000000001));
#3840=CARTESIAN_POINT('',(0.54659087559027,-2.74447,1.60767330447393));
#3841=CARTESIAN_POINT('',(0.61237038952001,-2.74447,1.35561767422308E-14));
#3842=CARTESIAN_POINT('',(0.67814990344975,-2.74447,-1.6076733044739));
#3843=CARTESIAN_POINT('',(0.72297976447919,-1.60767330447391,-2.74446999999999));
#3844=CARTESIAN_POINT('',(0.78875927840893,-2.41615499309289E-16,-2.74446999999999));
#3845=CARTESIAN_POINT('',(0.85453879233867,1.60767330447391,-2.74446999999999));
#3846=CARTESIAN_POINT('',(0.89936865336807,2.74447,-1.60767330447391));
#3847=CARTESIAN_POINT('',(0.96514816729779,2.74447,4.81478832580861E-15));
#3848=CARTESIAN_POINT('',(1.03092768122752,2.74447,1.60767330447392));
#3849=CARTESIAN_POINT('',(1.07575754225695,1.60767330447391,2.74447000000001));
#3850=CARTESIAN_POINT('',(1.14153705618669,4.31142424705994E-16,2.74447000000001));
#3851=CARTESIAN_POINT('',(1.20731657011643,-1.60767330447391,2.74447000000001));
#3852=CARTESIAN_POINT('',(1.25214643114584,-2.74447,1.60767330447393));
#3853=CARTESIAN_POINT('',(1.31792594507557,-2.74447,1.69401890732775E-14));
#3854=CARTESIAN_POINT('',(1.38370545900532,-2.74447,-1.6076733044739));
#3855=CARTESIAN_POINT('',(1.42853532003475,-1.60767330447391,-2.74446999999999));
#3856=CARTESIAN_POINT('',(1.49431483396449,-8.10196275499402E-16,-2.74446999999999));
#3857=CARTESIAN_POINT('',(1.56009434789422,1.60767330447391,-2.74446999999999));
#3858=CARTESIAN_POINT('',(1.60492420892363,2.74447,-1.60767330447391));
#3859=CARTESIAN_POINT('',(1.67070372285335,2.74447,6.30353140288818E-15));
#3860=CARTESIAN_POINT('',(1.73648323678309,2.74447,1.60767330447391));
#3861=CARTESIAN_POINT('',(1.78131309781251,1.60767330447392,2.74447000000002));
#3862=CARTESIAN_POINT('',(1.84709261174225,1.08551233215247E-14,2.74447000000001));
#3863=CARTESIAN_POINT('',(1.91287212567198,-1.60767330447391,2.74447000000002));
#3864=CARTESIAN_POINT('',(1.9577019867014,-2.74447,1.60767330447394));
#3865=CARTESIAN_POINT('',(2.02348150063114,-2.74447,1.99451475535307E-14));
#3866=CARTESIAN_POINT('',(2.08926101456088,-2.74447,-1.60767330447389));
#3867=CARTESIAN_POINT('',(2.13409087559032,-1.60767330447391,-2.74446999999998));
#3868=CARTESIAN_POINT('',(2.19987038952005,-1.75783090248292E-15,-2.74446999999999));
#3869=CARTESIAN_POINT('',(2.26564990344979,1.60767330447391,-2.74446999999998));
#3870=CARTESIAN_POINT('',(2.31047976447919,2.74447,-1.60767330447389));
#3871=CARTESIAN_POINT('',(2.37625927840891,2.74447,1.78372015259931E-14));
#3872=CARTESIAN_POINT('',(2.44203879233865,2.74447,1.60767330447392));
#3873=CARTESIAN_POINT('',(2.48686865336805,1.60767330447392,2.74447000000002));
#3874=CARTESIAN_POINT('',(2.55264816729781,1.18027579485083E-14,2.74447000000002));
#3875=CARTESIAN_POINT('',(2.61842768122755,-1.60767330447391,2.74447000000002));
#3876=CARTESIAN_POINT('',(2.66325754225696,-2.74447,1.60767330447394));
#3877=CARTESIAN_POINT('',(2.7290370561867,-2.74447,2.29501060337839E-14));
#3878=CARTESIAN_POINT('',(2.79481657011644,-2.74447,-1.60767330447389));
#3879=CARTESIAN_POINT('',(2.83964643114585,-1.60767330447391,-2.74446999999998));
#3880=CARTESIAN_POINT('',(2.9054259450756,-2.32641167867304E-15,-2.74446999999998));
#3881=CARTESIAN_POINT('',(2.97120545900535,1.60767330447391,-2.74446999999998));
#3882=CARTESIAN_POINT('',(3.01603532003475,2.74447,-1.60767330447389));
#3883=CARTESIAN_POINT('',(3.08181483396448,2.74447,1.98945253792628E-14));
#3884=CARTESIAN_POINT('',(3.08281936120432,2.74447,0.0245509814626865));
#3885=CARTESIAN_POINT('',(3.0838251479729,2.7441405830712,0.0491446676062236));
#3886=CARTESIAN_POINT('',(3.08483246088847,2.74347820026367,0.0737763212557237));
#3893=COLOUR_RGB('',0.764705896377563,0.705882370471954,0.239215686917305);
#3894=CARTESIAN_POINT('',(2.02348150063114,-2.74447,1.66237410476372E-14));
#3896=CARTESIAN_POINT('',(-1.10362753911154,2.49775727484522,1.13724411489257));
#3897=CARTESIAN_POINT('',(-1.05726021991585,2.02813689066942,2.16868293759559));
#3898=CARTESIAN_POINT('',(-1.01937020737857,1.08125497375648,2.74447000000001));
#3899=CARTESIAN_POINT('',(-0.975129610480007,8.10196275499402E-16,2.74447));
#3900=CARTESIAN_POINT('',(-0.90935009655026,-1.60767330447391,2.74447000000001));
#3901=CARTESIAN_POINT('',(-0.86452023552086,-2.74447,1.60767330447393));
#3902=CARTESIAN_POINT('',(-0.79874072159111,-2.74447,7.35673285632771E-15));
#3903=CARTESIAN_POINT('',(-0.73296120766136,-2.74447,-1.6076733044739));
#3904=CARTESIAN_POINT('',(-0.68813134663195,-1.60767330447391,-2.74447));
#3905=CARTESIAN_POINT('',(-0.62235183270221,1.27459990386435E-15,-2.74447));
#3906=CARTESIAN_POINT('',(-0.55657231877246,1.60767330447391,-2.74447));
#3907=CARTESIAN_POINT('',(-0.51174245774306,2.74447,-1.60767330447392));
#3908=CARTESIAN_POINT('',(-0.44596294381332,2.74447,1.26872139545935E-15));
#3909=CARTESIAN_POINT('',(-0.38018342988358,2.74447,1.60767330447392));
#3910=CARTESIAN_POINT('',(-0.33535356885419,1.60767330447391,2.74447000000001));
#3911=CARTESIAN_POINT('',(-0.26957405492444,-7.06019127674234E-16,2.74447000000001));
#3912=CARTESIAN_POINT('',(-0.2037945409947,-1.60767330447391,2.74447000000001));
#3913=CARTESIAN_POINT('',(-0.15896467996529,-2.74447,1.60767330447393));
#3914=CARTESIAN_POINT('',(-0.0931851660355398,-2.74447,1.05512182619777E-14));
#3915=CARTESIAN_POINT('',(-0.0274056521057899,-2.74447,-1.6076733044739));
#3916=CARTESIAN_POINT('',(0.0174242089236198,-1.60767330447391,-2.74447));
#3917=CARTESIAN_POINT('',(0.08320372285336,3.26965276880823E-16,-2.74446999999999));
#3918=CARTESIAN_POINT('',(0.1489832367831,1.60767330447391,-2.74447));
#3919=CARTESIAN_POINT('',(0.19381309781251,2.74447,-1.60767330447392));
#3920=CARTESIAN_POINT('',(0.25959261174224,2.74447,2.75746447253893E-15));
#3921=CARTESIAN_POINT('',(0.32537212567197,2.74447,1.60767330447392));
#3922=CARTESIAN_POINT('',(0.37020198670138,1.60767330447391,2.74447000000001));
#3923=CARTESIAN_POINT('',(0.43598150063112,5.20885739125846E-17,2.74447000000001));
#3924=CARTESIAN_POINT('',(0.50176101456086,-1.60767330447391,2.74447000000001));
#3925=CARTESIAN_POINT('',(0.54659087559027,-2.74447,1.60767330447393));
#3926=CARTESIAN_POINT('',(0.61237038952001,-2.74447,1.35561767422308E-14));
#3927=CARTESIAN_POINT('',(0.67814990344975,-2.74447,-1.6076733044739));
#3928=CARTESIAN_POINT('',(0.72297976447919,-1.60767330447391,-2.74446999999999));
#3929=CARTESIAN_POINT('',(0.78875927840893,-2.41615499309289E-16,-2.74446999999999));
#3930=CARTESIAN_POINT('',(0.85453879233867,1.60767330447391,-2.74446999999999));
#3931=CARTESIAN_POINT('',(0.89936865336807,2.74447,-1.60767330447391));
#3932=CARTESIAN_POINT('',(0.96514816729779,2.74447,4.81478832580861E-15));
#3933=CARTESIAN_POINT('',(1.03092768122752,2.74447,1.60767330447392));
#3934=CARTESIAN_POINT('',(1.07575754225695,1.60767330447391,2.74447000000001));
#3935=CARTESIAN_POINT('',(1.14153705618669,4.31142424705994E-16,2.74447000000001));
#3936=CARTESIAN_POINT('',(1.20731657011643,-1.60767330447391,2.74447000000001));
#3937=CARTESIAN_POINT('',(1.25214643114584,-2.74447,1.60767330447393));
#3938=CARTESIAN_POINT('',(1.31792594507557,-2.74447,1.69401890732775E-14));
#3939=CARTESIAN_POINT('',(1.38370545900532,-2.74447,-1.6076733044739));
#3940=CARTESIAN_POINT('',(1.42853532003475,-1.60767330447391,-2.74446999999999));
#3941=CARTESIAN_POINT('',(1.49431483396449,-8.10196275499402E-16,-2.74446999999999));
#3942=CARTESIAN_POINT('',(1.56009434789422,1.60767330447391,-2.74446999999999));
#3943=CARTESIAN_POINT('',(1.60492420892363,2.74447,-1.60767330447391));
#3944=CARTESIAN_POINT('',(1.67070372285335,2.74447,6.30353140288818E-15));
#3945=CARTESIAN_POINT('',(1.73648323678309,2.74447,1.60767330447391));
#3946=CARTESIAN_POINT('',(1.78131309781251,1.60767330447392,2.74447000000002));
#3947=CARTESIAN_POINT('',(1.84709261174225,1.08551233215247E-14,2.74447000000001));
#3948=CARTESIAN_POINT('',(1.91287212567198,-1.60767330447391,2.74447000000002));
#3949=CARTESIAN_POINT('',(1.9577019867014,-2.74447,1.60767330447394));
#3950=CARTESIAN_POINT('',(2.02348150063114,-2.74447,1.99451475535307E-14));
#3951=CARTESIAN_POINT('',(2.08926101456088,-2.74447,-1.60767330447389));
#3952=CARTESIAN_POINT('',(2.13409087559032,-1.60767330447391,-2.74446999999998));
#3953=CARTESIAN_POINT('',(2.19987038952005,-1.75783090248292E-15,-2.74446999999999));
#3954=CARTESIAN_POINT('',(2.26564990344979,1.60767330447391,-2.74446999999998));
#3955=CARTESIAN_POINT('',(2.31047976447919,2.74447,-1.60767330447389));
#3956=CARTESIAN_POINT('',(2.37625927840891,2.74447,1.78372015259931E-14));
#3957=CARTESIAN_POINT('',(2.44203879233865,2.74447,1.60767330447392));
#3958=CARTESIAN_POINT('',(2.48686865336805,1.60767330447392,2.74447000000002));
#3959=CARTESIAN_POINT('',(2.55264816729781,1.18027579485083E-14,2.74447000000002));
#3960=CARTESIAN_POINT('',(2.61842768122755,-1.60767330447391,2.74447000000002));
#3961=CARTESIAN_POINT('',(2.66325754225696,-2.74447,1.60767330447394));
#3962=CARTESIAN_POINT('',(2.7290370561867,-2.74447,2.29501060337839E-14));
#3963=CARTESIAN_POINT('',(2.79481657011644,-2.74447,-1.60767330447389));
#3964=CARTESIAN_POINT('',(2.83964643114585,-1.60767330447391,-2.74446999999998));
#3965=CARTESIAN_POINT('',(2.9054259450756,-2.32641167867304E-15,-2.74446999999998));
#3966=CARTESIAN_POINT('',(2.97120545900535,1.60767330447391,-2.74446999999998));
#3967=CARTESIAN_POINT('',(3.01603532003475,2.74447,-1.60767330447389));
#3968=CARTESIAN_POINT('',(3.08181483396448,2.74447,1.98945253792628E-14));
#3969=CARTESIAN_POINT('',(3.08281936120432,2.74447,0.0245509814626865));
#3970=CARTESIAN_POINT('',(3.0838251479729,2.7441405830712,0.0491446676062236));
#3971=CARTESIAN_POINT('',(3.08483246088847,2.74347820026367,0.0737763212557237));
#3978=CARTESIAN_POINT('',(1.87683453225697,-2.74447,1.61173494512534E-14));
#3979=CARTESIAN_POINT('',(0.99060246088847,-2.74447,9.73590032572349E-15));
#3980=VECTOR('',#7838,1.0);
#3982=CARTESIAN_POINT('',(-1.10362753911154,-0.442448700460326,2.70857060612438));
#3983=CARTESIAN_POINT('',(-1.0454859306779,-1.84874535769676,2.47885013029515));
#3984=CARTESIAN_POINT('',(-1.00233079853333,-2.74447,1.39170860423823));
#3985=CARTESIAN_POINT('',(-0.945387689965272,-2.74447,6.85010600024628E-15));
#3986=CARTESIAN_POINT('',(-0.87960817603552,-2.74447,-1.6076733044739));
#3987=CARTESIAN_POINT('',(-0.83477831500611,-1.60767330447391,-2.74447));
#3988=CARTESIAN_POINT('',(-0.76899880107637,1.27483516356195E-15,-2.74447));
#3989=CARTESIAN_POINT('',(-0.70321928714663,1.60767330447391,-2.74447));
#3990=CARTESIAN_POINT('',(-0.65838942611722,2.74447,-1.60767330447392));
#3991=CARTESIAN_POINT('',(-0.59260991218749,2.74447,7.62565058773106E-16));
#3992=CARTESIAN_POINT('',(-0.52683039825776,2.74447,1.60767330447392));
#3993=CARTESIAN_POINT('',(-0.48200053722835,1.60767330447391,2.74447000000001));
#3994=CARTESIAN_POINT('',(-0.41622102329861,-7.06254387371839E-16,2.74447));
#3995=CARTESIAN_POINT('',(-0.35044150936887,-1.60767330447391,2.74447000000001));
#3996=CARTESIAN_POINT('',(-0.30561164833945,-2.74447,1.60767330447393));
#3997=CARTESIAN_POINT('',(-0.23983213440971,-2.74447,1.00445914058962E-14));
#3998=CARTESIAN_POINT('',(-0.17405262047997,-2.74447,-1.6076733044739));
#3999=CARTESIAN_POINT('',(-0.12922275945055,-1.60767330447391,-2.74447));
#4000=CARTESIAN_POINT('',(-0.06344324552081,3.27200536578431E-16,-2.74447));
#4001=CARTESIAN_POINT('',(0.00233626840892986,1.60767330447391,-2.74447));
#4002=CARTESIAN_POINT('',(0.0471661294383403,2.74447,-1.60767330447392));
#4003=CARTESIAN_POINT('',(0.11294564336807,2.74447,2.25130813585268E-15));
#4004=CARTESIAN_POINT('',(0.1787251572978,2.74447,1.60767330447392));
#4005=CARTESIAN_POINT('',(0.22355501832721,1.60767330447391,2.74447000000001));
#4006=CARTESIAN_POINT('',(0.28933453225695,5.18533142149772E-17,2.74447000000001));
#4007=CARTESIAN_POINT('',(0.35511404618669,-1.60767330447391,2.74447000000001));
#4008=CARTESIAN_POINT('',(0.3999439072161,-2.74447,1.60767330447393));
#4009=CARTESIAN_POINT('',(0.46572342114585,-2.74447,1.30495498861494E-14));
#4010=CARTESIAN_POINT('',(0.5315029350756,-2.74447,-1.6076733044739));
#4011=CARTESIAN_POINT('',(0.57633279610501,-1.60767330447391,-2.74446999999999));
#4012=CARTESIAN_POINT('',(0.64211231003474,-2.41380239611682E-16,-2.74446999999999));
#4013=CARTESIAN_POINT('',(0.70789182396448,1.60767330447391,-2.74446999999999));
#4014=CARTESIAN_POINT('',(0.75272168499391,2.74447,-1.60767330447391));
#4015=CARTESIAN_POINT('',(0.81850119892364,2.74447,4.30863198912241E-15));
#4016=CARTESIAN_POINT('',(0.88428071285337,2.74447,1.60767330447392));
#4017=CARTESIAN_POINT('',(0.92911057388277,1.60767330447391,2.74447000000001));
#4018=CARTESIAN_POINT('',(0.9948900878125,4.30907165008386E-16,2.74447000000001));
#4019=CARTESIAN_POINT('',(1.06066960174224,-1.60767330447391,2.74447000000001));
#4020=CARTESIAN_POINT('',(1.10549946277168,-2.74447,1.60767330447393));
#4021=CARTESIAN_POINT('',(1.17127897670142,-2.74447,1.64335622171961E-14));
#4022=CARTESIAN_POINT('',(1.23705849063116,-2.74447,-1.6076733044739));
#4023=CARTESIAN_POINT('',(1.28188835166057,-1.60767330447391,-2.74446999999999));
#4024=CARTESIAN_POINT('',(1.3476678655903,-8.09961015801794E-16,-2.74446999999999));
#4025=CARTESIAN_POINT('',(1.41344737952007,1.60767330447391,-2.74446999999999));
#4026=CARTESIAN_POINT('',(1.45827724054947,2.74447,-1.60767330447391));
#4027=CARTESIAN_POINT('',(1.52405675447919,2.74447,5.79737506620199E-15));
#4028=CARTESIAN_POINT('',(1.58983626840893,2.74447,1.60767330447391));
#4029=CARTESIAN_POINT('',(1.63466612943833,1.60767330447392,2.74447000000001));
#4030=CARTESIAN_POINT('',(1.70044564336807,1.08548880618271E-14,2.74447000000001));
#4031=CARTESIAN_POINT('',(1.76622515729783,-1.60767330447391,2.74447000000002));
#4032=CARTESIAN_POINT('',(1.81105501832724,-2.74447,1.60767330447394));
#4033=CARTESIAN_POINT('',(1.87683453225697,-2.74447,1.94385206974493E-14));
#4034=CARTESIAN_POINT('',(1.94261404618672,-2.74447,-1.60767330447389));
#4035=CARTESIAN_POINT('',(1.98744390721613,-1.60767330447391,-2.74446999999998));
#4036=CARTESIAN_POINT('',(2.05322342114589,-1.75759564278532E-15,-2.74446999999999));
#4037=CARTESIAN_POINT('',(2.11900293507563,1.60767330447391,-2.74446999999998));
#4038=CARTESIAN_POINT('',(2.16383279610503,2.74447,-1.60767330447389));
#4039=CARTESIAN_POINT('',(2.22961231003476,2.74447,1.73310451893069E-14));
#4040=CARTESIAN_POINT('',(2.29539182396449,2.74447,1.60767330447392));
#4041=CARTESIAN_POINT('',(2.34022168499389,1.60767330447392,2.74447000000002));
#4042=CARTESIAN_POINT('',(2.40600119892365,1.18025226888106E-14,2.74447000000002));
#4043=CARTESIAN_POINT('',(2.47178071285339,-1.60767330447391,2.74447000000002));
#4044=CARTESIAN_POINT('',(2.5166105738828,-2.74447,1.60767330447394));
#4045=CARTESIAN_POINT('',(2.58239008781254,-2.74447,2.24434791777025E-14));
#4046=CARTESIAN_POINT('',(2.64816960174228,-2.74447,-1.60767330447389));
#4047=CARTESIAN_POINT('',(2.69299946277169,-1.60767330447391,-2.74446999999998));
#4048=CARTESIAN_POINT('',(2.75877897670145,-2.32617641897543E-15,-2.74446999999998));
#4049=CARTESIAN_POINT('',(2.82455849063119,1.60767330447391,-2.74446999999998));
#4050=CARTESIAN_POINT('',(2.8693883516606,2.74447,-1.60767330447389));
#4051=CARTESIAN_POINT('',(2.93516786559031,2.74447,1.93883690425765E-14));
#4052=CARTESIAN_POINT('',(2.98824923933282,2.74447,1.29732651447987));
#4053=CARTESIAN_POINT('',(3.030156662774,1.95010244026926,2.35030557803727));
#4054=CARTESIAN_POINT('',(3.08483246088846,0.648350086109429,2.66678790809131));
#4061=COLOUR_RGB('',0.764705896377563,0.705882370471954,0.239215686917305);
#4062=CARTESIAN_POINT('',(1.52405675447919,2.74447,9.02378284969954E-15));
#4063=CARTESIAN_POINT('',(1.67070372285335,2.74447,9.53017444608336E-15));
#4064=CARTESIAN_POINT('',(0.99060246088847,2.74447,1.04081016058947E-14));
#4065=VECTOR('',#7839,1.0);
#4067=CARTESIAN_POINT('',(-1.10362753911154,-0.442448700460326,2.70857060612438));
#4068=CARTESIAN_POINT('',(-1.0454859306779,-1.84874535769676,2.47885013029515));
#4069=CARTESIAN_POINT('',(-1.00233079853333,-2.74447,1.39170860423823));
#4070=CARTESIAN_POINT('',(-0.945387689965272,-2.74447,6.85010600024628E-15));
#4071=CARTESIAN_POINT('',(-0.87960817603552,-2.74447,-1.6076733044739));
#4072=CARTESIAN_POINT('',(-0.83477831500611,-1.60767330447391,-2.74447));
#4073=CARTESIAN_POINT('',(-0.76899880107637,1.27483516356195E-15,-2.74447));
#4074=CARTESIAN_POINT('',(-0.70321928714663,1.60767330447391,-2.74447));
#4075=CARTESIAN_POINT('',(-0.65838942611722,2.74447,-1.60767330447392));
#4076=CARTESIAN_POINT('',(-0.59260991218749,2.74447,7.62565058773106E-16));
#4077=CARTESIAN_POINT('',(-0.52683039825776,2.74447,1.60767330447392));
#4078=CARTESIAN_POINT('',(-0.48200053722835,1.60767330447391,2.74447000000001));
#4079=CARTESIAN_POINT('',(-0.41622102329861,-7.06254387371839E-16,2.74447));
#4080=CARTESIAN_POINT('',(-0.35044150936887,-1.60767330447391,2.74447000000001));
#4081=CARTESIAN_POINT('',(-0.30561164833945,-2.74447,1.60767330447393));
#4082=CARTESIAN_POINT('',(-0.23983213440971,-2.74447,1.00445914058962E-14));
#4083=CARTESIAN_POINT('',(-0.17405262047997,-2.74447,-1.6076733044739));
#4084=CARTESIAN_POINT('',(-0.12922275945055,-1.60767330447391,-2.74447));
#4085=CARTESIAN_POINT('',(-0.06344324552081,3.27200536578431E-16,-2.74447));
#4086=CARTESIAN_POINT('',(0.00233626840892986,1.60767330447391,-2.74447));
#4087=CARTESIAN_POINT('',(0.0471661294383403,2.74447,-1.60767330447392));
#4088=CARTESIAN_POINT('',(0.11294564336807,2.74447,2.25130813585268E-15));
#4089=CARTESIAN_POINT('',(0.1787251572978,2.74447,1.60767330447392));
#4090=CARTESIAN_POINT('',(0.22355501832721,1.60767330447391,2.74447000000001));
#4091=CARTESIAN_POINT('',(0.28933453225695,5.18533142149772E-17,2.74447000000001));
#4092=CARTESIAN_POINT('',(0.35511404618669,-1.60767330447391,2.74447000000001));
#4093=CARTESIAN_POINT('',(0.3999439072161,-2.74447,1.60767330447393));
#4094=CARTESIAN_POINT('',(0.46572342114585,-2.74447,1.30495498861494E-14));
#4095=CARTESIAN_POINT('',(0.5315029350756,-2.74447,-1.6076733044739));
#4096=CARTESIAN_POINT('',(0.57633279610501,-1.60767330447391,-2.74446999999999));
#4097=CARTESIAN_POINT('',(0.64211231003474,-2.41380239611682E-16,-2.74446999999999));
#4098=CARTESIAN_POINT('',(0.70789182396448,1.60767330447391,-2.74446999999999));
#4099=CARTESIAN_POINT('',(0.75272168499391,2.74447,-1.60767330447391));
#4100=CARTESIAN_POINT('',(0.81850119892364,2.74447,4.30863198912241E-15));
#4101=CARTESIAN_POINT('',(0.88428071285337,2.74447,1.60767330447392));
#4102=CARTESIAN_POINT('',(0.92911057388277,1.60767330447391,2.74447000000001));
#4103=CARTESIAN_POINT('',(0.9948900878125,4.30907165008386E-16,2.74447000000001));
#4104=CARTESIAN_POINT('',(1.06066960174224,-1.60767330447391,2.74447000000001));
#4105=CARTESIAN_POINT('',(1.10549946277168,-2.74447,1.60767330447393));
#4106=CARTESIAN_POINT('',(1.17127897670142,-2.74447,1.64335622171961E-14));
#4107=CARTESIAN_POINT('',(1.23705849063116,-2.74447,-1.6076733044739));
#4108=CARTESIAN_POINT('',(1.28188835166057,-1.60767330447391,-2.74446999999999));
#4109=CARTESIAN_POINT('',(1.3476678655903,-8.09961015801794E-16,-2.74446999999999));
#4110=CARTESIAN_POINT('',(1.41344737952007,1.60767330447391,-2.74446999999999));
#4111=CARTESIAN_POINT('',(1.45827724054947,2.74447,-1.60767330447391));
#4112=CARTESIAN_POINT('',(1.52405675447919,2.74447,5.79737506620199E-15));
#4113=CARTESIAN_POINT('',(1.58983626840893,2.74447,1.60767330447391));
#4114=CARTESIAN_POINT('',(1.63466612943833,1.60767330447392,2.74447000000001));
#4115=CARTESIAN_POINT('',(1.70044564336807,1.08548880618271E-14,2.74447000000001));
#4116=CARTESIAN_POINT('',(1.76622515729783,-1.60767330447391,2.74447000000002));
#4117=CARTESIAN_POINT('',(1.81105501832724,-2.74447,1.60767330447394));
#4118=CARTESIAN_POINT('',(1.87683453225697,-2.74447,1.94385206974493E-14));
#4119=CARTESIAN_POINT('',(1.94261404618672,-2.74447,-1.60767330447389));
#4120=CARTESIAN_POINT('',(1.98744390721613,-1.60767330447391,-2.74446999999998));
#4121=CARTESIAN_POINT('',(2.05322342114589,-1.75759564278532E-15,-2.74446999999999));
#4122=CARTESIAN_POINT('',(2.11900293507563,1.60767330447391,-2.74446999999998));
#4123=CARTESIAN_POINT('',(2.16383279610503,2.74447,-1.60767330447389));
#4124=CARTESIAN_POINT('',(2.22961231003476,2.74447,1.73310451893069E-14));
#4125=CARTESIAN_POINT('',(2.29539182396449,2.74447,1.60767330447392));
#4126=CARTESIAN_POINT('',(2.34022168499389,1.60767330447392,2.74447000000002));
#4127=CARTESIAN_POINT('',(2.40600119892365,1.18025226888106E-14,2.74447000000002));
#4128=CARTESIAN_POINT('',(2.47178071285339,-1.60767330447391,2.74447000000002));
#4129=CARTESIAN_POINT('',(2.5166105738828,-2.74447,1.60767330447394));
#4130=CARTESIAN_POINT('',(2.58239008781254,-2.74447,2.24434791777025E-14));
#4131=CARTESIAN_POINT('',(2.64816960174228,-2.74447,-1.60767330447389));
#4132=CARTESIAN_POINT('',(2.69299946277169,-1.60767330447391,-2.74446999999998));
#4133=CARTESIAN_POINT('',(2.75877897670145,-2.32617641897543E-15,-2.74446999999998));
#4134=CARTESIAN_POINT('',(2.82455849063119,1.60767330447391,-2.74446999999998));
#4135=CARTESIAN_POINT('',(2.8693883516606,2.74447,-1.60767330447389));
#4136=CARTESIAN_POINT('',(2.93516786559031,2.74447,1.93883690425765E-14));
#4137=CARTESIAN_POINT('',(2.98824923933282,2.74447,1.29732651447987));
#4138=CARTESIAN_POINT('',(3.030156662774,1.95010244026926,2.35030557803727));
#4139=CARTESIAN_POINT('',(3.08483246088846,0.648350086109429,2.66678790809131));
#4147=CARTESIAN_POINT('',(-1.10362753911154,2.49775727484522,1.13724411489257));
#4148=CARTESIAN_POINT('',(-1.05726021991585,2.02813689066942,2.16868293759559));
#4149=CARTESIAN_POINT('',(-1.01937020737857,1.08125497375648,2.74447000000001));
#4150=CARTESIAN_POINT('',(-0.975129610480007,8.10196275499402E-16,2.74447));
#4151=CARTESIAN_POINT('',(-0.90935009655026,-1.60767330447391,2.74447000000001));
#4152=CARTESIAN_POINT('',(-0.86452023552086,-2.74447,1.60767330447393));
#4153=CARTESIAN_POINT('',(-0.79874072159111,-2.74447,7.35673285632771E-15));
#4154=CARTESIAN_POINT('',(-0.73296120766136,-2.74447,-1.6076733044739));
#4155=CARTESIAN_POINT('',(-0.68813134663195,-1.60767330447391,-2.74447));
#4156=CARTESIAN_POINT('',(-0.62235183270221,1.27459990386435E-15,-2.74447));
#4157=CARTESIAN_POINT('',(-0.55657231877246,1.60767330447391,-2.74447));
#4158=CARTESIAN_POINT('',(-0.51174245774306,2.74447,-1.60767330447392));
#4159=CARTESIAN_POINT('',(-0.44596294381332,2.74447,1.26872139545935E-15));
#4160=CARTESIAN_POINT('',(-0.38018342988358,2.74447,1.60767330447392));
#4161=CARTESIAN_POINT('',(-0.33535356885419,1.60767330447391,2.74447000000001));
#4162=CARTESIAN_POINT('',(-0.26957405492444,-7.06019127674234E-16,2.74447000000001));
#4163=CARTESIAN_POINT('',(-0.2037945409947,-1.60767330447391,2.74447000000001));
#4164=CARTESIAN_POINT('',(-0.15896467996529,-2.74447,1.60767330447393));
#4165=CARTESIAN_POINT('',(-0.0931851660355398,-2.74447,1.05512182619777E-14));
#4166=CARTESIAN_POINT('',(-0.0274056521057899,-2.74447,-1.6076733044739));
#4167=CARTESIAN_POINT('',(0.0174242089236198,-1.60767330447391,-2.74447));
#4168=CARTESIAN_POINT('',(0.08320372285336,3.26965276880823E-16,-2.74446999999999));
#4169=CARTESIAN_POINT('',(0.1489832367831,1.60767330447391,-2.74447));
#4170=CARTESIAN_POINT('',(0.19381309781251,2.74447,-1.60767330447392));
#4171=CARTESIAN_POINT('',(0.25959261174224,2.74447,2.75746447253893E-15));
#4172=CARTESIAN_POINT('',(0.32537212567197,2.74447,1.60767330447392));
#4173=CARTESIAN_POINT('',(0.37020198670138,1.60767330447391,2.74447000000001));
#4174=CARTESIAN_POINT('',(0.43598150063112,5.20885739125846E-17,2.74447000000001));
#4175=CARTESIAN_POINT('',(0.50176101456086,-1.60767330447391,2.74447000000001));
#4176=CARTESIAN_POINT('',(0.54659087559027,-2.74447,1.60767330447393));
#4177=CARTESIAN_POINT('',(0.61237038952001,-2.74447,1.35561767422308E-14));
#4178=CARTESIAN_POINT('',(0.67814990344975,-2.74447,-1.6076733044739));
#4179=CARTESIAN_POINT('',(0.72297976447919,-1.60767330447391,-2.74446999999999));
#4180=CARTESIAN_POINT('',(0.78875927840893,-2.41615499309289E-16,-2.74446999999999));
#4181=CARTESIAN_POINT('',(0.85453879233867,1.60767330447391,-2.74446999999999));
#4182=CARTESIAN_POINT('',(0.89936865336807,2.74447,-1.60767330447391));
#4183=CARTESIAN_POINT('',(0.96514816729779,2.74447,4.81478832580861E-15));
#4184=CARTESIAN_POINT('',(1.03092768122752,2.74447,1.60767330447392));
#4185=CARTESIAN_POINT('',(1.07575754225695,1.60767330447391,2.74447000000001));
#4186=CARTESIAN_POINT('',(1.14153705618669,4.31142424705994E-16,2.74447000000001));
#4187=CARTESIAN_POINT('',(1.20731657011643,-1.60767330447391,2.74447000000001));
#4188=CARTESIAN_POINT('',(1.25214643114584,-2.74447,1.60767330447393));
#4189=CARTESIAN_POINT('',(1.31792594507557,-2.74447,1.69401890732775E-14));
#4190=CARTESIAN_POINT('',(1.38370545900532,-2.74447,-1.6076733044739));
#4191=CARTESIAN_POINT('',(1.42853532003475,-1.60767330447391,-2.74446999999999));
#4192=CARTESIAN_POINT('',(1.49431483396449,-8.10196275499402E-16,-2.74446999999999));
#4193=CARTESIAN_POINT('',(1.56009434789422,1.60767330447391,-2.74446999999999));
#4194=CARTESIAN_POINT('',(1.60492420892363,2.74447,-1.60767330447391));
#4195=CARTESIAN_POINT('',(1.67070372285335,2.74447,6.30353140288818E-15));
#4196=CARTESIAN_POINT('',(1.73648323678309,2.74447,1.60767330447391));
#4197=CARTESIAN_POINT('',(1.78131309781251,1.60767330447392,2.74447000000002));
#4198=CARTESIAN_POINT('',(1.84709261174225,1.08551233215247E-14,2.74447000000001));
#4199=CARTESIAN_POINT('',(1.91287212567198,-1.60767330447391,2.74447000000002));
#4200=CARTESIAN_POINT('',(1.9577019867014,-2.74447,1.60767330447394));
#4201=CARTESIAN_POINT('',(2.02348150063114,-2.74447,1.99451475535307E-14));
#4202=CARTESIAN_POINT('',(2.08926101456088,-2.74447,-1.60767330447389));
#4203=CARTESIAN_POINT('',(2.13409087559032,-1.60767330447391,-2.74446999999998));
#4204=CARTESIAN_POINT('',(2.19987038952005,-1.75783090248292E-15,-2.74446999999999));
#4205=CARTESIAN_POINT('',(2.26564990344979,1.60767330447391,-2.74446999999998));
#4206=CARTESIAN_POINT('',(2.31047976447919,2.74447,-1.60767330447389));
#4207=CARTESIAN_POINT('',(2.37625927840891,2.74447,1.78372015259931E-14));
#4208=CARTESIAN_POINT('',(2.44203879233865,2.74447,1.60767330447392));
#4209=CARTESIAN_POINT('',(2.48686865336805,1.60767330447392,2.74447000000002));
#4210=CARTESIAN_POINT('',(2.55264816729781,1.18027579485083E-14,2.74447000000002));
#4211=CARTESIAN_POINT('',(2.61842768122755,-1.60767330447391,2.74447000000002));
#4212=CARTESIAN_POINT('',(2.66325754225696,-2.74447,1.60767330447394));
#4213=CARTESIAN_POINT('',(2.7290370561867,-2.74447,2.29501060337839E-14));
#4214=CARTESIAN_POINT('',(2.79481657011644,-2.74447,-1.60767330447389));
#4215=CARTESIAN_POINT('',(2.83964643114585,-1.60767330447391,-2.74446999999998));
#4216=CARTESIAN_POINT('',(2.9054259450756,-2.32641167867304E-15,-2.74446999999998));
#4217=CARTESIAN_POINT('',(2.97120545900535,1.60767330447391,-2.74446999999998));
#4218=CARTESIAN_POINT('',(3.01603532003475,2.74447,-1.60767330447389));
#4219=CARTESIAN_POINT('',(3.08181483396448,2.74447,1.98945253792628E-14));
#4220=CARTESIAN_POINT('',(3.08281936120432,2.74447,0.0245509814626865));
#4221=CARTESIAN_POINT('',(3.0838251479729,2.7441405830712,0.0491446676062236));
#4222=CARTESIAN_POINT('',(3.08483246088847,2.74347820026367,0.0737763212557237));
#4229=COLOUR_RGB('',0.764705896377563,0.705882370471954,0.239215686917305);
#4230=CARTESIAN_POINT('',(1.31792594507557,-2.74447,1.3903072955479E-14));
#4232=CARTESIAN_POINT('',(-1.10362753911154,2.49775727484522,1.13724411489257));
#4233=CARTESIAN_POINT('',(-1.05726021991585,2.02813689066942,2.16868293759559));
#4234=CARTESIAN_POINT('',(-1.01937020737857,1.08125497375648,2.74447000000001));
#4235=CARTESIAN_POINT('',(-0.975129610480007,8.10196275499402E-16,2.74447));
#4236=CARTESIAN_POINT('',(-0.90935009655026,-1.60767330447391,2.74447000000001));
#4237=CARTESIAN_POINT('',(-0.86452023552086,-2.74447,1.60767330447393));
#4238=CARTESIAN_POINT('',(-0.79874072159111,-2.74447,7.35673285632771E-15));
#4239=CARTESIAN_POINT('',(-0.73296120766136,-2.74447,-1.6076733044739));
#4240=CARTESIAN_POINT('',(-0.68813134663195,-1.60767330447391,-2.74447));
#4241=CARTESIAN_POINT('',(-0.62235183270221,1.27459990386435E-15,-2.74447));
#4242=CARTESIAN_POINT('',(-0.55657231877246,1.60767330447391,-2.74447));
#4243=CARTESIAN_POINT('',(-0.51174245774306,2.74447,-1.60767330447392));
#4244=CARTESIAN_POINT('',(-0.44596294381332,2.74447,1.26872139545935E-15));
#4245=CARTESIAN_POINT('',(-0.38018342988358,2.74447,1.60767330447392));
#4246=CARTESIAN_POINT('',(-0.33535356885419,1.60767330447391,2.74447000000001));
#4247=CARTESIAN_POINT('',(-0.26957405492444,-7.06019127674234E-16,2.74447000000001));
#4248=CARTESIAN_POINT('',(-0.2037945409947,-1.60767330447391,2.74447000000001));
#4249=CARTESIAN_POINT('',(-0.15896467996529,-2.74447,1.60767330447393));
#4250=CARTESIAN_POINT('',(-0.0931851660355398,-2.74447,1.05512182619777E-14));
#4251=CARTESIAN_POINT('',(-0.0274056521057899,-2.74447,-1.6076733044739));
#4252=CARTESIAN_POINT('',(0.0174242089236198,-1.60767330447391,-2.74447));
#4253=CARTESIAN_POINT('',(0.08320372285336,3.26965276880823E-16,-2.74446999999999));
#4254=CARTESIAN_POINT('',(0.1489832367831,1.60767330447391,-2.74447));
#4255=CARTESIAN_POINT('',(0.19381309781251,2.74447,-1.60767330447392));
#4256=CARTESIAN_POINT('',(0.25959261174224,2.74447,2.75746447253893E-15));
#4257=CARTESIAN_POINT('',(0.32537212567197,2.74447,1.60767330447392));
#4258=CARTESIAN_POINT('',(0.37020198670138,1.60767330447391,2.74447000000001));
#4259=CARTESIAN_POINT('',(0.43598150063112,5.20885739125846E-17,2.74447000000001));
#4260=CARTESIAN_POINT('',(0.50176101456086,-1.60767330447391,2.74447000000001));
#4261=CARTESIAN_POINT('',(0.54659087559027,-2.74447,1.60767330447393));
#4262=CARTESIAN_POINT('',(0.61237038952001,-2.74447,1.35561767422308E-14));
#4263=CARTESIAN_POINT('',(0.67814990344975,-2.74447,-1.6076733044739));
#4264=CARTESIAN_POINT('',(0.72297976447919,-1.60767330447391,-2.74446999999999));
#4265=CARTESIAN_POINT('',(0.78875927840893,-2.41615499309289E-16,-2.74446999999999));
#4266=CARTESIAN_POINT('',(0.85453879233867,1.60767330447391,-2.74446999999999));
#4267=CARTESIAN_POINT('',(0.89936865336807,2.74447,-1.60767330447391));
#4268=CARTESIAN_POINT('',(0.96514816729779,2.74447,4.81478832580861E-15));
#4269=CARTESIAN_POINT('',(1.03092768122752,2.74447,1.60767330447392));
#4270=CARTESIAN_POINT('',(1.07575754225695,1.60767330447391,2.74447000000001));
#4271=CARTESIAN_POINT('',(1.14153705618669,4.31142424705994E-16,2.74447000000001));
#4272=CARTESIAN_POINT('',(1.20731657011643,-1.60767330447391,2.74447000000001));
#4273=CARTESIAN_POINT('',(1.25214643114584,-2.74447,1.60767330447393));
#4274=CARTESIAN_POINT('',(1.31792594507557,-2.74447,1.69401890732775E-14));
#4275=CARTESIAN_POINT('',(1.38370545900532,-2.74447,-1.6076733044739));
#4276=CARTESIAN_POINT('',(1.42853532003475,-1.60767330447391,-2.74446999999999));
#4277=CARTESIAN_POINT('',(1.49431483396449,-8.10196275499402E-16,-2.74446999999999));
#4278=CARTESIAN_POINT('',(1.56009434789422,1.60767330447391,-2.74446999999999));
#4279=CARTESIAN_POINT('',(1.60492420892363,2.74447,-1.60767330447391));
#4280=CARTESIAN_POINT('',(1.67070372285335,2.74447,6.30353140288818E-15));
#4281=CARTESIAN_POINT('',(1.73648323678309,2.74447,1.60767330447391));
#4282=CARTESIAN_POINT('',(1.78131309781251,1.60767330447392,2.74447000000002));
#4283=CARTESIAN_POINT('',(1.84709261174225,1.08551233215247E-14,2.74447000000001));
#4284=CARTESIAN_POINT('',(1.91287212567198,-1.60767330447391,2.74447000000002));
#4285=CARTESIAN_POINT('',(1.9577019867014,-2.74447,1.60767330447394));
#4286=CARTESIAN_POINT('',(2.02348150063114,-2.74447,1.99451475535307E-14));
#4287=CARTESIAN_POINT('',(2.08926101456088,-2.74447,-1.60767330447389));
#4288=CARTESIAN_POINT('',(2.13409087559032,-1.60767330447391,-2.74446999999998));
#4289=CARTESIAN_POINT('',(2.19987038952005,-1.75783090248292E-15,-2.74446999999999));
#4290=CARTESIAN_POINT('',(2.26564990344979,1.60767330447391,-2.74446999999998));
#4291=CARTESIAN_POINT('',(2.31047976447919,2.74447,-1.60767330447389));
#4292=CARTESIAN_POINT('',(2.37625927840891,2.74447,1.78372015259931E-14));
#4293=CARTESIAN_POINT('',(2.44203879233865,2.74447,1.60767330447392));
#4294=CARTESIAN_POINT('',(2.48686865336805,1.60767330447392,2.74447000000002));
#4295=CARTESIAN_POINT('',(2.55264816729781,1.18027579485083E-14,2.74447000000002));
#4296=CARTESIAN_POINT('',(2.61842768122755,-1.60767330447391,2.74447000000002));
#4297=CARTESIAN_POINT('',(2.66325754225696,-2.74447,1.60767330447394));
#4298=CARTESIAN_POINT('',(2.7290370561867,-2.74447,2.29501060337839E-14));
#4299=CARTESIAN_POINT('',(2.79481657011644,-2.74447,-1.60767330447389));
#4300=CARTESIAN_POINT('',(2.83964643114585,-1.60767330447391,-2.74446999999998));
#4301=CARTESIAN_POINT('',(2.9054259450756,-2.32641167867304E-15,-2.74446999999998));
#4302=CARTESIAN_POINT('',(2.97120545900535,1.60767330447391,-2.74446999999998));
#4303=CARTESIAN_POINT('',(3.01603532003475,2.74447,-1.60767330447389));
#4304=CARTESIAN_POINT('',(3.08181483396448,2.74447,1.98945253792628E-14));
#4305=CARTESIAN_POINT('',(3.08281936120432,2.74447,0.0245509814626865));
#4306=CARTESIAN_POINT('',(3.0838251479729,2.7441405830712,0.0491446676062236));
#4307=CARTESIAN_POINT('',(3.08483246088847,2.74347820026367,0.0737763212557237));
#4314=CARTESIAN_POINT('',(1.17127897670142,-2.74447,1.33966813590953E-14));
#4315=CARTESIAN_POINT('',(0.99060246088847,-2.74447,9.73590032572349E-15));
#4316=VECTOR('',#7840,1.0);
#4318=CARTESIAN_POINT('',(-1.10362753911154,-0.442448700460326,2.70857060612438));
#4319=CARTESIAN_POINT('',(-1.0454859306779,-1.84874535769676,2.47885013029515));
#4320=CARTESIAN_POINT('',(-1.00233079853333,-2.74447,1.39170860423823));
#4321=CARTESIAN_POINT('',(-0.945387689965272,-2.74447,6.85010600024628E-15));
#4322=CARTESIAN_POINT('',(-0.87960817603552,-2.74447,-1.6076733044739));
#4323=CARTESIAN_POINT('',(-0.83477831500611,-1.60767330447391,-2.74447));
#4324=CARTESIAN_POINT('',(-0.76899880107637,1.27483516356195E-15,-2.74447));
#4325=CARTESIAN_POINT('',(-0.70321928714663,1.60767330447391,-2.74447));
#4326=CARTESIAN_POINT('',(-0.65838942611722,2.74447,-1.60767330447392));
#4327=CARTESIAN_POINT('',(-0.59260991218749,2.74447,7.62565058773106E-16));
#4328=CARTESIAN_POINT('',(-0.52683039825776,2.74447,1.60767330447392));
#4329=CARTESIAN_POINT('',(-0.48200053722835,1.60767330447391,2.74447000000001));
#4330=CARTESIAN_POINT('',(-0.41622102329861,-7.06254387371839E-16,2.74447));
#4331=CARTESIAN_POINT('',(-0.35044150936887,-1.60767330447391,2.74447000000001));
#4332=CARTESIAN_POINT('',(-0.30561164833945,-2.74447,1.60767330447393));
#4333=CARTESIAN_POINT('',(-0.23983213440971,-2.74447,1.00445914058962E-14));
#4334=CARTESIAN_POINT('',(-0.17405262047997,-2.74447,-1.6076733044739));
#4335=CARTESIAN_POINT('',(-0.12922275945055,-1.60767330447391,-2.74447));
#4336=CARTESIAN_POINT('',(-0.06344324552081,3.27200536578431E-16,-2.74447));
#4337=CARTESIAN_POINT('',(0.00233626840892986,1.60767330447391,-2.74447));
#4338=CARTESIAN_POINT('',(0.0471661294383403,2.74447,-1.60767330447392));
#4339=CARTESIAN_POINT('',(0.11294564336807,2.74447,2.25130813585268E-15));
#4340=CARTESIAN_POINT('',(0.1787251572978,2.74447,1.60767330447392));
#4341=CARTESIAN_POINT('',(0.22355501832721,1.60767330447391,2.74447000000001));
#4342=CARTESIAN_POINT('',(0.28933453225695,5.18533142149772E-17,2.74447000000001));
#4343=CARTESIAN_POINT('',(0.35511404618669,-1.60767330447391,2.74447000000001));
#4344=CARTESIAN_POINT('',(0.3999439072161,-2.74447,1.60767330447393));
#4345=CARTESIAN_POINT('',(0.46572342114585,-2.74447,1.30495498861494E-14));
#4346=CARTESIAN_POINT('',(0.5315029350756,-2.74447,-1.6076733044739));
#4347=CARTESIAN_POINT('',(0.57633279610501,-1.60767330447391,-2.74446999999999));
#4348=CARTESIAN_POINT('',(0.64211231003474,-2.41380239611682E-16,-2.74446999999999));
#4349=CARTESIAN_POINT('',(0.70789182396448,1.60767330447391,-2.74446999999999));
#4350=CARTESIAN_POINT('',(0.75272168499391,2.74447,-1.60767330447391));
#4351=CARTESIAN_POINT('',(0.81850119892364,2.74447,4.30863198912241E-15));
#4352=CARTESIAN_POINT('',(0.88428071285337,2.74447,1.60767330447392));
#4353=CARTESIAN_POINT('',(0.92911057388277,1.60767330447391,2.74447000000001));
#4354=CARTESIAN_POINT('',(0.9948900878125,4.30907165008386E-16,2.74447000000001));
#4355=CARTESIAN_POINT('',(1.06066960174224,-1.60767330447391,2.74447000000001));
#4356=CARTESIAN_POINT('',(1.10549946277168,-2.74447,1.60767330447393));
#4357=CARTESIAN_POINT('',(1.17127897670142,-2.74447,1.64335622171961E-14));
#4358=CARTESIAN_POINT('',(1.23705849063116,-2.74447,-1.6076733044739));
#4359=CARTESIAN_POINT('',(1.28188835166057,-1.60767330447391,-2.74446999999999));
#4360=CARTESIAN_POINT('',(1.3476678655903,-8.09961015801794E-16,-2.74446999999999));
#4361=CARTESIAN_POINT('',(1.41344737952007,1.60767330447391,-2.74446999999999));
#4362=CARTESIAN_POINT('',(1.45827724054947,2.74447,-1.60767330447391));
#4363=CARTESIAN_POINT('',(1.52405675447919,2.74447,5.79737506620199E-15));
#4364=CARTESIAN_POINT('',(1.58983626840893,2.74447,1.60767330447391));
#4365=CARTESIAN_POINT('',(1.63466612943833,1.60767330447392,2.74447000000001));
#4366=CARTESIAN_POINT('',(1.70044564336807,1.08548880618271E-14,2.74447000000001));
#4367=CARTESIAN_POINT('',(1.76622515729783,-1.60767330447391,2.74447000000002));
#4368=CARTESIAN_POINT('',(1.81105501832724,-2.74447,1.60767330447394));
#4369=CARTESIAN_POINT('',(1.87683453225697,-2.74447,1.94385206974493E-14));
#4370=CARTESIAN_POINT('',(1.94261404618672,-2.74447,-1.60767330447389));
#4371=CARTESIAN_POINT('',(1.98744390721613,-1.60767330447391,-2.74446999999998));
#4372=CARTESIAN_POINT('',(2.05322342114589,-1.75759564278532E-15,-2.74446999999999));
#4373=CARTESIAN_POINT('',(2.11900293507563,1.60767330447391,-2.74446999999998));
#4374=CARTESIAN_POINT('',(2.16383279610503,2.74447,-1.60767330447389));
#4375=CARTESIAN_POINT('',(2.22961231003476,2.74447,1.73310451893069E-14));
#4376=CARTESIAN_POINT('',(2.29539182396449,2.74447,1.60767330447392));
#4377=CARTESIAN_POINT('',(2.34022168499389,1.60767330447392,2.74447000000002));
#4378=CARTESIAN_POINT('',(2.40600119892365,1.18025226888106E-14,2.74447000000002));
#4379=CARTESIAN_POINT('',(2.47178071285339,-1.60767330447391,2.74447000000002));
#4380=CARTESIAN_POINT('',(2.5166105738828,-2.74447,1.60767330447394));
#4381=CARTESIAN_POINT('',(2.58239008781254,-2.74447,2.24434791777025E-14));
#4382=CARTESIAN_POINT('',(2.64816960174228,-2.74447,-1.60767330447389));
#4383=CARTESIAN_POINT('',(2.69299946277169,-1.60767330447391,-2.74446999999998));
#4384=CARTESIAN_POINT('',(2.75877897670145,-2.32617641897543E-15,-2.74446999999998));
#4385=CARTESIAN_POINT('',(2.82455849063119,1.60767330447391,-2.74446999999998));
#4386=CARTESIAN_POINT('',(2.8693883516606,2.74447,-1.60767330447389));
#4387=CARTESIAN_POINT('',(2.93516786559031,2.74447,1.93883690425765E-14));
#4388=CARTESIAN_POINT('',(2.98824923933282,2.74447,1.29732651447987));
#4389=CARTESIAN_POINT('',(3.030156662774,1.95010244026926,2.35030557803727));
#4390=CARTESIAN_POINT('',(3.08483246088846,0.648350086109429,2.66678790809131));
#4397=COLOUR_RGB('',0.764705896377563,0.705882370471954,0.239215686917305);
#4398=CARTESIAN_POINT('',(0.818501198923639,2.74447,7.06122245912822E-15));
#4399=CARTESIAN_POINT('',(0.965148167297789,2.74447,7.56761405551201E-15));
#4400=CARTESIAN_POINT('',(0.99060246088847,2.74447,1.04081016058947E-14));
#4401=VECTOR('',#7841,1.0);
#4403=CARTESIAN_POINT('',(-1.10362753911154,-0.442448700460326,2.70857060612438));
#4404=CARTESIAN_POINT('',(-1.0454859306779,-1.84874535769676,2.47885013029515));
#4405=CARTESIAN_POINT('',(-1.00233079853333,-2.74447,1.39170860423823));
#4406=CARTESIAN_POINT('',(-0.945387689965272,-2.74447,6.85010600024628E-15));
#4407=CARTESIAN_POINT('',(-0.87960817603552,-2.74447,-1.6076733044739));
#4408=CARTESIAN_POINT('',(-0.83477831500611,-1.60767330447391,-2.74447));
#4409=CARTESIAN_POINT('',(-0.76899880107637,1.27483516356195E-15,-2.74447));
#4410=CARTESIAN_POINT('',(-0.70321928714663,1.60767330447391,-2.74447));
#4411=CARTESIAN_POINT('',(-0.65838942611722,2.74447,-1.60767330447392));
#4412=CARTESIAN_POINT('',(-0.59260991218749,2.74447,7.62565058773106E-16));
#4413=CARTESIAN_POINT('',(-0.52683039825776,2.74447,1.60767330447392));
#4414=CARTESIAN_POINT('',(-0.48200053722835,1.60767330447391,2.74447000000001));
#4415=CARTESIAN_POINT('',(-0.41622102329861,-7.06254387371839E-16,2.74447));
#4416=CARTESIAN_POINT('',(-0.35044150936887,-1.60767330447391,2.74447000000001));
#4417=CARTESIAN_POINT('',(-0.30561164833945,-2.74447,1.60767330447393));
#4418=CARTESIAN_POINT('',(-0.23983213440971,-2.74447,1.00445914058962E-14));
#4419=CARTESIAN_POINT('',(-0.17405262047997,-2.74447,-1.6076733044739));
#4420=CARTESIAN_POINT('',(-0.12922275945055,-1.60767330447391,-2.74447));
#4421=CARTESIAN_POINT('',(-0.06344324552081,3.27200536578431E-16,-2.74447));
#4422=CARTESIAN_POINT('',(0.00233626840892986,1.60767330447391,-2.74447));
#4423=CARTESIAN_POINT('',(0.0471661294383403,2.74447,-1.60767330447392));
#4424=CARTESIAN_POINT('',(0.11294564336807,2.74447,2.25130813585268E-15));
#4425=CARTESIAN_POINT('',(0.1787251572978,2.74447,1.60767330447392));
#4426=CARTESIAN_POINT('',(0.22355501832721,1.60767330447391,2.74447000000001));
#4427=CARTESIAN_POINT('',(0.28933453225695,5.18533142149772E-17,2.74447000000001));
#4428=CARTESIAN_POINT('',(0.35511404618669,-1.60767330447391,2.74447000000001));
#4429=CARTESIAN_POINT('',(0.3999439072161,-2.74447,1.60767330447393));
#4430=CARTESIAN_POINT('',(0.46572342114585,-2.74447,1.30495498861494E-14));
#4431=CARTESIAN_POINT('',(0.5315029350756,-2.74447,-1.6076733044739));
#4432=CARTESIAN_POINT('',(0.57633279610501,-1.60767330447391,-2.74446999999999));
#4433=CARTESIAN_POINT('',(0.64211231003474,-2.41380239611682E-16,-2.74446999999999));
#4434=CARTESIAN_POINT('',(0.70789182396448,1.60767330447391,-2.74446999999999));
#4435=CARTESIAN_POINT('',(0.75272168499391,2.74447,-1.60767330447391));
#4436=CARTESIAN_POINT('',(0.81850119892364,2.74447,4.30863198912241E-15));
#4437=CARTESIAN_POINT('',(0.88428071285337,2.74447,1.60767330447392));
#4438=CARTESIAN_POINT('',(0.92911057388277,1.60767330447391,2.74447000000001));
#4439=CARTESIAN_POINT('',(0.9948900878125,4.30907165008386E-16,2.74447000000001));
#4440=CARTESIAN_POINT('',(1.06066960174224,-1.60767330447391,2.74447000000001));
#4441=CARTESIAN_POINT('',(1.10549946277168,-2.74447,1.60767330447393));
#4442=CARTESIAN_POINT('',(1.17127897670142,-2.74447,1.64335622171961E-14));
#4443=CARTESIAN_POINT('',(1.23705849063116,-2.74447,-1.6076733044739));
#4444=CARTESIAN_POINT('',(1.28188835166057,-1.60767330447391,-2.74446999999999));
#4445=CARTESIAN_POINT('',(1.3476678655903,-8.09961015801794E-16,-2.74446999999999));
#4446=CARTESIAN_POINT('',(1.41344737952007,1.60767330447391,-2.74446999999999));
#4447=CARTESIAN_POINT('',(1.45827724054947,2.74447,-1.60767330447391));
#4448=CARTESIAN_POINT('',(1.52405675447919,2.74447,5.79737506620199E-15));
#4449=CARTESIAN_POINT('',(1.58983626840893,2.74447,1.60767330447391));
#4450=CARTESIAN_POINT('',(1.63466612943833,1.60767330447392,2.74447000000001));
#4451=CARTESIAN_POINT('',(1.70044564336807,1.08548880618271E-14,2.74447000000001));
#4452=CARTESIAN_POINT('',(1.76622515729783,-1.60767330447391,2.74447000000002));
#4453=CARTESIAN_POINT('',(1.81105501832724,-2.74447,1.60767330447394));
#4454=CARTESIAN_POINT('',(1.87683453225697,-2.74447,1.94385206974493E-14));
#4455=CARTESIAN_POINT('',(1.94261404618672,-2.74447,-1.60767330447389));
#4456=CARTESIAN_POINT('',(1.98744390721613,-1.60767330447391,-2.74446999999998));
#4457=CARTESIAN_POINT('',(2.05322342114589,-1.75759564278532E-15,-2.74446999999999));
#4458=CARTESIAN_POINT('',(2.11900293507563,1.60767330447391,-2.74446999999998));
#4459=CARTESIAN_POINT('',(2.16383279610503,2.74447,-1.60767330447389));
#4460=CARTESIAN_POINT('',(2.22961231003476,2.74447,1.73310451893069E-14));
#4461=CARTESIAN_POINT('',(2.29539182396449,2.74447,1.60767330447392));
#4462=CARTESIAN_POINT('',(2.34022168499389,1.60767330447392,2.74447000000002));
#4463=CARTESIAN_POINT('',(2.40600119892365,1.18025226888106E-14,2.74447000000002));
#4464=CARTESIAN_POINT('',(2.47178071285339,-1.60767330447391,2.74447000000002));
#4465=CARTESIAN_POINT('',(2.5166105738828,-2.74447,1.60767330447394));
#4466=CARTESIAN_POINT('',(2.58239008781254,-2.74447,2.24434791777025E-14));
#4467=CARTESIAN_POINT('',(2.64816960174228,-2.74447,-1.60767330447389));
#4468=CARTESIAN_POINT('',(2.69299946277169,-1.60767330447391,-2.74446999999998));
#4469=CARTESIAN_POINT('',(2.75877897670145,-2.32617641897543E-15,-2.74446999999998));
#4470=CARTESIAN_POINT('',(2.82455849063119,1.60767330447391,-2.74446999999998));
#4471=CARTESIAN_POINT('',(2.8693883516606,2.74447,-1.60767330447389));
#4472=CARTESIAN_POINT('',(2.93516786559031,2.74447,1.93883690425765E-14));
#4473=CARTESIAN_POINT('',(2.98824923933282,2.74447,1.29732651447987));
#4474=CARTESIAN_POINT('',(3.030156662774,1.95010244026926,2.35030557803727));
#4475=CARTESIAN_POINT('',(3.08483246088846,0.648350086109429,2.66678790809131));
#4483=CARTESIAN_POINT('',(-1.10362753911154,2.49775727484522,1.13724411489257));
#4484=CARTESIAN_POINT('',(-1.05726021991585,2.02813689066942,2.16868293759559));
#4485=CARTESIAN_POINT('',(-1.01937020737857,1.08125497375648,2.74447000000001));
#4486=CARTESIAN_POINT('',(-0.975129610480007,8.10196275499402E-16,2.74447));
#4487=CARTESIAN_POINT('',(-0.90935009655026,-1.60767330447391,2.74447000000001));
#4488=CARTESIAN_POINT('',(-0.86452023552086,-2.74447,1.60767330447393));
#4489=CARTESIAN_POINT('',(-0.79874072159111,-2.74447,7.35673285632771E-15));
#4490=CARTESIAN_POINT('',(-0.73296120766136,-2.74447,-1.6076733044739));
#4491=CARTESIAN_POINT('',(-0.68813134663195,-1.60767330447391,-2.74447));
#4492=CARTESIAN_POINT('',(-0.62235183270221,1.27459990386435E-15,-2.74447));
#4493=CARTESIAN_POINT('',(-0.55657231877246,1.60767330447391,-2.74447));
#4494=CARTESIAN_POINT('',(-0.51174245774306,2.74447,-1.60767330447392));
#4495=CARTESIAN_POINT('',(-0.44596294381332,2.74447,1.26872139545935E-15));
#4496=CARTESIAN_POINT('',(-0.38018342988358,2.74447,1.60767330447392));
#4497=CARTESIAN_POINT('',(-0.33535356885419,1.60767330447391,2.74447000000001));
#4498=CARTESIAN_POINT('',(-0.26957405492444,-7.06019127674234E-16,2.74447000000001));
#4499=CARTESIAN_POINT('',(-0.2037945409947,-1.60767330447391,2.74447000000001));
#4500=CARTESIAN_POINT('',(-0.15896467996529,-2.74447,1.60767330447393));
#4501=CARTESIAN_POINT('',(-0.0931851660355398,-2.74447,1.05512182619777E-14));
#4502=CARTESIAN_POINT('',(-0.0274056521057899,-2.74447,-1.6076733044739));
#4503=CARTESIAN_POINT('',(0.0174242089236198,-1.60767330447391,-2.74447));
#4504=CARTESIAN_POINT('',(0.08320372285336,3.26965276880823E-16,-2.74446999999999));
#4505=CARTESIAN_POINT('',(0.1489832367831,1.60767330447391,-2.74447));
#4506=CARTESIAN_POINT('',(0.19381309781251,2.74447,-1.60767330447392));
#4507=CARTESIAN_POINT('',(0.25959261174224,2.74447,2.75746447253893E-15));
#4508=CARTESIAN_POINT('',(0.32537212567197,2.74447,1.60767330447392));
#4509=CARTESIAN_POINT('',(0.37020198670138,1.60767330447391,2.74447000000001));
#4510=CARTESIAN_POINT('',(0.43598150063112,5.20885739125846E-17,2.74447000000001));
#4511=CARTESIAN_POINT('',(0.50176101456086,-1.60767330447391,2.74447000000001));
#4512=CARTESIAN_POINT('',(0.54659087559027,-2.74447,1.60767330447393));
#4513=CARTESIAN_POINT('',(0.61237038952001,-2.74447,1.35561767422308E-14));
#4514=CARTESIAN_POINT('',(0.67814990344975,-2.74447,-1.6076733044739));
#4515=CARTESIAN_POINT('',(0.72297976447919,-1.60767330447391,-2.74446999999999));
#4516=CARTESIAN_POINT('',(0.78875927840893,-2.41615499309289E-16,-2.74446999999999));
#4517=CARTESIAN_POINT('',(0.85453879233867,1.60767330447391,-2.74446999999999));
#4518=CARTESIAN_POINT('',(0.89936865336807,2.74447,-1.60767330447391));
#4519=CARTESIAN_POINT('',(0.96514816729779,2.74447,4.81478832580861E-15));
#4520=CARTESIAN_POINT('',(1.03092768122752,2.74447,1.60767330447392));
#4521=CARTESIAN_POINT('',(1.07575754225695,1.60767330447391,2.74447000000001));
#4522=CARTESIAN_POINT('',(1.14153705618669,4.31142424705994E-16,2.74447000000001));
#4523=CARTESIAN_POINT('',(1.20731657011643,-1.60767330447391,2.74447000000001));
#4524=CARTESIAN_POINT('',(1.25214643114584,-2.74447,1.60767330447393));
#4525=CARTESIAN_POINT('',(1.31792594507557,-2.74447,1.69401890732775E-14));
#4526=CARTESIAN_POINT('',(1.38370545900532,-2.74447,-1.6076733044739));
#4527=CARTESIAN_POINT('',(1.42853532003475,-1.60767330447391,-2.74446999999999));
#4528=CARTESIAN_POINT('',(1.49431483396449,-8.10196275499402E-16,-2.74446999999999));
#4529=CARTESIAN_POINT('',(1.56009434789422,1.60767330447391,-2.74446999999999));
#4530=CARTESIAN_POINT('',(1.60492420892363,2.74447,-1.60767330447391));
#4531=CARTESIAN_POINT('',(1.67070372285335,2.74447,6.30353140288818E-15));
#4532=CARTESIAN_POINT('',(1.73648323678309,2.74447,1.60767330447391));
#4533=CARTESIAN_POINT('',(1.78131309781251,1.60767330447392,2.74447000000002));
#4534=CARTESIAN_POINT('',(1.84709261174225,1.08551233215247E-14,2.74447000000001));
#4535=CARTESIAN_POINT('',(1.91287212567198,-1.60767330447391,2.74447000000002));
#4536=CARTESIAN_POINT('',(1.9577019867014,-2.74447,1.60767330447394));
#4537=CARTESIAN_POINT('',(2.02348150063114,-2.74447,1.99451475535307E-14));
#4538=CARTESIAN_POINT('',(2.08926101456088,-2.74447,-1.60767330447389));
#4539=CARTESIAN_POINT('',(2.13409087559032,-1.60767330447391,-2.74446999999998));
#4540=CARTESIAN_POINT('',(2.19987038952005,-1.75783090248292E-15,-2.74446999999999));
#4541=CARTESIAN_POINT('',(2.26564990344979,1.60767330447391,-2.74446999999998));
#4542=CARTESIAN_POINT('',(2.31047976447919,2.74447,-1.60767330447389));
#4543=CARTESIAN_POINT('',(2.37625927840891,2.74447,1.78372015259931E-14));
#4544=CARTESIAN_POINT('',(2.44203879233865,2.74447,1.60767330447392));
#4545=CARTESIAN_POINT('',(2.48686865336805,1.60767330447392,2.74447000000002));
#4546=CARTESIAN_POINT('',(2.55264816729781,1.18027579485083E-14,2.74447000000002));
#4547=CARTESIAN_POINT('',(2.61842768122755,-1.60767330447391,2.74447000000002));
#4548=CARTESIAN_POINT('',(2.66325754225696,-2.74447,1.60767330447394));
#4549=CARTESIAN_POINT('',(2.7290370561867,-2.74447,2.29501060337839E-14));
#4550=CARTESIAN_POINT('',(2.79481657011644,-2.74447,-1.60767330447389));
#4551=CARTESIAN_POINT('',(2.83964643114585,-1.60767330447391,-2.74446999999998));
#4552=CARTESIAN_POINT('',(2.9054259450756,-2.32641167867304E-15,-2.74446999999998));
#4553=CARTESIAN_POINT('',(2.97120545900535,1.60767330447391,-2.74446999999998));
#4554=CARTESIAN_POINT('',(3.01603532003475,2.74447,-1.60767330447389));
#4555=CARTESIAN_POINT('',(3.08181483396448,2.74447,1.98945253792628E-14));
#4556=CARTESIAN_POINT('',(3.08281936120432,2.74447,0.0245509814626865));
#4557=CARTESIAN_POINT('',(3.0838251479729,2.7441405830712,0.0491446676062236));
#4558=CARTESIAN_POINT('',(3.08483246088847,2.74347820026367,0.0737763212557237));
#4565=COLOUR_RGB('',0.764705896377563,0.705882370471954,0.239215686917305);
#4566=CARTESIAN_POINT('',(0.612370389520009,-2.74447,1.09928779379241E-14));
#4568=CARTESIAN_POINT('',(-1.10362753911154,2.49775727484522,1.13724411489257));
#4569=CARTESIAN_POINT('',(-1.05726021991585,2.02813689066942,2.16868293759559));
#4570=CARTESIAN_POINT('',(-1.01937020737857,1.08125497375648,2.74447000000001));
#4571=CARTESIAN_POINT('',(-0.975129610480007,8.10196275499402E-16,2.74447));
#4572=CARTESIAN_POINT('',(-0.90935009655026,-1.60767330447391,2.74447000000001));
#4573=CARTESIAN_POINT('',(-0.86452023552086,-2.74447,1.60767330447393));
#4574=CARTESIAN_POINT('',(-0.79874072159111,-2.74447,7.35673285632771E-15));
#4575=CARTESIAN_POINT('',(-0.73296120766136,-2.74447,-1.6076733044739));
#4576=CARTESIAN_POINT('',(-0.68813134663195,-1.60767330447391,-2.74447));
#4577=CARTESIAN_POINT('',(-0.62235183270221,1.27459990386435E-15,-2.74447));
#4578=CARTESIAN_POINT('',(-0.55657231877246,1.60767330447391,-2.74447));
#4579=CARTESIAN_POINT('',(-0.51174245774306,2.74447,-1.60767330447392));
#4580=CARTESIAN_POINT('',(-0.44596294381332,2.74447,1.26872139545935E-15));
#4581=CARTESIAN_POINT('',(-0.38018342988358,2.74447,1.60767330447392));
#4582=CARTESIAN_POINT('',(-0.33535356885419,1.60767330447391,2.74447000000001));
#4583=CARTESIAN_POINT('',(-0.26957405492444,-7.06019127674234E-16,2.74447000000001));
#4584=CARTESIAN_POINT('',(-0.2037945409947,-1.60767330447391,2.74447000000001));
#4585=CARTESIAN_POINT('',(-0.15896467996529,-2.74447,1.60767330447393));
#4586=CARTESIAN_POINT('',(-0.0931851660355398,-2.74447,1.05512182619777E-14));
#4587=CARTESIAN_POINT('',(-0.0274056521057899,-2.74447,-1.6076733044739));
#4588=CARTESIAN_POINT('',(0.0174242089236198,-1.60767330447391,-2.74447));
#4589=CARTESIAN_POINT('',(0.08320372285336,3.26965276880823E-16,-2.74446999999999));
#4590=CARTESIAN_POINT('',(0.1489832367831,1.60767330447391,-2.74447));
#4591=CARTESIAN_POINT('',(0.19381309781251,2.74447,-1.60767330447392));
#4592=CARTESIAN_POINT('',(0.25959261174224,2.74447,2.75746447253893E-15));
#4593=CARTESIAN_POINT('',(0.32537212567197,2.74447,1.60767330447392));
#4594=CARTESIAN_POINT('',(0.37020198670138,1.60767330447391,2.74447000000001));
#4595=CARTESIAN_POINT('',(0.43598150063112,5.20885739125846E-17,2.74447000000001));
#4596=CARTESIAN_POINT('',(0.50176101456086,-1.60767330447391,2.74447000000001));
#4597=CARTESIAN_POINT('',(0.54659087559027,-2.74447,1.60767330447393));
#4598=CARTESIAN_POINT('',(0.61237038952001,-2.74447,1.35561767422308E-14));
#4599=CARTESIAN_POINT('',(0.67814990344975,-2.74447,-1.6076733044739));
#4600=CARTESIAN_POINT('',(0.72297976447919,-1.60767330447391,-2.74446999999999));
#4601=CARTESIAN_POINT('',(0.78875927840893,-2.41615499309289E-16,-2.74446999999999));
#4602=CARTESIAN_POINT('',(0.85453879233867,1.60767330447391,-2.74446999999999));
#4603=CARTESIAN_POINT('',(0.89936865336807,2.74447,-1.60767330447391));
#4604=CARTESIAN_POINT('',(0.96514816729779,2.74447,4.81478832580861E-15));
#4605=CARTESIAN_POINT('',(1.03092768122752,2.74447,1.60767330447392));
#4606=CARTESIAN_POINT('',(1.07575754225695,1.60767330447391,2.74447000000001));
#4607=CARTESIAN_POINT('',(1.14153705618669,4.31142424705994E-16,2.74447000000001));
#4608=CARTESIAN_POINT('',(1.20731657011643,-1.60767330447391,2.74447000000001));
#4609=CARTESIAN_POINT('',(1.25214643114584,-2.74447,1.60767330447393));
#4610=CARTESIAN_POINT('',(1.31792594507557,-2.74447,1.69401890732775E-14));
#4611=CARTESIAN_POINT('',(1.38370545900532,-2.74447,-1.6076733044739));
#4612=CARTESIAN_POINT('',(1.42853532003475,-1.60767330447391,-2.74446999999999));
#4613=CARTESIAN_POINT('',(1.49431483396449,-8.10196275499402E-16,-2.74446999999999));
#4614=CARTESIAN_POINT('',(1.56009434789422,1.60767330447391,-2.74446999999999));
#4615=CARTESIAN_POINT('',(1.60492420892363,2.74447,-1.60767330447391));
#4616=CARTESIAN_POINT('',(1.67070372285335,2.74447,6.30353140288818E-15));
#4617=CARTESIAN_POINT('',(1.73648323678309,2.74447,1.60767330447391));
#4618=CARTESIAN_POINT('',(1.78131309781251,1.60767330447392,2.74447000000002));
#4619=CARTESIAN_POINT('',(1.84709261174225,1.08551233215247E-14,2.74447000000001));
#4620=CARTESIAN_POINT('',(1.91287212567198,-1.60767330447391,2.74447000000002));
#4621=CARTESIAN_POINT('',(1.9577019867014,-2.74447,1.60767330447394));
#4622=CARTESIAN_POINT('',(2.02348150063114,-2.74447,1.99451475535307E-14));
#4623=CARTESIAN_POINT('',(2.08926101456088,-2.74447,-1.60767330447389));
#4624=CARTESIAN_POINT('',(2.13409087559032,-1.60767330447391,-2.74446999999998));
#4625=CARTESIAN_POINT('',(2.19987038952005,-1.75783090248292E-15,-2.74446999999999));
#4626=CARTESIAN_POINT('',(2.26564990344979,1.60767330447391,-2.74446999999998));
#4627=CARTESIAN_POINT('',(2.31047976447919,2.74447,-1.60767330447389));
#4628=CARTESIAN_POINT('',(2.37625927840891,2.74447,1.78372015259931E-14));
#4629=CARTESIAN_POINT('',(2.44203879233865,2.74447,1.60767330447392));
#4630=CARTESIAN_POINT('',(2.48686865336805,1.60767330447392,2.74447000000002));
#4631=CARTESIAN_POINT('',(2.55264816729781,1.18027579485083E-14,2.74447000000002));
#4632=CARTESIAN_POINT('',(2.61842768122755,-1.60767330447391,2.74447000000002));
#4633=CARTESIAN_POINT('',(2.66325754225696,-2.74447,1.60767330447394));
#4634=CARTESIAN_POINT('',(2.7290370561867,-2.74447,2.29501060337839E-14));
#4635=CARTESIAN_POINT('',(2.79481657011644,-2.74447,-1.60767330447389));
#4636=CARTESIAN_POINT('',(2.83964643114585,-1.60767330447391,-2.74446999999998));
#4637=CARTESIAN_POINT('',(2.9054259450756,-2.32641167867304E-15,-2.74446999999998));
#4638=CARTESIAN_POINT('',(2.97120545900535,1.60767330447391,-2.74446999999998));
#4639=CARTESIAN_POINT('',(3.01603532003475,2.74447,-1.60767330447389));
#4640=CARTESIAN_POINT('',(3.08181483396448,2.74447,1.98945253792628E-14));
#4641=CARTESIAN_POINT('',(3.08281936120432,2.74447,0.0245509814626865));
#4642=CARTESIAN_POINT('',(3.0838251479729,2.7441405830712,0.0491446676062236));
#4643=CARTESIAN_POINT('',(3.08483246088847,2.74347820026367,0.0737763212557237));
#4650=CARTESIAN_POINT('',(0.46572342114585,-2.74447,1.04864863415403E-14));
#4651=CARTESIAN_POINT('',(0.99060246088847,-2.74447,9.73590032572349E-15));
#4652=VECTOR('',#7842,1.0);
#4654=CARTESIAN_POINT('',(-1.10362753911154,-0.442448700460326,2.70857060612438));
#4655=CARTESIAN_POINT('',(-1.0454859306779,-1.84874535769676,2.47885013029515));
#4656=CARTESIAN_POINT('',(-1.00233079853333,-2.74447,1.39170860423823));
#4657=CARTESIAN_POINT('',(-0.945387689965272,-2.74447,6.85010600024628E-15));
#4658=CARTESIAN_POINT('',(-0.87960817603552,-2.74447,-1.6076733044739));
#4659=CARTESIAN_POINT('',(-0.83477831500611,-1.60767330447391,-2.74447));
#4660=CARTESIAN_POINT('',(-0.76899880107637,1.27483516356195E-15,-2.74447));
#4661=CARTESIAN_POINT('',(-0.70321928714663,1.60767330447391,-2.74447));
#4662=CARTESIAN_POINT('',(-0.65838942611722,2.74447,-1.60767330447392));
#4663=CARTESIAN_POINT('',(-0.59260991218749,2.74447,7.62565058773106E-16));
#4664=CARTESIAN_POINT('',(-0.52683039825776,2.74447,1.60767330447392));
#4665=CARTESIAN_POINT('',(-0.48200053722835,1.60767330447391,2.74447000000001));
#4666=CARTESIAN_POINT('',(-0.41622102329861,-7.06254387371839E-16,2.74447));
#4667=CARTESIAN_POINT('',(-0.35044150936887,-1.60767330447391,2.74447000000001));
#4668=CARTESIAN_POINT('',(-0.30561164833945,-2.74447,1.60767330447393));
#4669=CARTESIAN_POINT('',(-0.23983213440971,-2.74447,1.00445914058962E-14));
#4670=CARTESIAN_POINT('',(-0.17405262047997,-2.74447,-1.6076733044739));
#4671=CARTESIAN_POINT('',(-0.12922275945055,-1.60767330447391,-2.74447));
#4672=CARTESIAN_POINT('',(-0.06344324552081,3.27200536578431E-16,-2.74447));
#4673=CARTESIAN_POINT('',(0.00233626840892986,1.60767330447391,-2.74447));
#4674=CARTESIAN_POINT('',(0.0471661294383403,2.74447,-1.60767330447392));
#4675=CARTESIAN_POINT('',(0.11294564336807,2.74447,2.25130813585268E-15));
#4676=CARTESIAN_POINT('',(0.1787251572978,2.74447,1.60767330447392));
#4677=CARTESIAN_POINT('',(0.22355501832721,1.60767330447391,2.74447000000001));
#4678=CARTESIAN_POINT('',(0.28933453225695,5.18533142149772E-17,2.74447000000001));
#4679=CARTESIAN_POINT('',(0.35511404618669,-1.60767330447391,2.74447000000001));
#4680=CARTESIAN_POINT('',(0.3999439072161,-2.74447,1.60767330447393));
#4681=CARTESIAN_POINT('',(0.46572342114585,-2.74447,1.30495498861494E-14));
#4682=CARTESIAN_POINT('',(0.5315029350756,-2.74447,-1.6076733044739));
#4683=CARTESIAN_POINT('',(0.57633279610501,-1.60767330447391,-2.74446999999999));
#4684=CARTESIAN_POINT('',(0.64211231003474,-2.41380239611682E-16,-2.74446999999999));
#4685=CARTESIAN_POINT('',(0.70789182396448,1.60767330447391,-2.74446999999999));
#4686=CARTESIAN_POINT('',(0.75272168499391,2.74447,-1.60767330447391));
#4687=CARTESIAN_POINT('',(0.81850119892364,2.74447,4.30863198912241E-15));
#4688=CARTESIAN_POINT('',(0.88428071285337,2.74447,1.60767330447392));
#4689=CARTESIAN_POINT('',(0.92911057388277,1.60767330447391,2.74447000000001));
#4690=CARTESIAN_POINT('',(0.9948900878125,4.30907165008386E-16,2.74447000000001));
#4691=CARTESIAN_POINT('',(1.06066960174224,-1.60767330447391,2.74447000000001));
#4692=CARTESIAN_POINT('',(1.10549946277168,-2.74447,1.60767330447393));
#4693=CARTESIAN_POINT('',(1.17127897670142,-2.74447,1.64335622171961E-14));
#4694=CARTESIAN_POINT('',(1.23705849063116,-2.74447,-1.6076733044739));
#4695=CARTESIAN_POINT('',(1.28188835166057,-1.60767330447391,-2.74446999999999));
#4696=CARTESIAN_POINT('',(1.3476678655903,-8.09961015801794E-16,-2.74446999999999));
#4697=CARTESIAN_POINT('',(1.41344737952007,1.60767330447391,-2.74446999999999));
#4698=CARTESIAN_POINT('',(1.45827724054947,2.74447,-1.60767330447391));
#4699=CARTESIAN_POINT('',(1.52405675447919,2.74447,5.79737506620199E-15));
#4700=CARTESIAN_POINT('',(1.58983626840893,2.74447,1.60767330447391));
#4701=CARTESIAN_POINT('',(1.63466612943833,1.60767330447392,2.74447000000001));
#4702=CARTESIAN_POINT('',(1.70044564336807,1.08548880618271E-14,2.74447000000001));
#4703=CARTESIAN_POINT('',(1.76622515729783,-1.60767330447391,2.74447000000002));
#4704=CARTESIAN_POINT('',(1.81105501832724,-2.74447,1.60767330447394));
#4705=CARTESIAN_POINT('',(1.87683453225697,-2.74447,1.94385206974493E-14));
#4706=CARTESIAN_POINT('',(1.94261404618672,-2.74447,-1.60767330447389));
#4707=CARTESIAN_POINT('',(1.98744390721613,-1.60767330447391,-2.74446999999998));
#4708=CARTESIAN_POINT('',(2.05322342114589,-1.75759564278532E-15,-2.74446999999999));
#4709=CARTESIAN_POINT('',(2.11900293507563,1.60767330447391,-2.74446999999998));
#4710=CARTESIAN_POINT('',(2.16383279610503,2.74447,-1.60767330447389));
#4711=CARTESIAN_POINT('',(2.22961231003476,2.74447,1.73310451893069E-14));
#4712=CARTESIAN_POINT('',(2.29539182396449,2.74447,1.60767330447392));
#4713=CARTESIAN_POINT('',(2.34022168499389,1.60767330447392,2.74447000000002));
#4714=CARTESIAN_POINT('',(2.40600119892365,1.18025226888106E-14,2.74447000000002));
#4715=CARTESIAN_POINT('',(2.47178071285339,-1.60767330447391,2.74447000000002));
#4716=CARTESIAN_POINT('',(2.5166105738828,-2.74447,1.60767330447394));
#4717=CARTESIAN_POINT('',(2.58239008781254,-2.74447,2.24434791777025E-14));
#4718=CARTESIAN_POINT('',(2.64816960174228,-2.74447,-1.60767330447389));
#4719=CARTESIAN_POINT('',(2.69299946277169,-1.60767330447391,-2.74446999999998));
#4720=CARTESIAN_POINT('',(2.75877897670145,-2.32617641897543E-15,-2.74446999999998));
#4721=CARTESIAN_POINT('',(2.82455849063119,1.60767330447391,-2.74446999999998));
#4722=CARTESIAN_POINT('',(2.8693883516606,2.74447,-1.60767330447389));
#4723=CARTESIAN_POINT('',(2.93516786559031,2.74447,1.93883690425765E-14));
#4724=CARTESIAN_POINT('',(2.98824923933282,2.74447,1.29732651447987));
#4725=CARTESIAN_POINT('',(3.030156662774,1.95010244026926,2.35030557803727));
#4726=CARTESIAN_POINT('',(3.08483246088846,0.648350086109429,2.66678790809131));
#4733=COLOUR_RGB('',0.764705896377563,0.705882370471954,0.239215686917305);
#4734=CARTESIAN_POINT('',(0.11294564336807,2.74447,4.81437168046179E-15));
#4735=CARTESIAN_POINT('',(0.25959261174224,2.74447,5.32076327684564E-15));
#4736=CARTESIAN_POINT('',(0.99060246088847,2.74447,1.04081016058947E-14));
#4737=VECTOR('',#7843,1.0);
#4739=CARTESIAN_POINT('',(-1.10362753911154,-0.442448700460326,2.70857060612438));
#4740=CARTESIAN_POINT('',(-1.0454859306779,-1.84874535769676,2.47885013029515));
#4741=CARTESIAN_POINT('',(-1.00233079853333,-2.74447,1.39170860423823));
#4742=CARTESIAN_POINT('',(-0.945387689965272,-2.74447,6.85010600024628E-15));
#4743=CARTESIAN_POINT('',(-0.87960817603552,-2.74447,-1.6076733044739));
#4744=CARTESIAN_POINT('',(-0.83477831500611,-1.60767330447391,-2.74447));
#4745=CARTESIAN_POINT('',(-0.76899880107637,1.27483516356195E-15,-2.74447));
#4746=CARTESIAN_POINT('',(-0.70321928714663,1.60767330447391,-2.74447));
#4747=CARTESIAN_POINT('',(-0.65838942611722,2.74447,-1.60767330447392));
#4748=CARTESIAN_POINT('',(-0.59260991218749,2.74447,7.62565058773106E-16));
#4749=CARTESIAN_POINT('',(-0.52683039825776,2.74447,1.60767330447392));
#4750=CARTESIAN_POINT('',(-0.48200053722835,1.60767330447391,2.74447000000001));
#4751=CARTESIAN_POINT('',(-0.41622102329861,-7.06254387371839E-16,2.74447));
#4752=CARTESIAN_POINT('',(-0.35044150936887,-1.60767330447391,2.74447000000001));
#4753=CARTESIAN_POINT('',(-0.30561164833945,-2.74447,1.60767330447393));
#4754=CARTESIAN_POINT('',(-0.23983213440971,-2.74447,1.00445914058962E-14));
#4755=CARTESIAN_POINT('',(-0.17405262047997,-2.74447,-1.6076733044739));
#4756=CARTESIAN_POINT('',(-0.12922275945055,-1.60767330447391,-2.74447));
#4757=CARTESIAN_POINT('',(-0.06344324552081,3.27200536578431E-16,-2.74447));
#4758=CARTESIAN_POINT('',(0.00233626840892986,1.60767330447391,-2.74447));
#4759=CARTESIAN_POINT('',(0.0471661294383403,2.74447,-1.60767330447392));
#4760=CARTESIAN_POINT('',(0.11294564336807,2.74447,2.25130813585268E-15));
#4761=CARTESIAN_POINT('',(0.1787251572978,2.74447,1.60767330447392));
#4762=CARTESIAN_POINT('',(0.22355501832721,1.60767330447391,2.74447000000001));
#4763=CARTESIAN_POINT('',(0.28933453225695,5.18533142149772E-17,2.74447000000001));
#4764=CARTESIAN_POINT('',(0.35511404618669,-1.60767330447391,2.74447000000001));
#4765=CARTESIAN_POINT('',(0.3999439072161,-2.74447,1.60767330447393));
#4766=CARTESIAN_POINT('',(0.46572342114585,-2.74447,1.30495498861494E-14));
#4767=CARTESIAN_POINT('',(0.5315029350756,-2.74447,-1.6076733044739));
#4768=CARTESIAN_POINT('',(0.57633279610501,-1.60767330447391,-2.74446999999999));
#4769=CARTESIAN_POINT('',(0.64211231003474,-2.41380239611682E-16,-2.74446999999999));
#4770=CARTESIAN_POINT('',(0.70789182396448,1.60767330447391,-2.74446999999999));
#4771=CARTESIAN_POINT('',(0.75272168499391,2.74447,-1.60767330447391));
#4772=CARTESIAN_POINT('',(0.81850119892364,2.74447,4.30863198912241E-15));
#4773=CARTESIAN_POINT('',(0.88428071285337,2.74447,1.60767330447392));
#4774=CARTESIAN_POINT('',(0.92911057388277,1.60767330447391,2.74447000000001));
#4775=CARTESIAN_POINT('',(0.9948900878125,4.30907165008386E-16,2.74447000000001));
#4776=CARTESIAN_POINT('',(1.06066960174224,-1.60767330447391,2.74447000000001));
#4777=CARTESIAN_POINT('',(1.10549946277168,-2.74447,1.60767330447393));
#4778=CARTESIAN_POINT('',(1.17127897670142,-2.74447,1.64335622171961E-14));
#4779=CARTESIAN_POINT('',(1.23705849063116,-2.74447,-1.6076733044739));
#4780=CARTESIAN_POINT('',(1.28188835166057,-1.60767330447391,-2.74446999999999));
#4781=CARTESIAN_POINT('',(1.3476678655903,-8.09961015801794E-16,-2.74446999999999));
#4782=CARTESIAN_POINT('',(1.41344737952007,1.60767330447391,-2.74446999999999));
#4783=CARTESIAN_POINT('',(1.45827724054947,2.74447,-1.60767330447391));
#4784=CARTESIAN_POINT('',(1.52405675447919,2.74447,5.79737506620199E-15));
#4785=CARTESIAN_POINT('',(1.58983626840893,2.74447,1.60767330447391));
#4786=CARTESIAN_POINT('',(1.63466612943833,1.60767330447392,2.74447000000001));
#4787=CARTESIAN_POINT('',(1.70044564336807,1.08548880618271E-14,2.74447000000001));
#4788=CARTESIAN_POINT('',(1.76622515729783,-1.60767330447391,2.74447000000002));
#4789=CARTESIAN_POINT('',(1.81105501832724,-2.74447,1.60767330447394));
#4790=CARTESIAN_POINT('',(1.87683453225697,-2.74447,1.94385206974493E-14));
#4791=CARTESIAN_POINT('',(1.94261404618672,-2.74447,-1.60767330447389));
#4792=CARTESIAN_POINT('',(1.98744390721613,-1.60767330447391,-2.74446999999998));
#4793=CARTESIAN_POINT('',(2.05322342114589,-1.75759564278532E-15,-2.74446999999999));
#4794=CARTESIAN_POINT('',(2.11900293507563,1.60767330447391,-2.74446999999998));
#4795=CARTESIAN_POINT('',(2.16383279610503,2.74447,-1.60767330447389));
#4796=CARTESIAN_POINT('',(2.22961231003476,2.74447,1.73310451893069E-14));
#4797=CARTESIAN_POINT('',(2.29539182396449,2.74447,1.60767330447392));
#4798=CARTESIAN_POINT('',(2.34022168499389,1.60767330447392,2.74447000000002));
#4799=CARTESIAN_POINT('',(2.40600119892365,1.18025226888106E-14,2.74447000000002));
#4800=CARTESIAN_POINT('',(2.47178071285339,-1.60767330447391,2.74447000000002));
#4801=CARTESIAN_POINT('',(2.5166105738828,-2.74447,1.60767330447394));
#4802=CARTESIAN_POINT('',(2.58239008781254,-2.74447,2.24434791777025E-14));
#4803=CARTESIAN_POINT('',(2.64816960174228,-2.74447,-1.60767330447389));
#4804=CARTESIAN_POINT('',(2.69299946277169,-1.60767330447391,-2.74446999999998));
#4805=CARTESIAN_POINT('',(2.75877897670145,-2.32617641897543E-15,-2.74446999999998));
#4806=CARTESIAN_POINT('',(2.82455849063119,1.60767330447391,-2.74446999999998));
#4807=CARTESIAN_POINT('',(2.8693883516606,2.74447,-1.60767330447389));
#4808=CARTESIAN_POINT('',(2.93516786559031,2.74447,1.93883690425765E-14));
#4809=CARTESIAN_POINT('',(2.98824923933282,2.74447,1.29732651447987));
#4810=CARTESIAN_POINT('',(3.030156662774,1.95010244026926,2.35030557803727));
#4811=CARTESIAN_POINT('',(3.08483246088846,0.648350086109429,2.66678790809131));
#4819=CARTESIAN_POINT('',(-1.10362753911154,2.49775727484522,1.13724411489257));
#4820=CARTESIAN_POINT('',(-1.05726021991585,2.02813689066942,2.16868293759559));
#4821=CARTESIAN_POINT('',(-1.01937020737857,1.08125497375648,2.74447000000001));
#4822=CARTESIAN_POINT('',(-0.975129610480007,8.10196275499402E-16,2.74447));
#4823=CARTESIAN_POINT('',(-0.90935009655026,-1.60767330447391,2.74447000000001));
#4824=CARTESIAN_POINT('',(-0.86452023552086,-2.74447,1.60767330447393));
#4825=CARTESIAN_POINT('',(-0.79874072159111,-2.74447,7.35673285632771E-15));
#4826=CARTESIAN_POINT('',(-0.73296120766136,-2.74447,-1.6076733044739));
#4827=CARTESIAN_POINT('',(-0.68813134663195,-1.60767330447391,-2.74447));
#4828=CARTESIAN_POINT('',(-0.62235183270221,1.27459990386435E-15,-2.74447));
#4829=CARTESIAN_POINT('',(-0.55657231877246,1.60767330447391,-2.74447));
#4830=CARTESIAN_POINT('',(-0.51174245774306,2.74447,-1.60767330447392));
#4831=CARTESIAN_POINT('',(-0.44596294381332,2.74447,1.26872139545935E-15));
#4832=CARTESIAN_POINT('',(-0.38018342988358,2.74447,1.60767330447392));
#4833=CARTESIAN_POINT('',(-0.33535356885419,1.60767330447391,2.74447000000001));
#4834=CARTESIAN_POINT('',(-0.26957405492444,-7.06019127674234E-16,2.74447000000001));
#4835=CARTESIAN_POINT('',(-0.2037945409947,-1.60767330447391,2.74447000000001));
#4836=CARTESIAN_POINT('',(-0.15896467996529,-2.74447,1.60767330447393));
#4837=CARTESIAN_POINT('',(-0.0931851660355398,-2.74447,1.05512182619777E-14));
#4838=CARTESIAN_POINT('',(-0.0274056521057899,-2.74447,-1.6076733044739));
#4839=CARTESIAN_POINT('',(0.0174242089236198,-1.60767330447391,-2.74447));
#4840=CARTESIAN_POINT('',(0.08320372285336,3.26965276880823E-16,-2.74446999999999));
#4841=CARTESIAN_POINT('',(0.1489832367831,1.60767330447391,-2.74447));
#4842=CARTESIAN_POINT('',(0.19381309781251,2.74447,-1.60767330447392));
#4843=CARTESIAN_POINT('',(0.25959261174224,2.74447,2.75746447253893E-15));
#4844=CARTESIAN_POINT('',(0.32537212567197,2.74447,1.60767330447392));
#4845=CARTESIAN_POINT('',(0.37020198670138,1.60767330447391,2.74447000000001));
#4846=CARTESIAN_POINT('',(0.43598150063112,5.20885739125846E-17,2.74447000000001));
#4847=CARTESIAN_POINT('',(0.50176101456086,-1.60767330447391,2.74447000000001));
#4848=CARTESIAN_POINT('',(0.54659087559027,-2.74447,1.60767330447393));
#4849=CARTESIAN_POINT('',(0.61237038952001,-2.74447,1.35561767422308E-14));
#4850=CARTESIAN_POINT('',(0.67814990344975,-2.74447,-1.6076733044739));
#4851=CARTESIAN_POINT('',(0.72297976447919,-1.60767330447391,-2.74446999999999));
#4852=CARTESIAN_POINT('',(0.78875927840893,-2.41615499309289E-16,-2.74446999999999));
#4853=CARTESIAN_POINT('',(0.85453879233867,1.60767330447391,-2.74446999999999));
#4854=CARTESIAN_POINT('',(0.89936865336807,2.74447,-1.60767330447391));
#4855=CARTESIAN_POINT('',(0.96514816729779,2.74447,4.81478832580861E-15));
#4856=CARTESIAN_POINT('',(1.03092768122752,2.74447,1.60767330447392));
#4857=CARTESIAN_POINT('',(1.07575754225695,1.60767330447391,2.74447000000001));
#4858=CARTESIAN_POINT('',(1.14153705618669,4.31142424705994E-16,2.74447000000001));
#4859=CARTESIAN_POINT('',(1.20731657011643,-1.60767330447391,2.74447000000001));
#4860=CARTESIAN_POINT('',(1.25214643114584,-2.74447,1.60767330447393));
#4861=CARTESIAN_POINT('',(1.31792594507557,-2.74447,1.69401890732775E-14));
#4862=CARTESIAN_POINT('',(1.38370545900532,-2.74447,-1.6076733044739));
#4863=CARTESIAN_POINT('',(1.42853532003475,-1.60767330447391,-2.74446999999999));
#4864=CARTESIAN_POINT('',(1.49431483396449,-8.10196275499402E-16,-2.74446999999999));
#4865=CARTESIAN_POINT('',(1.56009434789422,1.60767330447391,-2.74446999999999));
#4866=CARTESIAN_POINT('',(1.60492420892363,2.74447,-1.60767330447391));
#4867=CARTESIAN_POINT('',(1.67070372285335,2.74447,6.30353140288818E-15));
#4868=CARTESIAN_POINT('',(1.73648323678309,2.74447,1.60767330447391));
#4869=CARTESIAN_POINT('',(1.78131309781251,1.60767330447392,2.74447000000002));
#4870=CARTESIAN_POINT('',(1.84709261174225,1.08551233215247E-14,2.74447000000001));
#4871=CARTESIAN_POINT('',(1.91287212567198,-1.60767330447391,2.74447000000002));
#4872=CARTESIAN_POINT('',(1.9577019867014,-2.74447,1.60767330447394));
#4873=CARTESIAN_POINT('',(2.02348150063114,-2.74447,1.99451475535307E-14));
#4874=CARTESIAN_POINT('',(2.08926101456088,-2.74447,-1.60767330447389));
#4875=CARTESIAN_POINT('',(2.13409087559032,-1.60767330447391,-2.74446999999998));
#4876=CARTESIAN_POINT('',(2.19987038952005,-1.75783090248292E-15,-2.74446999999999));
#4877=CARTESIAN_POINT('',(2.26564990344979,1.60767330447391,-2.74446999999998));
#4878=CARTESIAN_POINT('',(2.31047976447919,2.74447,-1.60767330447389));
#4879=CARTESIAN_POINT('',(2.37625927840891,2.74447,1.78372015259931E-14));
#4880=CARTESIAN_POINT('',(2.44203879233865,2.74447,1.60767330447392));
#4881=CARTESIAN_POINT('',(2.48686865336805,1.60767330447392,2.74447000000002));
#4882=CARTESIAN_POINT('',(2.55264816729781,1.18027579485083E-14,2.74447000000002));
#4883=CARTESIAN_POINT('',(2.61842768122755,-1.60767330447391,2.74447000000002));
#4884=CARTESIAN_POINT('',(2.66325754225696,-2.74447,1.60767330447394));
#4885=CARTESIAN_POINT('',(2.7290370561867,-2.74447,2.29501060337839E-14));
#4886=CARTESIAN_POINT('',(2.79481657011644,-2.74447,-1.60767330447389));
#4887=CARTESIAN_POINT('',(2.83964643114585,-1.60767330447391,-2.74446999999998));
#4888=CARTESIAN_POINT('',(2.9054259450756,-2.32641167867304E-15,-2.74446999999998));
#4889=CARTESIAN_POINT('',(2.97120545900535,1.60767330447391,-2.74446999999998));
#4890=CARTESIAN_POINT('',(3.01603532003475,2.74447,-1.60767330447389));
#4891=CARTESIAN_POINT('',(3.08181483396448,2.74447,1.98945253792628E-14));
#4892=CARTESIAN_POINT('',(3.08281936120432,2.74447,0.0245509814626865));
#4893=CARTESIAN_POINT('',(3.0838251479729,2.7441405830712,0.0491446676062236));
#4894=CARTESIAN_POINT('',(3.08483246088847,2.74347820026367,0.0737763212557237));
#4901=COLOUR_RGB('',0.764705896377563,0.705882370471954,0.239215686917305);
#4902=CARTESIAN_POINT('',(-0.0931851660355398,-2.74447,8.27220984576604E-15));
#4904=CARTESIAN_POINT('',(-1.10362753911154,2.49775727484522,1.13724411489257));
#4905=CARTESIAN_POINT('',(-1.05726021991585,2.02813689066942,2.16868293759559));
#4906=CARTESIAN_POINT('',(-1.01937020737857,1.08125497375648,2.74447000000001));
#4907=CARTESIAN_POINT('',(-0.975129610480007,8.10196275499402E-16,2.74447));
#4908=CARTESIAN_POINT('',(-0.90935009655026,-1.60767330447391,2.74447000000001));
#4909=CARTESIAN_POINT('',(-0.86452023552086,-2.74447,1.60767330447393));
#4910=CARTESIAN_POINT('',(-0.79874072159111,-2.74447,7.35673285632771E-15));
#4911=CARTESIAN_POINT('',(-0.73296120766136,-2.74447,-1.6076733044739));
#4912=CARTESIAN_POINT('',(-0.68813134663195,-1.60767330447391,-2.74447));
#4913=CARTESIAN_POINT('',(-0.62235183270221,1.27459990386435E-15,-2.74447));
#4914=CARTESIAN_POINT('',(-0.55657231877246,1.60767330447391,-2.74447));
#4915=CARTESIAN_POINT('',(-0.51174245774306,2.74447,-1.60767330447392));
#4916=CARTESIAN_POINT('',(-0.44596294381332,2.74447,1.26872139545935E-15));
#4917=CARTESIAN_POINT('',(-0.38018342988358,2.74447,1.60767330447392));
#4918=CARTESIAN_POINT('',(-0.33535356885419,1.60767330447391,2.74447000000001));
#4919=CARTESIAN_POINT('',(-0.26957405492444,-7.06019127674234E-16,2.74447000000001));
#4920=CARTESIAN_POINT('',(-0.2037945409947,-1.60767330447391,2.74447000000001));
#4921=CARTESIAN_POINT('',(-0.15896467996529,-2.74447,1.60767330447393));
#4922=CARTESIAN_POINT('',(-0.0931851660355398,-2.74447,1.05512182619777E-14));
#4923=CARTESIAN_POINT('',(-0.0274056521057899,-2.74447,-1.6076733044739));
#4924=CARTESIAN_POINT('',(0.0174242089236198,-1.60767330447391,-2.74447));
#4925=CARTESIAN_POINT('',(0.08320372285336,3.26965276880823E-16,-2.74446999999999));
#4926=CARTESIAN_POINT('',(0.1489832367831,1.60767330447391,-2.74447));
#4927=CARTESIAN_POINT('',(0.19381309781251,2.74447,-1.60767330447392));
#4928=CARTESIAN_POINT('',(0.25959261174224,2.74447,2.75746447253893E-15));
#4929=CARTESIAN_POINT('',(0.32537212567197,2.74447,1.60767330447392));
#4930=CARTESIAN_POINT('',(0.37020198670138,1.60767330447391,2.74447000000001));
#4931=CARTESIAN_POINT('',(0.43598150063112,5.20885739125846E-17,2.74447000000001));
#4932=CARTESIAN_POINT('',(0.50176101456086,-1.60767330447391,2.74447000000001));
#4933=CARTESIAN_POINT('',(0.54659087559027,-2.74447,1.60767330447393));
#4934=CARTESIAN_POINT('',(0.61237038952001,-2.74447,1.35561767422308E-14));
#4935=CARTESIAN_POINT('',(0.67814990344975,-2.74447,-1.6076733044739));
#4936=CARTESIAN_POINT('',(0.72297976447919,-1.60767330447391,-2.74446999999999));
#4937=CARTESIAN_POINT('',(0.78875927840893,-2.41615499309289E-16,-2.74446999999999));
#4938=CARTESIAN_POINT('',(0.85453879233867,1.60767330447391,-2.74446999999999));
#4939=CARTESIAN_POINT('',(0.89936865336807,2.74447,-1.60767330447391));
#4940=CARTESIAN_POINT('',(0.96514816729779,2.74447,4.81478832580861E-15));
#4941=CARTESIAN_POINT('',(1.03092768122752,2.74447,1.60767330447392));
#4942=CARTESIAN_POINT('',(1.07575754225695,1.60767330447391,2.74447000000001));
#4943=CARTESIAN_POINT('',(1.14153705618669,4.31142424705994E-16,2.74447000000001));
#4944=CARTESIAN_POINT('',(1.20731657011643,-1.60767330447391,2.74447000000001));
#4945=CARTESIAN_POINT('',(1.25214643114584,-2.74447,1.60767330447393));
#4946=CARTESIAN_POINT('',(1.31792594507557,-2.74447,1.69401890732775E-14));
#4947=CARTESIAN_POINT('',(1.38370545900532,-2.74447,-1.6076733044739));
#4948=CARTESIAN_POINT('',(1.42853532003475,-1.60767330447391,-2.74446999999999));
#4949=CARTESIAN_POINT('',(1.49431483396449,-8.10196275499402E-16,-2.74446999999999));
#4950=CARTESIAN_POINT('',(1.56009434789422,1.60767330447391,-2.74446999999999));
#4951=CARTESIAN_POINT('',(1.60492420892363,2.74447,-1.60767330447391));
#4952=CARTESIAN_POINT('',(1.67070372285335,2.74447,6.30353140288818E-15));
#4953=CARTESIAN_POINT('',(1.73648323678309,2.74447,1.60767330447391));
#4954=CARTESIAN_POINT('',(1.78131309781251,1.60767330447392,2.74447000000002));
#4955=CARTESIAN_POINT('',(1.84709261174225,1.08551233215247E-14,2.74447000000001));
#4956=CARTESIAN_POINT('',(1.91287212567198,-1.60767330447391,2.74447000000002));
#4957=CARTESIAN_POINT('',(1.9577019867014,-2.74447,1.60767330447394));
#4958=CARTESIAN_POINT('',(2.02348150063114,-2.74447,1.99451475535307E-14));
#4959=CARTESIAN_POINT('',(2.08926101456088,-2.74447,-1.60767330447389));
#4960=CARTESIAN_POINT('',(2.13409087559032,-1.60767330447391,-2.74446999999998));
#4961=CARTESIAN_POINT('',(2.19987038952005,-1.75783090248292E-15,-2.74446999999999));
#4962=CARTESIAN_POINT('',(2.26564990344979,1.60767330447391,-2.74446999999998));
#4963=CARTESIAN_POINT('',(2.31047976447919,2.74447,-1.60767330447389));
#4964=CARTESIAN_POINT('',(2.37625927840891,2.74447,1.78372015259931E-14));
#4965=CARTESIAN_POINT('',(2.44203879233865,2.74447,1.60767330447392));
#4966=CARTESIAN_POINT('',(2.48686865336805,1.60767330447392,2.74447000000002));
#4967=CARTESIAN_POINT('',(2.55264816729781,1.18027579485083E-14,2.74447000000002));
#4968=CARTESIAN_POINT('',(2.61842768122755,-1.60767330447391,2.74447000000002));
#4969=CARTESIAN_POINT('',(2.66325754225696,-2.74447,1.60767330447394));
#4970=CARTESIAN_POINT('',(2.7290370561867,-2.74447,2.29501060337839E-14));
#4971=CARTESIAN_POINT('',(2.79481657011644,-2.74447,-1.60767330447389));
#4972=CARTESIAN_POINT('',(2.83964643114585,-1.60767330447391,-2.74446999999998));
#4973=CARTESIAN_POINT('',(2.9054259450756,-2.32641167867304E-15,-2.74446999999998));
#4974=CARTESIAN_POINT('',(2.97120545900535,1.60767330447391,-2.74446999999998));
#4975=CARTESIAN_POINT('',(3.01603532003475,2.74447,-1.60767330447389));
#4976=CARTESIAN_POINT('',(3.08181483396448,2.74447,1.98945253792628E-14));
#4977=CARTESIAN_POINT('',(3.08281936120432,2.74447,0.0245509814626865));
#4978=CARTESIAN_POINT('',(3.0838251479729,2.7441405830712,0.0491446676062236));
#4979=CARTESIAN_POINT('',(3.08483246088847,2.74347820026367,0.0737763212557237));
#4986=CARTESIAN_POINT('',(-0.239832134409709,-2.74447,7.76581824938217E-15));
#4987=CARTESIAN_POINT('',(0.99060246088847,-2.74447,9.73590032572349E-15));
#4988=VECTOR('',#7844,1.0);
#4990=CARTESIAN_POINT('',(-1.10362753911154,-0.442448700460326,2.70857060612438));
#4991=CARTESIAN_POINT('',(-1.0454859306779,-1.84874535769676,2.47885013029515));
#4992=CARTESIAN_POINT('',(-1.00233079853333,-2.74447,1.39170860423823));
#4993=CARTESIAN_POINT('',(-0.945387689965272,-2.74447,6.85010600024628E-15));
#4994=CARTESIAN_POINT('',(-0.87960817603552,-2.74447,-1.6076733044739));
#4995=CARTESIAN_POINT('',(-0.83477831500611,-1.60767330447391,-2.74447));
#4996=CARTESIAN_POINT('',(-0.76899880107637,1.27483516356195E-15,-2.74447));
#4997=CARTESIAN_POINT('',(-0.70321928714663,1.60767330447391,-2.74447));
#4998=CARTESIAN_POINT('',(-0.65838942611722,2.74447,-1.60767330447392));
#4999=CARTESIAN_POINT('',(-0.59260991218749,2.74447,7.62565058773106E-16));
#5000=CARTESIAN_POINT('',(-0.52683039825776,2.74447,1.60767330447392));
#5001=CARTESIAN_POINT('',(-0.48200053722835,1.60767330447391,2.74447000000001));
#5002=CARTESIAN_POINT('',(-0.41622102329861,-7.06254387371839E-16,2.74447));
#5003=CARTESIAN_POINT('',(-0.35044150936887,-1.60767330447391,2.74447000000001));
#5004=CARTESIAN_POINT('',(-0.30561164833945,-2.74447,1.60767330447393));
#5005=CARTESIAN_POINT('',(-0.23983213440971,-2.74447,1.00445914058962E-14));
#5006=CARTESIAN_POINT('',(-0.17405262047997,-2.74447,-1.6076733044739));
#5007=CARTESIAN_POINT('',(-0.12922275945055,-1.60767330447391,-2.74447));
#5008=CARTESIAN_POINT('',(-0.06344324552081,3.27200536578431E-16,-2.74447));
#5009=CARTESIAN_POINT('',(0.00233626840892986,1.60767330447391,-2.74447));
#5010=CARTESIAN_POINT('',(0.0471661294383403,2.74447,-1.60767330447392));
#5011=CARTESIAN_POINT('',(0.11294564336807,2.74447,2.25130813585268E-15));
#5012=CARTESIAN_POINT('',(0.1787251572978,2.74447,1.60767330447392));
#5013=CARTESIAN_POINT('',(0.22355501832721,1.60767330447391,2.74447000000001));
#5014=CARTESIAN_POINT('',(0.28933453225695,5.18533142149772E-17,2.74447000000001));
#5015=CARTESIAN_POINT('',(0.35511404618669,-1.60767330447391,2.74447000000001));
#5016=CARTESIAN_POINT('',(0.3999439072161,-2.74447,1.60767330447393));
#5017=CARTESIAN_POINT('',(0.46572342114585,-2.74447,1.30495498861494E-14));
#5018=CARTESIAN_POINT('',(0.5315029350756,-2.74447,-1.6076733044739));
#5019=CARTESIAN_POINT('',(0.57633279610501,-1.60767330447391,-2.74446999999999));
#5020=CARTESIAN_POINT('',(0.64211231003474,-2.41380239611682E-16,-2.74446999999999));
#5021=CARTESIAN_POINT('',(0.70789182396448,1.60767330447391,-2.74446999999999));
#5022=CARTESIAN_POINT('',(0.75272168499391,2.74447,-1.60767330447391));
#5023=CARTESIAN_POINT('',(0.81850119892364,2.74447,4.30863198912241E-15));
#5024=CARTESIAN_POINT('',(0.88428071285337,2.74447,1.60767330447392));
#5025=CARTESIAN_POINT('',(0.92911057388277,1.60767330447391,2.74447000000001));
#5026=CARTESIAN_POINT('',(0.9948900878125,4.30907165008386E-16,2.74447000000001));
#5027=CARTESIAN_POINT('',(1.06066960174224,-1.60767330447391,2.74447000000001));
#5028=CARTESIAN_POINT('',(1.10549946277168,-2.74447,1.60767330447393));
#5029=CARTESIAN_POINT('',(1.17127897670142,-2.74447,1.64335622171961E-14));
#5030=CARTESIAN_POINT('',(1.23705849063116,-2.74447,-1.6076733044739));
#5031=CARTESIAN_POINT('',(1.28188835166057,-1.60767330447391,-2.74446999999999));
#5032=CARTESIAN_POINT('',(1.3476678655903,-8.09961015801794E-16,-2.74446999999999));
#5033=CARTESIAN_POINT('',(1.41344737952007,1.60767330447391,-2.74446999999999));
#5034=CARTESIAN_POINT('',(1.45827724054947,2.74447,-1.60767330447391));
#5035=CARTESIAN_POINT('',(1.52405675447919,2.74447,5.79737506620199E-15));
#5036=CARTESIAN_POINT('',(1.58983626840893,2.74447,1.60767330447391));
#5037=CARTESIAN_POINT('',(1.63466612943833,1.60767330447392,2.74447000000001));
#5038=CARTESIAN_POINT('',(1.70044564336807,1.08548880618271E-14,2.74447000000001));
#5039=CARTESIAN_POINT('',(1.76622515729783,-1.60767330447391,2.74447000000002));
#5040=CARTESIAN_POINT('',(1.81105501832724,-2.74447,1.60767330447394));
#5041=CARTESIAN_POINT('',(1.87683453225697,-2.74447,1.94385206974493E-14));
#5042=CARTESIAN_POINT('',(1.94261404618672,-2.74447,-1.60767330447389));
#5043=CARTESIAN_POINT('',(1.98744390721613,-1.60767330447391,-2.74446999999998));
#5044=CARTESIAN_POINT('',(2.05322342114589,-1.75759564278532E-15,-2.74446999999999));
#5045=CARTESIAN_POINT('',(2.11900293507563,1.60767330447391,-2.74446999999998));
#5046=CARTESIAN_POINT('',(2.16383279610503,2.74447,-1.60767330447389));
#5047=CARTESIAN_POINT('',(2.22961231003476,2.74447,1.73310451893069E-14));
#5048=CARTESIAN_POINT('',(2.29539182396449,2.74447,1.60767330447392));
#5049=CARTESIAN_POINT('',(2.34022168499389,1.60767330447392,2.74447000000002));
#5050=CARTESIAN_POINT('',(2.40600119892365,1.18025226888106E-14,2.74447000000002));
#5051=CARTESIAN_POINT('',(2.47178071285339,-1.60767330447391,2.74447000000002));
#5052=CARTESIAN_POINT('',(2.5166105738828,-2.74447,1.60767330447394));
#5053=CARTESIAN_POINT('',(2.58239008781254,-2.74447,2.24434791777025E-14));
#5054=CARTESIAN_POINT('',(2.64816960174228,-2.74447,-1.60767330447389));
#5055=CARTESIAN_POINT('',(2.69299946277169,-1.60767330447391,-2.74446999999998));
#5056=CARTESIAN_POINT('',(2.75877897670145,-2.32617641897543E-15,-2.74446999999998));
#5057=CARTESIAN_POINT('',(2.82455849063119,1.60767330447391,-2.74446999999998));
#5058=CARTESIAN_POINT('',(2.8693883516606,2.74447,-1.60767330447389));
#5059=CARTESIAN_POINT('',(2.93516786559031,2.74447,1.93883690425765E-14));
#5060=CARTESIAN_POINT('',(2.98824923933282,2.74447,1.29732651447987));
#5061=CARTESIAN_POINT('',(3.030156662774,1.95010244026926,2.35030557803727));
#5062=CARTESIAN_POINT('',(3.08483246088846,0.648350086109429,2.66678790809131));
#5069=COLOUR_RGB('',0.764705896377563,0.705882370471954,0.239215686917305);
#5070=CARTESIAN_POINT('',(-0.798740721591109,-2.74447,5.45677829090949E-15));
#5071=CARTESIAN_POINT('',(-0.945387689965272,-2.74447,4.95038669452566E-15));
#5072=CARTESIAN_POINT('',(0.99060246088847,-2.74447,9.73590032572349E-15));
#5073=VECTOR('',#7845,1.0);
#5075=CARTESIAN_POINT('',(-1.10362753911154,2.49775727484522,1.13724411489257));
#5076=CARTESIAN_POINT('',(-1.05726021991585,2.02813689066942,2.16868293759559));
#5077=CARTESIAN_POINT('',(-1.01937020737857,1.08125497375648,2.74447000000001));
#5078=CARTESIAN_POINT('',(-0.975129610480007,8.10196275499402E-16,2.74447));
#5079=CARTESIAN_POINT('',(-0.90935009655026,-1.60767330447391,2.74447000000001));
#5080=CARTESIAN_POINT('',(-0.86452023552086,-2.74447,1.60767330447393));
#5081=CARTESIAN_POINT('',(-0.79874072159111,-2.74447,7.35673285632771E-15));
#5082=CARTESIAN_POINT('',(-0.73296120766136,-2.74447,-1.6076733044739));
#5083=CARTESIAN_POINT('',(-0.68813134663195,-1.60767330447391,-2.74447));
#5084=CARTESIAN_POINT('',(-0.62235183270221,1.27459990386435E-15,-2.74447));
#5085=CARTESIAN_POINT('',(-0.55657231877246,1.60767330447391,-2.74447));
#5086=CARTESIAN_POINT('',(-0.51174245774306,2.74447,-1.60767330447392));
#5087=CARTESIAN_POINT('',(-0.44596294381332,2.74447,1.26872139545935E-15));
#5088=CARTESIAN_POINT('',(-0.38018342988358,2.74447,1.60767330447392));
#5089=CARTESIAN_POINT('',(-0.33535356885419,1.60767330447391,2.74447000000001));
#5090=CARTESIAN_POINT('',(-0.26957405492444,-7.06019127674234E-16,2.74447000000001));
#5091=CARTESIAN_POINT('',(-0.2037945409947,-1.60767330447391,2.74447000000001));
#5092=CARTESIAN_POINT('',(-0.15896467996529,-2.74447,1.60767330447393));
#5093=CARTESIAN_POINT('',(-0.0931851660355398,-2.74447,1.05512182619777E-14));
#5094=CARTESIAN_POINT('',(-0.0274056521057899,-2.74447,-1.6076733044739));
#5095=CARTESIAN_POINT('',(0.0174242089236198,-1.60767330447391,-2.74447));
#5096=CARTESIAN_POINT('',(0.08320372285336,3.26965276880823E-16,-2.74446999999999));
#5097=CARTESIAN_POINT('',(0.1489832367831,1.60767330447391,-2.74447));
#5098=CARTESIAN_POINT('',(0.19381309781251,2.74447,-1.60767330447392));
#5099=CARTESIAN_POINT('',(0.25959261174224,2.74447,2.75746447253893E-15));
#5100=CARTESIAN_POINT('',(0.32537212567197,2.74447,1.60767330447392));
#5101=CARTESIAN_POINT('',(0.37020198670138,1.60767330447391,2.74447000000001));
#5102=CARTESIAN_POINT('',(0.43598150063112,5.20885739125846E-17,2.74447000000001));
#5103=CARTESIAN_POINT('',(0.50176101456086,-1.60767330447391,2.74447000000001));
#5104=CARTESIAN_POINT('',(0.54659087559027,-2.74447,1.60767330447393));
#5105=CARTESIAN_POINT('',(0.61237038952001,-2.74447,1.35561767422308E-14));
#5106=CARTESIAN_POINT('',(0.67814990344975,-2.74447,-1.6076733044739));
#5107=CARTESIAN_POINT('',(0.72297976447919,-1.60767330447391,-2.74446999999999));
#5108=CARTESIAN_POINT('',(0.78875927840893,-2.41615499309289E-16,-2.74446999999999));
#5109=CARTESIAN_POINT('',(0.85453879233867,1.60767330447391,-2.74446999999999));
#5110=CARTESIAN_POINT('',(0.89936865336807,2.74447,-1.60767330447391));
#5111=CARTESIAN_POINT('',(0.96514816729779,2.74447,4.81478832580861E-15));
#5112=CARTESIAN_POINT('',(1.03092768122752,2.74447,1.60767330447392));
#5113=CARTESIAN_POINT('',(1.07575754225695,1.60767330447391,2.74447000000001));
#5114=CARTESIAN_POINT('',(1.14153705618669,4.31142424705994E-16,2.74447000000001));
#5115=CARTESIAN_POINT('',(1.20731657011643,-1.60767330447391,2.74447000000001));
#5116=CARTESIAN_POINT('',(1.25214643114584,-2.74447,1.60767330447393));
#5117=CARTESIAN_POINT('',(1.31792594507557,-2.74447,1.69401890732775E-14));
#5118=CARTESIAN_POINT('',(1.38370545900532,-2.74447,-1.6076733044739));
#5119=CARTESIAN_POINT('',(1.42853532003475,-1.60767330447391,-2.74446999999999));
#5120=CARTESIAN_POINT('',(1.49431483396449,-8.10196275499402E-16,-2.74446999999999));
#5121=CARTESIAN_POINT('',(1.56009434789422,1.60767330447391,-2.74446999999999));
#5122=CARTESIAN_POINT('',(1.60492420892363,2.74447,-1.60767330447391));
#5123=CARTESIAN_POINT('',(1.67070372285335,2.74447,6.30353140288818E-15));
#5124=CARTESIAN_POINT('',(1.73648323678309,2.74447,1.60767330447391));
#5125=CARTESIAN_POINT('',(1.78131309781251,1.60767330447392,2.74447000000002));
#5126=CARTESIAN_POINT('',(1.84709261174225,1.08551233215247E-14,2.74447000000001));
#5127=CARTESIAN_POINT('',(1.91287212567198,-1.60767330447391,2.74447000000002));
#5128=CARTESIAN_POINT('',(1.9577019867014,-2.74447,1.60767330447394));
#5129=CARTESIAN_POINT('',(2.02348150063114,-2.74447,1.99451475535307E-14));
#5130=CARTESIAN_POINT('',(2.08926101456088,-2.74447,-1.60767330447389));
#5131=CARTESIAN_POINT('',(2.13409087559032,-1.60767330447391,-2.74446999999998));
#5132=CARTESIAN_POINT('',(2.19987038952005,-1.75783090248292E-15,-2.74446999999999));
#5133=CARTESIAN_POINT('',(2.26564990344979,1.60767330447391,-2.74446999999998));
#5134=CARTESIAN_POINT('',(2.31047976447919,2.74447,-1.60767330447389));
#5135=CARTESIAN_POINT('',(2.37625927840891,2.74447,1.78372015259931E-14));
#5136=CARTESIAN_POINT('',(2.44203879233865,2.74447,1.60767330447392));
#5137=CARTESIAN_POINT('',(2.48686865336805,1.60767330447392,2.74447000000002));
#5138=CARTESIAN_POINT('',(2.55264816729781,1.18027579485083E-14,2.74447000000002));
#5139=CARTESIAN_POINT('',(2.61842768122755,-1.60767330447391,2.74447000000002));
#5140=CARTESIAN_POINT('',(2.66325754225696,-2.74447,1.60767330447394));
#5141=CARTESIAN_POINT('',(2.7290370561867,-2.74447,2.29501060337839E-14));
#5142=CARTESIAN_POINT('',(2.79481657011644,-2.74447,-1.60767330447389));
#5143=CARTESIAN_POINT('',(2.83964643114585,-1.60767330447391,-2.74446999999998));
#5144=CARTESIAN_POINT('',(2.9054259450756,-2.32641167867304E-15,-2.74446999999998));
#5145=CARTESIAN_POINT('',(2.97120545900535,1.60767330447391,-2.74446999999998));
#5146=CARTESIAN_POINT('',(3.01603532003475,2.74447,-1.60767330447389));
#5147=CARTESIAN_POINT('',(3.08181483396448,2.74447,1.98945253792628E-14));
#5148=CARTESIAN_POINT('',(3.08281936120432,2.74447,0.0245509814626865));
#5149=CARTESIAN_POINT('',(3.0838251479729,2.7441405830712,0.0491446676062236));
#5150=CARTESIAN_POINT('',(3.08483246088847,2.74347820026367,0.0737763212557237));
#5158=CARTESIAN_POINT('',(-1.10362753911154,-0.442448700460326,2.70857060612438));
#5159=CARTESIAN_POINT('',(-1.0454859306779,-1.84874535769676,2.47885013029515));
#5160=CARTESIAN_POINT('',(-1.00233079853333,-2.74447,1.39170860423823));
#5161=CARTESIAN_POINT('',(-0.945387689965272,-2.74447,6.85010600024628E-15));
#5162=CARTESIAN_POINT('',(-0.87960817603552,-2.74447,-1.6076733044739));
#5163=CARTESIAN_POINT('',(-0.83477831500611,-1.60767330447391,-2.74447));
#5164=CARTESIAN_POINT('',(-0.76899880107637,1.27483516356195E-15,-2.74447));
#5165=CARTESIAN_POINT('',(-0.70321928714663,1.60767330447391,-2.74447));
#5166=CARTESIAN_POINT('',(-0.65838942611722,2.74447,-1.60767330447392));
#5167=CARTESIAN_POINT('',(-0.59260991218749,2.74447,7.62565058773106E-16));
#5168=CARTESIAN_POINT('',(-0.52683039825776,2.74447,1.60767330447392));
#5169=CARTESIAN_POINT('',(-0.48200053722835,1.60767330447391,2.74447000000001));
#5170=CARTESIAN_POINT('',(-0.41622102329861,-7.06254387371839E-16,2.74447));
#5171=CARTESIAN_POINT('',(-0.35044150936887,-1.60767330447391,2.74447000000001));
#5172=CARTESIAN_POINT('',(-0.30561164833945,-2.74447,1.60767330447393));
#5173=CARTESIAN_POINT('',(-0.23983213440971,-2.74447,1.00445914058962E-14));
#5174=CARTESIAN_POINT('',(-0.17405262047997,-2.74447,-1.6076733044739));
#5175=CARTESIAN_POINT('',(-0.12922275945055,-1.60767330447391,-2.74447));
#5176=CARTESIAN_POINT('',(-0.06344324552081,3.27200536578431E-16,-2.74447));
#5177=CARTESIAN_POINT('',(0.00233626840892986,1.60767330447391,-2.74447));
#5178=CARTESIAN_POINT('',(0.0471661294383403,2.74447,-1.60767330447392));
#5179=CARTESIAN_POINT('',(0.11294564336807,2.74447,2.25130813585268E-15));
#5180=CARTESIAN_POINT('',(0.1787251572978,2.74447,1.60767330447392));
#5181=CARTESIAN_POINT('',(0.22355501832721,1.60767330447391,2.74447000000001));
#5182=CARTESIAN_POINT('',(0.28933453225695,5.18533142149772E-17,2.74447000000001));
#5183=CARTESIAN_POINT('',(0.35511404618669,-1.60767330447391,2.74447000000001));
#5184=CARTESIAN_POINT('',(0.3999439072161,-2.74447,1.60767330447393));
#5185=CARTESIAN_POINT('',(0.46572342114585,-2.74447,1.30495498861494E-14));
#5186=CARTESIAN_POINT('',(0.5315029350756,-2.74447,-1.6076733044739));
#5187=CARTESIAN_POINT('',(0.57633279610501,-1.60767330447391,-2.74446999999999));
#5188=CARTESIAN_POINT('',(0.64211231003474,-2.41380239611682E-16,-2.74446999999999));
#5189=CARTESIAN_POINT('',(0.70789182396448,1.60767330447391,-2.74446999999999));
#5190=CARTESIAN_POINT('',(0.75272168499391,2.74447,-1.60767330447391));
#5191=CARTESIAN_POINT('',(0.81850119892364,2.74447,4.30863198912241E-15));
#5192=CARTESIAN_POINT('',(0.88428071285337,2.74447,1.60767330447392));
#5193=CARTESIAN_POINT('',(0.92911057388277,1.60767330447391,2.74447000000001));
#5194=CARTESIAN_POINT('',(0.9948900878125,4.30907165008386E-16,2.74447000000001));
#5195=CARTESIAN_POINT('',(1.06066960174224,-1.60767330447391,2.74447000000001));
#5196=CARTESIAN_POINT('',(1.10549946277168,-2.74447,1.60767330447393));
#5197=CARTESIAN_POINT('',(1.17127897670142,-2.74447,1.64335622171961E-14));
#5198=CARTESIAN_POINT('',(1.23705849063116,-2.74447,-1.6076733044739));
#5199=CARTESIAN_POINT('',(1.28188835166057,-1.60767330447391,-2.74446999999999));
#5200=CARTESIAN_POINT('',(1.3476678655903,-8.09961015801794E-16,-2.74446999999999));
#5201=CARTESIAN_POINT('',(1.41344737952007,1.60767330447391,-2.74446999999999));
#5202=CARTESIAN_POINT('',(1.45827724054947,2.74447,-1.60767330447391));
#5203=CARTESIAN_POINT('',(1.52405675447919,2.74447,5.79737506620199E-15));
#5204=CARTESIAN_POINT('',(1.58983626840893,2.74447,1.60767330447391));
#5205=CARTESIAN_POINT('',(1.63466612943833,1.60767330447392,2.74447000000001));
#5206=CARTESIAN_POINT('',(1.70044564336807,1.08548880618271E-14,2.74447000000001));
#5207=CARTESIAN_POINT('',(1.76622515729783,-1.60767330447391,2.74447000000002));
#5208=CARTESIAN_POINT('',(1.81105501832724,-2.74447,1.60767330447394));
#5209=CARTESIAN_POINT('',(1.87683453225697,-2.74447,1.94385206974493E-14));
#5210=CARTESIAN_POINT('',(1.94261404618672,-2.74447,-1.60767330447389));
#5211=CARTESIAN_POINT('',(1.98744390721613,-1.60767330447391,-2.74446999999998));
#5212=CARTESIAN_POINT('',(2.05322342114589,-1.75759564278532E-15,-2.74446999999999));
#5213=CARTESIAN_POINT('',(2.11900293507563,1.60767330447391,-2.74446999999998));
#5214=CARTESIAN_POINT('',(2.16383279610503,2.74447,-1.60767330447389));
#5215=CARTESIAN_POINT('',(2.22961231003476,2.74447,1.73310451893069E-14));
#5216=CARTESIAN_POINT('',(2.29539182396449,2.74447,1.60767330447392));
#5217=CARTESIAN_POINT('',(2.34022168499389,1.60767330447392,2.74447000000002));
#5218=CARTESIAN_POINT('',(2.40600119892365,1.18025226888106E-14,2.74447000000002));
#5219=CARTESIAN_POINT('',(2.47178071285339,-1.60767330447391,2.74447000000002));
#5220=CARTESIAN_POINT('',(2.5166105738828,-2.74447,1.60767330447394));
#5221=CARTESIAN_POINT('',(2.58239008781254,-2.74447,2.24434791777025E-14));
#5222=CARTESIAN_POINT('',(2.64816960174228,-2.74447,-1.60767330447389));
#5223=CARTESIAN_POINT('',(2.69299946277169,-1.60767330447391,-2.74446999999998));
#5224=CARTESIAN_POINT('',(2.75877897670145,-2.32617641897543E-15,-2.74446999999998));
#5225=CARTESIAN_POINT('',(2.82455849063119,1.60767330447391,-2.74446999999998));
#5226=CARTESIAN_POINT('',(2.8693883516606,2.74447,-1.60767330447389));
#5227=CARTESIAN_POINT('',(2.93516786559031,2.74447,1.93883690425765E-14));
#5228=CARTESIAN_POINT('',(2.98824923933282,2.74447,1.29732651447987));
#5229=CARTESIAN_POINT('',(3.030156662774,1.95010244026926,2.35030557803727));
#5230=CARTESIAN_POINT('',(3.08483246088846,0.648350086109429,2.66678790809131));
#5237=COLOUR_RGB('',0.764705896377563,0.705882370471954,0.239215686917305);
#5238=CARTESIAN_POINT('',(-0.59260991218749,2.74447,2.85181128989045E-15));
#5239=CARTESIAN_POINT('',(-0.44596294381332,2.74447,3.3582028862743E-15));
#5240=CARTESIAN_POINT('',(0.99060246088847,2.74447,1.04081016058947E-14));
#5241=VECTOR('',#7846,1.0);
#5243=CARTESIAN_POINT('',(-1.10362753911154,-0.442448700460326,2.70857060612438));
#5244=CARTESIAN_POINT('',(-1.0454859306779,-1.84874535769676,2.47885013029515));
#5245=CARTESIAN_POINT('',(-1.00233079853333,-2.74447,1.39170860423823));
#5246=CARTESIAN_POINT('',(-0.945387689965272,-2.74447,6.85010600024628E-15));
#5247=CARTESIAN_POINT('',(-0.87960817603552,-2.74447,-1.6076733044739));
#5248=CARTESIAN_POINT('',(-0.83477831500611,-1.60767330447391,-2.74447));
#5249=CARTESIAN_POINT('',(-0.76899880107637,1.27483516356195E-15,-2.74447));
#5250=CARTESIAN_POINT('',(-0.70321928714663,1.60767330447391,-2.74447));
#5251=CARTESIAN_POINT('',(-0.65838942611722,2.74447,-1.60767330447392));
#5252=CARTESIAN_POINT('',(-0.59260991218749,2.74447,7.62565058773106E-16));
#5253=CARTESIAN_POINT('',(-0.52683039825776,2.74447,1.60767330447392));
#5254=CARTESIAN_POINT('',(-0.48200053722835,1.60767330447391,2.74447000000001));
#5255=CARTESIAN_POINT('',(-0.41622102329861,-7.06254387371839E-16,2.74447));
#5256=CARTESIAN_POINT('',(-0.35044150936887,-1.60767330447391,2.74447000000001));
#5257=CARTESIAN_POINT('',(-0.30561164833945,-2.74447,1.60767330447393));
#5258=CARTESIAN_POINT('',(-0.23983213440971,-2.74447,1.00445914058962E-14));
#5259=CARTESIAN_POINT('',(-0.17405262047997,-2.74447,-1.6076733044739));
#5260=CARTESIAN_POINT('',(-0.12922275945055,-1.60767330447391,-2.74447));
#5261=CARTESIAN_POINT('',(-0.06344324552081,3.27200536578431E-16,-2.74447));
#5262=CARTESIAN_POINT('',(0.00233626840892986,1.60767330447391,-2.74447));
#5263=CARTESIAN_POINT('',(0.0471661294383403,2.74447,-1.60767330447392));
#5264=CARTESIAN_POINT('',(0.11294564336807,2.74447,2.25130813585268E-15));
#5265=CARTESIAN_POINT('',(0.1787251572978,2.74447,1.60767330447392));
#5266=CARTESIAN_POINT('',(0.22355501832721,1.60767330447391,2.74447000000001));
#5267=CARTESIAN_POINT('',(0.28933453225695,5.18533142149772E-17,2.74447000000001));
#5268=CARTESIAN_POINT('',(0.35511404618669,-1.60767330447391,2.74447000000001));
#5269=CARTESIAN_POINT('',(0.3999439072161,-2.74447,1.60767330447393));
#5270=CARTESIAN_POINT('',(0.46572342114585,-2.74447,1.30495498861494E-14));
#5271=CARTESIAN_POINT('',(0.5315029350756,-2.74447,-1.6076733044739));
#5272=CARTESIAN_POINT('',(0.57633279610501,-1.60767330447391,-2.74446999999999));
#5273=CARTESIAN_POINT('',(0.64211231003474,-2.41380239611682E-16,-2.74446999999999));
#5274=CARTESIAN_POINT('',(0.70789182396448,1.60767330447391,-2.74446999999999));
#5275=CARTESIAN_POINT('',(0.75272168499391,2.74447,-1.60767330447391));
#5276=CARTESIAN_POINT('',(0.81850119892364,2.74447,4.30863198912241E-15));
#5277=CARTESIAN_POINT('',(0.88428071285337,2.74447,1.60767330447392));
#5278=CARTESIAN_POINT('',(0.92911057388277,1.60767330447391,2.74447000000001));
#5279=CARTESIAN_POINT('',(0.9948900878125,4.30907165008386E-16,2.74447000000001));
#5280=CARTESIAN_POINT('',(1.06066960174224,-1.60767330447391,2.74447000000001));
#5281=CARTESIAN_POINT('',(1.10549946277168,-2.74447,1.60767330447393));
#5282=CARTESIAN_POINT('',(1.17127897670142,-2.74447,1.64335622171961E-14));
#5283=CARTESIAN_POINT('',(1.23705849063116,-2.74447,-1.6076733044739));
#5284=CARTESIAN_POINT('',(1.28188835166057,-1.60767330447391,-2.74446999999999));
#5285=CARTESIAN_POINT('',(1.3476678655903,-8.09961015801794E-16,-2.74446999999999));
#5286=CARTESIAN_POINT('',(1.41344737952007,1.60767330447391,-2.74446999999999));
#5287=CARTESIAN_POINT('',(1.45827724054947,2.74447,-1.60767330447391));
#5288=CARTESIAN_POINT('',(1.52405675447919,2.74447,5.79737506620199E-15));
#5289=CARTESIAN_POINT('',(1.58983626840893,2.74447,1.60767330447391));
#5290=CARTESIAN_POINT('',(1.63466612943833,1.60767330447392,2.74447000000001));
#5291=CARTESIAN_POINT('',(1.70044564336807,1.08548880618271E-14,2.74447000000001));
#5292=CARTESIAN_POINT('',(1.76622515729783,-1.60767330447391,2.74447000000002));
#5293=CARTESIAN_POINT('',(1.81105501832724,-2.74447,1.60767330447394));
#5294=CARTESIAN_POINT('',(1.87683453225697,-2.74447,1.94385206974493E-14));
#5295=CARTESIAN_POINT('',(1.94261404618672,-2.74447,-1.60767330447389));
#5296=CARTESIAN_POINT('',(1.98744390721613,-1.60767330447391,-2.74446999999998));
#5297=CARTESIAN_POINT('',(2.05322342114589,-1.75759564278532E-15,-2.74446999999999));
#5298=CARTESIAN_POINT('',(2.11900293507563,1.60767330447391,-2.74446999999998));
#5299=CARTESIAN_POINT('',(2.16383279610503,2.74447,-1.60767330447389));
#5300=CARTESIAN_POINT('',(2.22961231003476,2.74447,1.73310451893069E-14));
#5301=CARTESIAN_POINT('',(2.29539182396449,2.74447,1.60767330447392));
#5302=CARTESIAN_POINT('',(2.34022168499389,1.60767330447392,2.74447000000002));
#5303=CARTESIAN_POINT('',(2.40600119892365,1.18025226888106E-14,2.74447000000002));
#5304=CARTESIAN_POINT('',(2.47178071285339,-1.60767330447391,2.74447000000002));
#5305=CARTESIAN_POINT('',(2.5166105738828,-2.74447,1.60767330447394));
#5306=CARTESIAN_POINT('',(2.58239008781254,-2.74447,2.24434791777025E-14));
#5307=CARTESIAN_POINT('',(2.64816960174228,-2.74447,-1.60767330447389));
#5308=CARTESIAN_POINT('',(2.69299946277169,-1.60767330447391,-2.74446999999998));
#5309=CARTESIAN_POINT('',(2.75877897670145,-2.32617641897543E-15,-2.74446999999998));
#5310=CARTESIAN_POINT('',(2.82455849063119,1.60767330447391,-2.74446999999998));
#5311=CARTESIAN_POINT('',(2.8693883516606,2.74447,-1.60767330447389));
#5312=CARTESIAN_POINT('',(2.93516786559031,2.74447,1.93883690425765E-14));
#5313=CARTESIAN_POINT('',(2.98824923933282,2.74447,1.29732651447987));
#5314=CARTESIAN_POINT('',(3.030156662774,1.95010244026926,2.35030557803727));
#5315=CARTESIAN_POINT('',(3.08483246088846,0.648350086109429,2.66678790809131));
#5323=CARTESIAN_POINT('',(-1.10362753911154,2.49775727484522,1.13724411489257));
#5324=CARTESIAN_POINT('',(-1.05726021991585,2.02813689066942,2.16868293759559));
#5325=CARTESIAN_POINT('',(-1.01937020737857,1.08125497375648,2.74447000000001));
#5326=CARTESIAN_POINT('',(-0.975129610480007,8.10196275499402E-16,2.74447));
#5327=CARTESIAN_POINT('',(-0.90935009655026,-1.60767330447391,2.74447000000001));
#5328=CARTESIAN_POINT('',(-0.86452023552086,-2.74447,1.60767330447393));
#5329=CARTESIAN_POINT('',(-0.79874072159111,-2.74447,7.35673285632771E-15));
#5330=CARTESIAN_POINT('',(-0.73296120766136,-2.74447,-1.6076733044739));
#5331=CARTESIAN_POINT('',(-0.68813134663195,-1.60767330447391,-2.74447));
#5332=CARTESIAN_POINT('',(-0.62235183270221,1.27459990386435E-15,-2.74447));
#5333=CARTESIAN_POINT('',(-0.55657231877246,1.60767330447391,-2.74447));
#5334=CARTESIAN_POINT('',(-0.51174245774306,2.74447,-1.60767330447392));
#5335=CARTESIAN_POINT('',(-0.44596294381332,2.74447,1.26872139545935E-15));
#5336=CARTESIAN_POINT('',(-0.38018342988358,2.74447,1.60767330447392));
#5337=CARTESIAN_POINT('',(-0.33535356885419,1.60767330447391,2.74447000000001));
#5338=CARTESIAN_POINT('',(-0.26957405492444,-7.06019127674234E-16,2.74447000000001));
#5339=CARTESIAN_POINT('',(-0.2037945409947,-1.60767330447391,2.74447000000001));
#5340=CARTESIAN_POINT('',(-0.15896467996529,-2.74447,1.60767330447393));
#5341=CARTESIAN_POINT('',(-0.0931851660355398,-2.74447,1.05512182619777E-14));
#5342=CARTESIAN_POINT('',(-0.0274056521057899,-2.74447,-1.6076733044739));
#5343=CARTESIAN_POINT('',(0.0174242089236198,-1.60767330447391,-2.74447));
#5344=CARTESIAN_POINT('',(0.08320372285336,3.26965276880823E-16,-2.74446999999999));
#5345=CARTESIAN_POINT('',(0.1489832367831,1.60767330447391,-2.74447));
#5346=CARTESIAN_POINT('',(0.19381309781251,2.74447,-1.60767330447392));
#5347=CARTESIAN_POINT('',(0.25959261174224,2.74447,2.75746447253893E-15));
#5348=CARTESIAN_POINT('',(0.32537212567197,2.74447,1.60767330447392));
#5349=CARTESIAN_POINT('',(0.37020198670138,1.60767330447391,2.74447000000001));
#5350=CARTESIAN_POINT('',(0.43598150063112,5.20885739125846E-17,2.74447000000001));
#5351=CARTESIAN_POINT('',(0.50176101456086,-1.60767330447391,2.74447000000001));
#5352=CARTESIAN_POINT('',(0.54659087559027,-2.74447,1.60767330447393));
#5353=CARTESIAN_POINT('',(0.61237038952001,-2.74447,1.35561767422308E-14));
#5354=CARTESIAN_POINT('',(0.67814990344975,-2.74447,-1.6076733044739));
#5355=CARTESIAN_POINT('',(0.72297976447919,-1.60767330447391,-2.74446999999999));
#5356=CARTESIAN_POINT('',(0.78875927840893,-2.41615499309289E-16,-2.74446999999999));
#5357=CARTESIAN_POINT('',(0.85453879233867,1.60767330447391,-2.74446999999999));
#5358=CARTESIAN_POINT('',(0.89936865336807,2.74447,-1.60767330447391));
#5359=CARTESIAN_POINT('',(0.96514816729779,2.74447,4.81478832580861E-15));
#5360=CARTESIAN_POINT('',(1.03092768122752,2.74447,1.60767330447392));
#5361=CARTESIAN_POINT('',(1.07575754225695,1.60767330447391,2.74447000000001));
#5362=CARTESIAN_POINT('',(1.14153705618669,4.31142424705994E-16,2.74447000000001));
#5363=CARTESIAN_POINT('',(1.20731657011643,-1.60767330447391,2.74447000000001));
#5364=CARTESIAN_POINT('',(1.25214643114584,-2.74447,1.60767330447393));
#5365=CARTESIAN_POINT('',(1.31792594507557,-2.74447,1.69401890732775E-14));
#5366=CARTESIAN_POINT('',(1.38370545900532,-2.74447,-1.6076733044739));
#5367=CARTESIAN_POINT('',(1.42853532003475,-1.60767330447391,-2.74446999999999));
#5368=CARTESIAN_POINT('',(1.49431483396449,-8.10196275499402E-16,-2.74446999999999));
#5369=CARTESIAN_POINT('',(1.56009434789422,1.60767330447391,-2.74446999999999));
#5370=CARTESIAN_POINT('',(1.60492420892363,2.74447,-1.60767330447391));
#5371=CARTESIAN_POINT('',(1.67070372285335,2.74447,6.30353140288818E-15));
#5372=CARTESIAN_POINT('',(1.73648323678309,2.74447,1.60767330447391));
#5373=CARTESIAN_POINT('',(1.78131309781251,1.60767330447392,2.74447000000002));
#5374=CARTESIAN_POINT('',(1.84709261174225,1.08551233215247E-14,2.74447000000001));
#5375=CARTESIAN_POINT('',(1.91287212567198,-1.60767330447391,2.74447000000002));
#5376=CARTESIAN_POINT('',(1.9577019867014,-2.74447,1.60767330447394));
#5377=CARTESIAN_POINT('',(2.02348150063114,-2.74447,1.99451475535307E-14));
#5378=CARTESIAN_POINT('',(2.08926101456088,-2.74447,-1.60767330447389));
#5379=CARTESIAN_POINT('',(2.13409087559032,-1.60767330447391,-2.74446999999998));
#5380=CARTESIAN_POINT('',(2.19987038952005,-1.75783090248292E-15,-2.74446999999999));
#5381=CARTESIAN_POINT('',(2.26564990344979,1.60767330447391,-2.74446999999998));
#5382=CARTESIAN_POINT('',(2.31047976447919,2.74447,-1.60767330447389));
#5383=CARTESIAN_POINT('',(2.37625927840891,2.74447,1.78372015259931E-14));
#5384=CARTESIAN_POINT('',(2.44203879233865,2.74447,1.60767330447392));
#5385=CARTESIAN_POINT('',(2.48686865336805,1.60767330447392,2.74447000000002));
#5386=CARTESIAN_POINT('',(2.55264816729781,1.18027579485083E-14,2.74447000000002));
#5387=CARTESIAN_POINT('',(2.61842768122755,-1.60767330447391,2.74447000000002));
#5388=CARTESIAN_POINT('',(2.66325754225696,-2.74447,1.60767330447394));
#5389=CARTESIAN_POINT('',(2.7290370561867,-2.74447,2.29501060337839E-14));
#5390=CARTESIAN_POINT('',(2.79481657011644,-2.74447,-1.60767330447389));
#5391=CARTESIAN_POINT('',(2.83964643114585,-1.60767330447391,-2.74446999999998));
#5392=CARTESIAN_POINT('',(2.9054259450756,-2.32641167867304E-15,-2.74446999999998));
#5393=CARTESIAN_POINT('',(2.97120545900535,1.60767330447391,-2.74446999999998));
#5394=CARTESIAN_POINT('',(3.01603532003475,2.74447,-1.60767330447389));
#5395=CARTESIAN_POINT('',(3.08181483396448,2.74447,1.98945253792628E-14));
#5396=CARTESIAN_POINT('',(3.08281936120432,2.74447,0.0245509814626865));
#5397=CARTESIAN_POINT('',(3.0838251479729,2.7441405830712,0.0491446676062236));
#5398=CARTESIAN_POINT('',(3.08483246088847,2.74347820026367,0.0737763212557237));
#5405=COLOUR_RGB('',0.764705896377563,0.705882370471954,0.239215686917305);
#5406=CARTESIAN_POINT('',(2.59806281807484,3.128645,1.75139611498214E-14));
#5407=CARTESIAN_POINT('',(0.99060246088847,3.128645,1.04551494743009E-14));
#5408=VECTOR('',#7847,1.0);
#5410=CARTESIAN_POINT('',(-0.719452539111537,-0.931454223474879,2.98677293505814));
#5411=CARTESIAN_POINT('',(-0.66761640648683,-2.31280040465136,2.55598667761113));
#5412=CARTESIAN_POINT('',(-0.62693064901197,-3.128645,1.39289441343285));
#5413=CARTESIAN_POINT('',(-0.57693718192518,-3.128645,8.6058006416611E-15));
#5414=CARTESIAN_POINT('',(-0.51115766799543,-3.128645,-1.83271780914923));
#5415=CARTESIAN_POINT('',(-0.46632780696602,-1.83271780914923,-3.128645));
#5416=CARTESIAN_POINT('',(-0.40054829303628,1.45470594360645E-15,-3.12864499999999));
#5417=CARTESIAN_POINT('',(-0.33476877910654,1.83271780914922,-3.128645));
#5418=CARTESIAN_POINT('',(-0.28993891807714,3.128645,-1.83271780914923));
#5419=CARTESIAN_POINT('',(-0.2241594041474,3.128645,1.49842766634348E-15));
#5420=CARTESIAN_POINT('',(-0.15837989021766,3.128645,1.83271780914924));
#5421=CARTESIAN_POINT('',(-0.11355002918826,1.83271780914923,3.12864500000001));
#5422=CARTESIAN_POINT('',(-0.0477705152585195,-8.06534383150948E-16,3.12864500000001));
#5423=CARTESIAN_POINT('',(0.0180089986712204,-1.83271780914922,3.12864500000001));
#5424=CARTESIAN_POINT('',(0.0628388597006404,-3.128645,1.83271780914924));
#5425=CARTESIAN_POINT('',(0.12861837363038,-3.128645,1.19064070929982E-14));
#5426=CARTESIAN_POINT('',(0.19439788756013,-3.128645,-1.83271780914923));
#5427=CARTESIAN_POINT('',(0.23922774858954,-1.83271780914923,-3.128645));
#5428=CARTESIAN_POINT('',(0.30500726251928,3.74420009513944E-16,-3.12864499999999));
#5429=CARTESIAN_POINT('',(0.37078677644902,1.83271780914922,-3.12864499999999));
#5430=CARTESIAN_POINT('',(0.41561663747842,3.128645,-1.83271780914922));
#5431=CARTESIAN_POINT('',(0.48139615140816,3.128645,2.85451943631406E-15));
#5432=CARTESIAN_POINT('',(0.54717566533789,3.128645,1.83271780914924));
#5433=CARTESIAN_POINT('',(0.5920055263673,1.83271780914923,3.12864500000001));
#5434=CARTESIAN_POINT('',(0.65778504029705,5.76943641230577E-17,3.12864500000001));
#5435=CARTESIAN_POINT('',(0.72356455422678,-1.83271780914922,3.12864500000001));
#5436=CARTESIAN_POINT('',(0.76839441525619,-3.128645,1.83271780914924));
#5437=CARTESIAN_POINT('',(0.83417392918593,-3.128645,1.49909563575168E-14));
#5438=CARTESIAN_POINT('',(0.89995344311568,-3.128645,-1.83271780914922));
#5439=CARTESIAN_POINT('',(0.94478330414512,-1.83271780914923,-3.12864499999999));
#5440=CARTESIAN_POINT('',(1.01056281807485,-2.73751550941559E-16,-3.12864499999999));
#5441=CARTESIAN_POINT('',(1.07634233200459,1.83271780914922,-3.12864499999999));
#5442=CARTESIAN_POINT('',(1.12117219303399,3.128645,-1.83271780914922));
#5443=CARTESIAN_POINT('',(1.18695170696372,3.128645,4.85878276674017E-15));
#5444=CARTESIAN_POINT('',(1.25273122089345,3.128645,1.83271780914924));
#5445=CARTESIAN_POINT('',(1.29756108192285,1.83271780914923,3.12864500000001));
#5446=CARTESIAN_POINT('',(1.36334059585261,4.8980873776006E-16,3.12864500000001));
#5447=CARTESIAN_POINT('',(1.42912010978235,-1.83271780914922,3.12864500000001));
#5448=CARTESIAN_POINT('',(1.47394997081176,-3.128645,1.83271780914924));
#5449=CARTESIAN_POINT('',(1.53972948474149,-3.128645,1.85076199956723E-14));
#5450=CARTESIAN_POINT('',(1.60550899867124,-3.128645,-1.83271780914922));
#5451=CARTESIAN_POINT('',(1.65033885970065,-1.83271780914923,-3.12864499999999));
#5452=CARTESIAN_POINT('',(1.71611837363041,-9.21923111397061E-16,-3.12864499999999));
#5453=CARTESIAN_POINT('',(1.78189788756015,1.83271780914922,-3.12864499999999));
#5454=CARTESIAN_POINT('',(1.82672774858955,3.128645,-1.83271780914923));
#5455=CARTESIAN_POINT('',(1.89250726251928,3.128645,6.21487453671075E-15));
#5456=CARTESIAN_POINT('',(1.95828677644903,3.128645,1.83271780914924));
#5457=CARTESIAN_POINT('',(2.00311663747841,1.83271780914924,3.12864500000002));
#5458=CARTESIAN_POINT('',(2.06889615140817,1.23729540127776E-14,3.12864500000001));
#5459=CARTESIAN_POINT('',(2.13467566533791,-1.83271780914922,3.12864500000002));
#5460=CARTESIAN_POINT('',(2.17950552636732,-3.128645,1.83271780914926));
#5461=CARTESIAN_POINT('',(2.24528504029705,-3.128645,2.15921692601909E-14));
#5462=CARTESIAN_POINT('',(2.31106455422683,-3.128645,-1.83271780914922));
#5463=CARTESIAN_POINT('',(2.35589441525621,-1.83271780914923,-3.12864499999999));
#5464=CARTESIAN_POINT('',(2.42167392918597,-2.00220904548957E-15,-3.12864499999998));
#5465=CARTESIAN_POINT('',(2.48745344311571,1.83271780914923,-3.12864499999999));
#5466=CARTESIAN_POINT('',(2.53228330414511,3.128645,-1.83271780914922));
#5467=CARTESIAN_POINT('',(2.59806281807484,3.128645,1.9021997208062E-14));
#5468=CARTESIAN_POINT('',(2.63250168718914,3.128645,0.959519537042005));
#5469=CARTESIAN_POINT('',(2.66415870378055,2.71476150066896,1.85651057650789));
#5470=CARTESIAN_POINT('',(2.70065746088848,1.91222502098408,2.47625019033771));
#5477=COLOUR_RGB('',0.764705896377563,0.705882370471954,0.239215686917305);
#5478=CARTESIAN_POINT('',(2.36058654814661,-3.128645,1.85290415502242E-14));
#5480=CARTESIAN_POINT('',(-0.719452539111538,2.07552023828031,2.34107566655029));
#5481=CARTESIAN_POINT('',(-0.690843259397126,1.48103769372105,2.86812422382964));
#5482=CARTESIAN_POINT('',(-0.665017141873747,0.752054509472658,3.128645));
#5483=CARTESIAN_POINT('',(-0.63802456296453,-8.06534383150948E-16,3.128645));
#5484=CARTESIAN_POINT('',(-0.57224504903479,-1.83271780914922,3.12864500000001));
#5485=CARTESIAN_POINT('',(-0.52741518800537,-3.128645,1.83271780914924));
#5486=CARTESIAN_POINT('',(-0.46163567407563,-3.128645,9.86818091755327E-15));
#5487=CARTESIAN_POINT('',(-0.39585616014588,-3.128645,-1.83271780914923));
#5488=CARTESIAN_POINT('',(-0.35102629911647,-1.83271780914923,-3.128645));
#5489=CARTESIAN_POINT('',(-0.28524678518673,3.74420009513944E-16,-3.12864499999999));
#5490=CARTESIAN_POINT('',(-0.21946727125699,1.83271780914922,-3.128645));
#5491=CARTESIAN_POINT('',(-0.17463741022758,3.128645,-1.83271780914923));
#5492=CARTESIAN_POINT('',(-0.10885789629785,3.128645,8.16293260869149E-16));
#5493=CARTESIAN_POINT('',(-0.0430783823681198,3.128645,1.83271780914924));
#5494=CARTESIAN_POINT('',(0.00175147866129022,1.83271780914923,3.12864500000001));
#5495=CARTESIAN_POINT('',(0.0675309925910301,5.76943641230577E-17,3.12864500000001));
#5496=CARTESIAN_POINT('',(0.13331050652077,-1.83271780914922,3.12864500000001));
#5497=CARTESIAN_POINT('',(0.17814036755018,-3.128645,1.83271780914924));
#5498=CARTESIAN_POINT('',(0.24391988147993,-3.128645,1.29527301820719E-14));
#5499=CARTESIAN_POINT('',(0.30969939540968,-3.128645,-1.83271780914923));
#5500=CARTESIAN_POINT('',(0.35452925643909,-1.83271780914923,-3.128645));
#5501=CARTESIAN_POINT('',(0.42030877036883,-2.73751550941559E-16,-3.12864499999999));
#5502=CARTESIAN_POINT('',(0.48608828429857,1.83271780914922,-3.12864499999999));
#5503=CARTESIAN_POINT('',(0.53091814532798,3.128645,-1.83271780914922));
#5504=CARTESIAN_POINT('',(0.59669765925771,3.128645,2.82055659129526E-15));
#5505=CARTESIAN_POINT('',(0.66247717318745,3.128645,1.83271780914924));
#5506=CARTESIAN_POINT('',(0.70730703421685,1.83271780914923,3.12864500000001));
#5507=CARTESIAN_POINT('',(0.77308654814658,4.8980873776006E-16,3.12864500000001));
#5508=CARTESIAN_POINT('',(0.83886606207634,-1.83271780914922,3.12864500000001));
#5509=CARTESIAN_POINT('',(0.88369592310575,-3.128645,1.83271780914924));
#5510=CARTESIAN_POINT('',(0.94947543703549,-3.128645,1.64693938202275E-14));
#5511=CARTESIAN_POINT('',(1.01525495096524,-3.128645,-1.83271780914922));
#5512=CARTESIAN_POINT('',(1.06008481199465,-1.83271780914923,-3.12864499999999));
#5513=CARTESIAN_POINT('',(1.12586432592438,-9.21923111397061E-16,-3.12864499999999));
#5514=CARTESIAN_POINT('',(1.19164383985412,1.83271780914922,-3.12864499999999));
#5515=CARTESIAN_POINT('',(1.23647370088354,3.128645,-1.83271780914923));
#5516=CARTESIAN_POINT('',(1.30225321481327,3.128645,4.17664836126586E-15));
#5517=CARTESIAN_POINT('',(1.368032728743,3.128645,1.83271780914923));
#5518=CARTESIAN_POINT('',(1.41286258977241,1.83271780914924,3.12864500000001));
#5519=CARTESIAN_POINT('',(1.47864210370214,1.23729540127776E-14,3.12864500000001));
#5520=CARTESIAN_POINT('',(1.54442161763188,-1.83271780914922,3.12864500000001));
#5521=CARTESIAN_POINT('',(1.58925147866132,-3.128645,1.83271780914925));
#5522=CARTESIAN_POINT('',(1.65503099259105,-3.128645,1.95539430847461E-14));
#5523=CARTESIAN_POINT('',(1.7208105065208,-3.128645,-1.83271780914922));
#5524=CARTESIAN_POINT('',(1.76564036755021,-1.83271780914923,-3.12864499999999));
#5525=CARTESIAN_POINT('',(1.83141988147994,-2.00220904548957E-15,-3.12864499999999));
#5526=CARTESIAN_POINT('',(1.89719939540968,1.83271780914923,-3.12864499999999));
#5527=CARTESIAN_POINT('',(1.94202925643911,3.128645,-1.83271780914922));
#5528=CARTESIAN_POINT('',(2.00780877036884,3.128645,1.6983771032617E-14));
#5529=CARTESIAN_POINT('',(2.07358828429857,3.128645,1.83271780914924));
#5530=CARTESIAN_POINT('',(2.11841814532797,1.83271780914924,3.12864500000002));
#5531=CARTESIAN_POINT('',(2.1841976592577,1.34532399468701E-14,3.12864500000001));
#5532=CARTESIAN_POINT('',(2.24997717318744,-1.83271780914922,3.12864500000002));
#5533=CARTESIAN_POINT('',(2.29480703421688,-3.128645,1.83271780914926));
#5534=CARTESIAN_POINT('',(2.36058654814661,-3.128645,2.26384923492647E-14));
#5535=CARTESIAN_POINT('',(2.42636606207636,-3.128645,-1.83271780914922));
#5536=CARTESIAN_POINT('',(2.47119592310577,-1.83271780914923,-3.12864499999999));
#5537=CARTESIAN_POINT('',(2.5369754370355,-2.65038060594508E-15,-3.12864499999998));
#5538=CARTESIAN_POINT('',(2.59646778338057,1.65754770962793,-3.12864499999999));
#5539=CARTESIAN_POINT('',(2.64027467844592,2.91785055965529,-2.02954227571809));
#5540=CARTESIAN_POINT('',(2.70065746088848,3.10857558035043,-0.353804179277132));
#5547=CARTESIAN_POINT('',(2.24528504029705,-3.128645,1.78068042413783E-14));
#5548=CARTESIAN_POINT('',(0.99060246088847,-3.128645,9.68885245731724E-15));
#5549=VECTOR('',#7848,1.0);
#5551=CARTESIAN_POINT('',(-0.719452539111537,-0.931454223474879,2.98677293505814));
#5552=CARTESIAN_POINT('',(-0.66761640648683,-2.31280040465136,2.55598667761113));
#5553=CARTESIAN_POINT('',(-0.62693064901197,-3.128645,1.39289441343285));
#5554=CARTESIAN_POINT('',(-0.57693718192518,-3.128645,8.6058006416611E-15));
#5555=CARTESIAN_POINT('',(-0.51115766799543,-3.128645,-1.83271780914923));
#5556=CARTESIAN_POINT('',(-0.46632780696602,-1.83271780914923,-3.128645));
#5557=CARTESIAN_POINT('',(-0.40054829303628,1.45470594360645E-15,-3.12864499999999));
#5558=CARTESIAN_POINT('',(-0.33476877910654,1.83271780914922,-3.128645));
#5559=CARTESIAN_POINT('',(-0.28993891807714,3.128645,-1.83271780914923));
#5560=CARTESIAN_POINT('',(-0.2241594041474,3.128645,1.49842766634348E-15));
#5561=CARTESIAN_POINT('',(-0.15837989021766,3.128645,1.83271780914924));
#5562=CARTESIAN_POINT('',(-0.11355002918826,1.83271780914923,3.12864500000001));
#5563=CARTESIAN_POINT('',(-0.0477705152585195,-8.06534383150948E-16,3.12864500000001));
#5564=CARTESIAN_POINT('',(0.0180089986712204,-1.83271780914922,3.12864500000001));
#5565=CARTESIAN_POINT('',(0.0628388597006404,-3.128645,1.83271780914924));
#5566=CARTESIAN_POINT('',(0.12861837363038,-3.128645,1.19064070929982E-14));
#5567=CARTESIAN_POINT('',(0.19439788756013,-3.128645,-1.83271780914923));
#5568=CARTESIAN_POINT('',(0.23922774858954,-1.83271780914923,-3.128645));
#5569=CARTESIAN_POINT('',(0.30500726251928,3.74420009513944E-16,-3.12864499999999));
#5570=CARTESIAN_POINT('',(0.37078677644902,1.83271780914922,-3.12864499999999));
#5571=CARTESIAN_POINT('',(0.41561663747842,3.128645,-1.83271780914922));
#5572=CARTESIAN_POINT('',(0.48139615140816,3.128645,2.85451943631406E-15));
#5573=CARTESIAN_POINT('',(0.54717566533789,3.128645,1.83271780914924));
#5574=CARTESIAN_POINT('',(0.5920055263673,1.83271780914923,3.12864500000001));
#5575=CARTESIAN_POINT('',(0.65778504029705,5.76943641230577E-17,3.12864500000001));
#5576=CARTESIAN_POINT('',(0.72356455422678,-1.83271780914922,3.12864500000001));
#5577=CARTESIAN_POINT('',(0.76839441525619,-3.128645,1.83271780914924));
#5578=CARTESIAN_POINT('',(0.83417392918593,-3.128645,1.49909563575168E-14));
#5579=CARTESIAN_POINT('',(0.89995344311568,-3.128645,-1.83271780914922));
#5580=CARTESIAN_POINT('',(0.94478330414512,-1.83271780914923,-3.12864499999999));
#5581=CARTESIAN_POINT('',(1.01056281807485,-2.73751550941559E-16,-3.12864499999999));
#5582=CARTESIAN_POINT('',(1.07634233200459,1.83271780914922,-3.12864499999999));
#5583=CARTESIAN_POINT('',(1.12117219303399,3.128645,-1.83271780914922));
#5584=CARTESIAN_POINT('',(1.18695170696372,3.128645,4.85878276674017E-15));
#5585=CARTESIAN_POINT('',(1.25273122089345,3.128645,1.83271780914924));
#5586=CARTESIAN_POINT('',(1.29756108192285,1.83271780914923,3.12864500000001));
#5587=CARTESIAN_POINT('',(1.36334059585261,4.8980873776006E-16,3.12864500000001));
#5588=CARTESIAN_POINT('',(1.42912010978235,-1.83271780914922,3.12864500000001));
#5589=CARTESIAN_POINT('',(1.47394997081176,-3.128645,1.83271780914924));
#5590=CARTESIAN_POINT('',(1.53972948474149,-3.128645,1.85076199956723E-14));
#5591=CARTESIAN_POINT('',(1.60550899867124,-3.128645,-1.83271780914922));
#5592=CARTESIAN_POINT('',(1.65033885970065,-1.83271780914923,-3.12864499999999));
#5593=CARTESIAN_POINT('',(1.71611837363041,-9.21923111397061E-16,-3.12864499999999));
#5594=CARTESIAN_POINT('',(1.78189788756015,1.83271780914922,-3.12864499999999));
#5595=CARTESIAN_POINT('',(1.82672774858955,3.128645,-1.83271780914923));
#5596=CARTESIAN_POINT('',(1.89250726251928,3.128645,6.21487453671075E-15));
#5597=CARTESIAN_POINT('',(1.95828677644903,3.128645,1.83271780914924));
#5598=CARTESIAN_POINT('',(2.00311663747841,1.83271780914924,3.12864500000002));
#5599=CARTESIAN_POINT('',(2.06889615140817,1.23729540127776E-14,3.12864500000001));
#5600=CARTESIAN_POINT('',(2.13467566533791,-1.83271780914922,3.12864500000002));
#5601=CARTESIAN_POINT('',(2.17950552636732,-3.128645,1.83271780914926));
#5602=CARTESIAN_POINT('',(2.24528504029705,-3.128645,2.15921692601909E-14));
#5603=CARTESIAN_POINT('',(2.31106455422683,-3.128645,-1.83271780914922));
#5604=CARTESIAN_POINT('',(2.35589441525621,-1.83271780914923,-3.12864499999999));
#5605=CARTESIAN_POINT('',(2.42167392918597,-2.00220904548957E-15,-3.12864499999998));
#5606=CARTESIAN_POINT('',(2.48745344311571,1.83271780914923,-3.12864499999999));
#5607=CARTESIAN_POINT('',(2.53228330414511,3.128645,-1.83271780914922));
#5608=CARTESIAN_POINT('',(2.59806281807484,3.128645,1.9021997208062E-14));
#5609=CARTESIAN_POINT('',(2.63250168718914,3.128645,0.959519537042005));
#5610=CARTESIAN_POINT('',(2.66415870378055,2.71476150066896,1.85651057650789));
#5611=CARTESIAN_POINT('',(2.70065746088848,1.91222502098408,2.47625019033771));
#5618=COLOUR_RGB('',0.764705896377563,0.705882370471954,0.239215686917305);
#5619=CARTESIAN_POINT('',(1.89250726251928,3.128645,9.89221096211424E-15));
#5620=CARTESIAN_POINT('',(2.00780877036884,3.128645,1.54757349743765E-14));
#5621=CARTESIAN_POINT('',(0.99060246088847,3.128645,1.04551494743009E-14));
#5622=VECTOR('',#7849,1.0);
#5624=CARTESIAN_POINT('',(-0.719452539111537,-0.931454223474879,2.98677293505814));
#5625=CARTESIAN_POINT('',(-0.66761640648683,-2.31280040465136,2.55598667761113));
#5626=CARTESIAN_POINT('',(-0.62693064901197,-3.128645,1.39289441343285));
#5627=CARTESIAN_POINT('',(-0.57693718192518,-3.128645,8.6058006416611E-15));
#5628=CARTESIAN_POINT('',(-0.51115766799543,-3.128645,-1.83271780914923));
#5629=CARTESIAN_POINT('',(-0.46632780696602,-1.83271780914923,-3.128645));
#5630=CARTESIAN_POINT('',(-0.40054829303628,1.45470594360645E-15,-3.12864499999999));
#5631=CARTESIAN_POINT('',(-0.33476877910654,1.83271780914922,-3.128645));
#5632=CARTESIAN_POINT('',(-0.28993891807714,3.128645,-1.83271780914923));
#5633=CARTESIAN_POINT('',(-0.2241594041474,3.128645,1.49842766634348E-15));
#5634=CARTESIAN_POINT('',(-0.15837989021766,3.128645,1.83271780914924));
#5635=CARTESIAN_POINT('',(-0.11355002918826,1.83271780914923,3.12864500000001));
#5636=CARTESIAN_POINT('',(-0.0477705152585195,-8.06534383150948E-16,3.12864500000001));
#5637=CARTESIAN_POINT('',(0.0180089986712204,-1.83271780914922,3.12864500000001));
#5638=CARTESIAN_POINT('',(0.0628388597006404,-3.128645,1.83271780914924));
#5639=CARTESIAN_POINT('',(0.12861837363038,-3.128645,1.19064070929982E-14));
#5640=CARTESIAN_POINT('',(0.19439788756013,-3.128645,-1.83271780914923));
#5641=CARTESIAN_POINT('',(0.23922774858954,-1.83271780914923,-3.128645));
#5642=CARTESIAN_POINT('',(0.30500726251928,3.74420009513944E-16,-3.12864499999999));
#5643=CARTESIAN_POINT('',(0.37078677644902,1.83271780914922,-3.12864499999999));
#5644=CARTESIAN_POINT('',(0.41561663747842,3.128645,-1.83271780914922));
#5645=CARTESIAN_POINT('',(0.48139615140816,3.128645,2.85451943631406E-15));
#5646=CARTESIAN_POINT('',(0.54717566533789,3.128645,1.83271780914924));
#5647=CARTESIAN_POINT('',(0.5920055263673,1.83271780914923,3.12864500000001));
#5648=CARTESIAN_POINT('',(0.65778504029705,5.76943641230577E-17,3.12864500000001));
#5649=CARTESIAN_POINT('',(0.72356455422678,-1.83271780914922,3.12864500000001));
#5650=CARTESIAN_POINT('',(0.76839441525619,-3.128645,1.83271780914924));
#5651=CARTESIAN_POINT('',(0.83417392918593,-3.128645,1.49909563575168E-14));
#5652=CARTESIAN_POINT('',(0.89995344311568,-3.128645,-1.83271780914922));
#5653=CARTESIAN_POINT('',(0.94478330414512,-1.83271780914923,-3.12864499999999));
#5654=CARTESIAN_POINT('',(1.01056281807485,-2.73751550941559E-16,-3.12864499999999));
#5655=CARTESIAN_POINT('',(1.07634233200459,1.83271780914922,-3.12864499999999));
#5656=CARTESIAN_POINT('',(1.12117219303399,3.128645,-1.83271780914922));
#5657=CARTESIAN_POINT('',(1.18695170696372,3.128645,4.85878276674017E-15));
#5658=CARTESIAN_POINT('',(1.25273122089345,3.128645,1.83271780914924));
#5659=CARTESIAN_POINT('',(1.29756108192285,1.83271780914923,3.12864500000001));
#5660=CARTESIAN_POINT('',(1.36334059585261,4.8980873776006E-16,3.12864500000001));
#5661=CARTESIAN_POINT('',(1.42912010978235,-1.83271780914922,3.12864500000001));
#5662=CARTESIAN_POINT('',(1.47394997081176,-3.128645,1.83271780914924));
#5663=CARTESIAN_POINT('',(1.53972948474149,-3.128645,1.85076199956723E-14));
#5664=CARTESIAN_POINT('',(1.60550899867124,-3.128645,-1.83271780914922));
#5665=CARTESIAN_POINT('',(1.65033885970065,-1.83271780914923,-3.12864499999999));
#5666=CARTESIAN_POINT('',(1.71611837363041,-9.21923111397061E-16,-3.12864499999999));
#5667=CARTESIAN_POINT('',(1.78189788756015,1.83271780914922,-3.12864499999999));
#5668=CARTESIAN_POINT('',(1.82672774858955,3.128645,-1.83271780914923));
#5669=CARTESIAN_POINT('',(1.89250726251928,3.128645,6.21487453671075E-15));
#5670=CARTESIAN_POINT('',(1.95828677644903,3.128645,1.83271780914924));
#5671=CARTESIAN_POINT('',(2.00311663747841,1.83271780914924,3.12864500000002));
#5672=CARTESIAN_POINT('',(2.06889615140817,1.23729540127776E-14,3.12864500000001));
#5673=CARTESIAN_POINT('',(2.13467566533791,-1.83271780914922,3.12864500000002));
#5674=CARTESIAN_POINT('',(2.17950552636732,-3.128645,1.83271780914926));
#5675=CARTESIAN_POINT('',(2.24528504029705,-3.128645,2.15921692601909E-14));
#5676=CARTESIAN_POINT('',(2.31106455422683,-3.128645,-1.83271780914922));
#5677=CARTESIAN_POINT('',(2.35589441525621,-1.83271780914923,-3.12864499999999));
#5678=CARTESIAN_POINT('',(2.42167392918597,-2.00220904548957E-15,-3.12864499999998));
#5679=CARTESIAN_POINT('',(2.48745344311571,1.83271780914923,-3.12864499999999));
#5680=CARTESIAN_POINT('',(2.53228330414511,3.128645,-1.83271780914922));
#5681=CARTESIAN_POINT('',(2.59806281807484,3.128645,1.9021997208062E-14));
#5682=CARTESIAN_POINT('',(2.63250168718914,3.128645,0.959519537042005));
#5683=CARTESIAN_POINT('',(2.66415870378055,2.71476150066896,1.85651057650789));
#5684=CARTESIAN_POINT('',(2.70065746088848,1.91222502098408,2.47625019033771));
#5692=CARTESIAN_POINT('',(-0.719452539111538,2.07552023828031,2.34107566655029));
#5693=CARTESIAN_POINT('',(-0.690843259397126,1.48103769372105,2.86812422382964));
#5694=CARTESIAN_POINT('',(-0.665017141873747,0.752054509472658,3.128645));
#5695=CARTESIAN_POINT('',(-0.63802456296453,-8.06534383150948E-16,3.128645));
#5696=CARTESIAN_POINT('',(-0.57224504903479,-1.83271780914922,3.12864500000001));
#5697=CARTESIAN_POINT('',(-0.52741518800537,-3.128645,1.83271780914924));
#5698=CARTESIAN_POINT('',(-0.46163567407563,-3.128645,9.86818091755327E-15));
#5699=CARTESIAN_POINT('',(-0.39585616014588,-3.128645,-1.83271780914923));
#5700=CARTESIAN_POINT('',(-0.35102629911647,-1.83271780914923,-3.128645));
#5701=CARTESIAN_POINT('',(-0.28524678518673,3.74420009513944E-16,-3.12864499999999));
#5702=CARTESIAN_POINT('',(-0.21946727125699,1.83271780914922,-3.128645));
#5703=CARTESIAN_POINT('',(-0.17463741022758,3.128645,-1.83271780914923));
#5704=CARTESIAN_POINT('',(-0.10885789629785,3.128645,8.16293260869149E-16));
#5705=CARTESIAN_POINT('',(-0.0430783823681198,3.128645,1.83271780914924));
#5706=CARTESIAN_POINT('',(0.00175147866129022,1.83271780914923,3.12864500000001));
#5707=CARTESIAN_POINT('',(0.0675309925910301,5.76943641230577E-17,3.12864500000001));
#5708=CARTESIAN_POINT('',(0.13331050652077,-1.83271780914922,3.12864500000001));
#5709=CARTESIAN_POINT('',(0.17814036755018,-3.128645,1.83271780914924));
#5710=CARTESIAN_POINT('',(0.24391988147993,-3.128645,1.29527301820719E-14));
#5711=CARTESIAN_POINT('',(0.30969939540968,-3.128645,-1.83271780914923));
#5712=CARTESIAN_POINT('',(0.35452925643909,-1.83271780914923,-3.128645));
#5713=CARTESIAN_POINT('',(0.42030877036883,-2.73751550941559E-16,-3.12864499999999));
#5714=CARTESIAN_POINT('',(0.48608828429857,1.83271780914922,-3.12864499999999));
#5715=CARTESIAN_POINT('',(0.53091814532798,3.128645,-1.83271780914922));
#5716=CARTESIAN_POINT('',(0.59669765925771,3.128645,2.82055659129526E-15));
#5717=CARTESIAN_POINT('',(0.66247717318745,3.128645,1.83271780914924));
#5718=CARTESIAN_POINT('',(0.70730703421685,1.83271780914923,3.12864500000001));
#5719=CARTESIAN_POINT('',(0.77308654814658,4.8980873776006E-16,3.12864500000001));
#5720=CARTESIAN_POINT('',(0.83886606207634,-1.83271780914922,3.12864500000001));
#5721=CARTESIAN_POINT('',(0.88369592310575,-3.128645,1.83271780914924));
#5722=CARTESIAN_POINT('',(0.94947543703549,-3.128645,1.64693938202275E-14));
#5723=CARTESIAN_POINT('',(1.01525495096524,-3.128645,-1.83271780914922));
#5724=CARTESIAN_POINT('',(1.06008481199465,-1.83271780914923,-3.12864499999999));
#5725=CARTESIAN_POINT('',(1.12586432592438,-9.21923111397061E-16,-3.12864499999999));
#5726=CARTESIAN_POINT('',(1.19164383985412,1.83271780914922,-3.12864499999999));
#5727=CARTESIAN_POINT('',(1.23647370088354,3.128645,-1.83271780914923));
#5728=CARTESIAN_POINT('',(1.30225321481327,3.128645,4.17664836126586E-15));
#5729=CARTESIAN_POINT('',(1.368032728743,3.128645,1.83271780914923));
#5730=CARTESIAN_POINT('',(1.41286258977241,1.83271780914924,3.12864500000001));
#5731=CARTESIAN_POINT('',(1.47864210370214,1.23729540127776E-14,3.12864500000001));
#5732=CARTESIAN_POINT('',(1.54442161763188,-1.83271780914922,3.12864500000001));
#5733=CARTESIAN_POINT('',(1.58925147866132,-3.128645,1.83271780914925));
#5734=CARTESIAN_POINT('',(1.65503099259105,-3.128645,1.95539430847461E-14));
#5735=CARTESIAN_POINT('',(1.7208105065208,-3.128645,-1.83271780914922));
#5736=CARTESIAN_POINT('',(1.76564036755021,-1.83271780914923,-3.12864499999999));
#5737=CARTESIAN_POINT('',(1.83141988147994,-2.00220904548957E-15,-3.12864499999999));
#5738=CARTESIAN_POINT('',(1.89719939540968,1.83271780914923,-3.12864499999999));
#5739=CARTESIAN_POINT('',(1.94202925643911,3.128645,-1.83271780914922));
#5740=CARTESIAN_POINT('',(2.00780877036884,3.128645,1.6983771032617E-14));
#5741=CARTESIAN_POINT('',(2.07358828429857,3.128645,1.83271780914924));
#5742=CARTESIAN_POINT('',(2.11841814532797,1.83271780914924,3.12864500000002));
#5743=CARTESIAN_POINT('',(2.1841976592577,1.34532399468701E-14,3.12864500000001));
#5744=CARTESIAN_POINT('',(2.24997717318744,-1.83271780914922,3.12864500000002));
#5745=CARTESIAN_POINT('',(2.29480703421688,-3.128645,1.83271780914926));
#5746=CARTESIAN_POINT('',(2.36058654814661,-3.128645,2.26384923492647E-14));
#5747=CARTESIAN_POINT('',(2.42636606207636,-3.128645,-1.83271780914922));
#5748=CARTESIAN_POINT('',(2.47119592310577,-1.83271780914923,-3.12864499999999));
#5749=CARTESIAN_POINT('',(2.5369754370355,-2.65038060594508E-15,-3.12864499999998));
#5750=CARTESIAN_POINT('',(2.59646778338057,1.65754770962793,-3.12864499999999));
#5751=CARTESIAN_POINT('',(2.64027467844592,2.91785055965529,-2.02954227571809));
#5752=CARTESIAN_POINT('',(2.70065746088848,3.10857558035043,-0.353804179277132));
#5759=COLOUR_RGB('',0.764705896377563,0.705882370471954,0.239215686917305);
#5760=CARTESIAN_POINT('',(1.65503099259105,-3.128645,1.57685780659334E-14));
#5762=CARTESIAN_POINT('',(-0.719452539111538,2.07552023828031,2.34107566655029));
#5763=CARTESIAN_POINT('',(-0.690843259397126,1.48103769372105,2.86812422382964));
#5764=CARTESIAN_POINT('',(-0.665017141873747,0.752054509472658,3.128645));
#5765=CARTESIAN_POINT('',(-0.63802456296453,-8.06534383150948E-16,3.128645));
#5766=CARTESIAN_POINT('',(-0.57224504903479,-1.83271780914922,3.12864500000001));
#5767=CARTESIAN_POINT('',(-0.52741518800537,-3.128645,1.83271780914924));
#5768=CARTESIAN_POINT('',(-0.46163567407563,-3.128645,9.86818091755327E-15));
#5769=CARTESIAN_POINT('',(-0.39585616014588,-3.128645,-1.83271780914923));
#5770=CARTESIAN_POINT('',(-0.35102629911647,-1.83271780914923,-3.128645));
#5771=CARTESIAN_POINT('',(-0.28524678518673,3.74420009513944E-16,-3.12864499999999));
#5772=CARTESIAN_POINT('',(-0.21946727125699,1.83271780914922,-3.128645));
#5773=CARTESIAN_POINT('',(-0.17463741022758,3.128645,-1.83271780914923));
#5774=CARTESIAN_POINT('',(-0.10885789629785,3.128645,8.16293260869149E-16));
#5775=CARTESIAN_POINT('',(-0.0430783823681198,3.128645,1.83271780914924));
#5776=CARTESIAN_POINT('',(0.00175147866129022,1.83271780914923,3.12864500000001));
#5777=CARTESIAN_POINT('',(0.0675309925910301,5.76943641230577E-17,3.12864500000001));
#5778=CARTESIAN_POINT('',(0.13331050652077,-1.83271780914922,3.12864500000001));
#5779=CARTESIAN_POINT('',(0.17814036755018,-3.128645,1.83271780914924));
#5780=CARTESIAN_POINT('',(0.24391988147993,-3.128645,1.29527301820719E-14));
#5781=CARTESIAN_POINT('',(0.30969939540968,-3.128645,-1.83271780914923));
#5782=CARTESIAN_POINT('',(0.35452925643909,-1.83271780914923,-3.128645));
#5783=CARTESIAN_POINT('',(0.42030877036883,-2.73751550941559E-16,-3.12864499999999));
#5784=CARTESIAN_POINT('',(0.48608828429857,1.83271780914922,-3.12864499999999));
#5785=CARTESIAN_POINT('',(0.53091814532798,3.128645,-1.83271780914922));
#5786=CARTESIAN_POINT('',(0.59669765925771,3.128645,2.82055659129526E-15));
#5787=CARTESIAN_POINT('',(0.66247717318745,3.128645,1.83271780914924));
#5788=CARTESIAN_POINT('',(0.70730703421685,1.83271780914923,3.12864500000001));
#5789=CARTESIAN_POINT('',(0.77308654814658,4.8980873776006E-16,3.12864500000001));
#5790=CARTESIAN_POINT('',(0.83886606207634,-1.83271780914922,3.12864500000001));
#5791=CARTESIAN_POINT('',(0.88369592310575,-3.128645,1.83271780914924));
#5792=CARTESIAN_POINT('',(0.94947543703549,-3.128645,1.64693938202275E-14));
#5793=CARTESIAN_POINT('',(1.01525495096524,-3.128645,-1.83271780914922));
#5794=CARTESIAN_POINT('',(1.06008481199465,-1.83271780914923,-3.12864499999999));
#5795=CARTESIAN_POINT('',(1.12586432592438,-9.21923111397061E-16,-3.12864499999999));
#5796=CARTESIAN_POINT('',(1.19164383985412,1.83271780914922,-3.12864499999999));
#5797=CARTESIAN_POINT('',(1.23647370088354,3.128645,-1.83271780914923));
#5798=CARTESIAN_POINT('',(1.30225321481327,3.128645,4.17664836126586E-15));
#5799=CARTESIAN_POINT('',(1.368032728743,3.128645,1.83271780914923));
#5800=CARTESIAN_POINT('',(1.41286258977241,1.83271780914924,3.12864500000001));
#5801=CARTESIAN_POINT('',(1.47864210370214,1.23729540127776E-14,3.12864500000001));
#5802=CARTESIAN_POINT('',(1.54442161763188,-1.83271780914922,3.12864500000001));
#5803=CARTESIAN_POINT('',(1.58925147866132,-3.128645,1.83271780914925));
#5804=CARTESIAN_POINT('',(1.65503099259105,-3.128645,1.95539430847461E-14));
#5805=CARTESIAN_POINT('',(1.7208105065208,-3.128645,-1.83271780914922));
#5806=CARTESIAN_POINT('',(1.76564036755021,-1.83271780914923,-3.12864499999999));
#5807=CARTESIAN_POINT('',(1.83141988147994,-2.00220904548957E-15,-3.12864499999999));
#5808=CARTESIAN_POINT('',(1.89719939540968,1.83271780914923,-3.12864499999999));
#5809=CARTESIAN_POINT('',(1.94202925643911,3.128645,-1.83271780914922));
#5810=CARTESIAN_POINT('',(2.00780877036884,3.128645,1.6983771032617E-14));
#5811=CARTESIAN_POINT('',(2.07358828429857,3.128645,1.83271780914924));
#5812=CARTESIAN_POINT('',(2.11841814532797,1.83271780914924,3.12864500000002));
#5813=CARTESIAN_POINT('',(2.1841976592577,1.34532399468701E-14,3.12864500000001));
#5814=CARTESIAN_POINT('',(2.24997717318744,-1.83271780914922,3.12864500000002));
#5815=CARTESIAN_POINT('',(2.29480703421688,-3.128645,1.83271780914926));
#5816=CARTESIAN_POINT('',(2.36058654814661,-3.128645,2.26384923492647E-14));
#5817=CARTESIAN_POINT('',(2.42636606207636,-3.128645,-1.83271780914922));
#5818=CARTESIAN_POINT('',(2.47119592310577,-1.83271780914923,-3.12864499999999));
#5819=CARTESIAN_POINT('',(2.5369754370355,-2.65038060594508E-15,-3.12864499999998));
#5820=CARTESIAN_POINT('',(2.59646778338057,1.65754770962793,-3.12864499999999));
#5821=CARTESIAN_POINT('',(2.64027467844592,2.91785055965529,-2.02954227571809));
#5822=CARTESIAN_POINT('',(2.70065746088848,3.10857558035043,-0.353804179277132));
#5829=CARTESIAN_POINT('',(1.53972948474149,-3.128645,1.50463407570874E-14));
#5830=CARTESIAN_POINT('',(0.99060246088847,-3.128645,9.68885245731724E-15));
#5831=VECTOR('',#7850,1.0);
#5833=CARTESIAN_POINT('',(-0.719452539111537,-0.931454223474879,2.98677293505814));
#5834=CARTESIAN_POINT('',(-0.66761640648683,-2.31280040465136,2.55598667761113));
#5835=CARTESIAN_POINT('',(-0.62693064901197,-3.128645,1.39289441343285));
#5836=CARTESIAN_POINT('',(-0.57693718192518,-3.128645,8.6058006416611E-15));
#5837=CARTESIAN_POINT('',(-0.51115766799543,-3.128645,-1.83271780914923));
#5838=CARTESIAN_POINT('',(-0.46632780696602,-1.83271780914923,-3.128645));
#5839=CARTESIAN_POINT('',(-0.40054829303628,1.45470594360645E-15,-3.12864499999999));
#5840=CARTESIAN_POINT('',(-0.33476877910654,1.83271780914922,-3.128645));
#5841=CARTESIAN_POINT('',(-0.28993891807714,3.128645,-1.83271780914923));
#5842=CARTESIAN_POINT('',(-0.2241594041474,3.128645,1.49842766634348E-15));
#5843=CARTESIAN_POINT('',(-0.15837989021766,3.128645,1.83271780914924));
#5844=CARTESIAN_POINT('',(-0.11355002918826,1.83271780914923,3.12864500000001));
#5845=CARTESIAN_POINT('',(-0.0477705152585195,-8.06534383150948E-16,3.12864500000001));
#5846=CARTESIAN_POINT('',(0.0180089986712204,-1.83271780914922,3.12864500000001));
#5847=CARTESIAN_POINT('',(0.0628388597006404,-3.128645,1.83271780914924));
#5848=CARTESIAN_POINT('',(0.12861837363038,-3.128645,1.19064070929982E-14));
#5849=CARTESIAN_POINT('',(0.19439788756013,-3.128645,-1.83271780914923));
#5850=CARTESIAN_POINT('',(0.23922774858954,-1.83271780914923,-3.128645));
#5851=CARTESIAN_POINT('',(0.30500726251928,3.74420009513944E-16,-3.12864499999999));
#5852=CARTESIAN_POINT('',(0.37078677644902,1.83271780914922,-3.12864499999999));
#5853=CARTESIAN_POINT('',(0.41561663747842,3.128645,-1.83271780914922));
#5854=CARTESIAN_POINT('',(0.48139615140816,3.128645,2.85451943631406E-15));
#5855=CARTESIAN_POINT('',(0.54717566533789,3.128645,1.83271780914924));
#5856=CARTESIAN_POINT('',(0.5920055263673,1.83271780914923,3.12864500000001));
#5857=CARTESIAN_POINT('',(0.65778504029705,5.76943641230577E-17,3.12864500000001));
#5858=CARTESIAN_POINT('',(0.72356455422678,-1.83271780914922,3.12864500000001));
#5859=CARTESIAN_POINT('',(0.76839441525619,-3.128645,1.83271780914924));
#5860=CARTESIAN_POINT('',(0.83417392918593,-3.128645,1.49909563575168E-14));
#5861=CARTESIAN_POINT('',(0.89995344311568,-3.128645,-1.83271780914922));
#5862=CARTESIAN_POINT('',(0.94478330414512,-1.83271780914923,-3.12864499999999));
#5863=CARTESIAN_POINT('',(1.01056281807485,-2.73751550941559E-16,-3.12864499999999));
#5864=CARTESIAN_POINT('',(1.07634233200459,1.83271780914922,-3.12864499999999));
#5865=CARTESIAN_POINT('',(1.12117219303399,3.128645,-1.83271780914922));
#5866=CARTESIAN_POINT('',(1.18695170696372,3.128645,4.85878276674017E-15));
#5867=CARTESIAN_POINT('',(1.25273122089345,3.128645,1.83271780914924));
#5868=CARTESIAN_POINT('',(1.29756108192285,1.83271780914923,3.12864500000001));
#5869=CARTESIAN_POINT('',(1.36334059585261,4.8980873776006E-16,3.12864500000001));
#5870=CARTESIAN_POINT('',(1.42912010978235,-1.83271780914922,3.12864500000001));
#5871=CARTESIAN_POINT('',(1.47394997081176,-3.128645,1.83271780914924));
#5872=CARTESIAN_POINT('',(1.53972948474149,-3.128645,1.85076199956723E-14));
#5873=CARTESIAN_POINT('',(1.60550899867124,-3.128645,-1.83271780914922));
#5874=CARTESIAN_POINT('',(1.65033885970065,-1.83271780914923,-3.12864499999999));
#5875=CARTESIAN_POINT('',(1.71611837363041,-9.21923111397061E-16,-3.12864499999999));
#5876=CARTESIAN_POINT('',(1.78189788756015,1.83271780914922,-3.12864499999999));
#5877=CARTESIAN_POINT('',(1.82672774858955,3.128645,-1.83271780914923));
#5878=CARTESIAN_POINT('',(1.89250726251928,3.128645,6.21487453671075E-15));
#5879=CARTESIAN_POINT('',(1.95828677644903,3.128645,1.83271780914924));
#5880=CARTESIAN_POINT('',(2.00311663747841,1.83271780914924,3.12864500000002));
#5881=CARTESIAN_POINT('',(2.06889615140817,1.23729540127776E-14,3.12864500000001));
#5882=CARTESIAN_POINT('',(2.13467566533791,-1.83271780914922,3.12864500000002));
#5883=CARTESIAN_POINT('',(2.17950552636732,-3.128645,1.83271780914926));
#5884=CARTESIAN_POINT('',(2.24528504029705,-3.128645,2.15921692601909E-14));
#5885=CARTESIAN_POINT('',(2.31106455422683,-3.128645,-1.83271780914922));
#5886=CARTESIAN_POINT('',(2.35589441525621,-1.83271780914923,-3.12864499999999));
#5887=CARTESIAN_POINT('',(2.42167392918597,-2.00220904548957E-15,-3.12864499999998));
#5888=CARTESIAN_POINT('',(2.48745344311571,1.83271780914923,-3.12864499999999));
#5889=CARTESIAN_POINT('',(2.53228330414511,3.128645,-1.83271780914922));
#5890=CARTESIAN_POINT('',(2.59806281807484,3.128645,1.9021997208062E-14));
#5891=CARTESIAN_POINT('',(2.63250168718914,3.128645,0.959519537042005));
#5892=CARTESIAN_POINT('',(2.66415870378055,2.71476150066896,1.85651057650789));
#5893=CARTESIAN_POINT('',(2.70065746088848,1.91222502098408,2.47625019033771));
#5900=COLOUR_RGB('',0.764705896377563,0.705882370471954,0.239215686917305);
#5901=CARTESIAN_POINT('',(1.18695170696372,3.128645,7.99597622509739E-15));
#5902=CARTESIAN_POINT('',(1.30225321481327,3.128645,7.85398478666933E-15));
#5903=CARTESIAN_POINT('',(0.99060246088847,3.128645,1.04551494743009E-14));
#5904=VECTOR('',#7851,1.0);
#5906=CARTESIAN_POINT('',(-0.719452539111537,-0.931454223474879,2.98677293505814));
#5907=CARTESIAN_POINT('',(-0.66761640648683,-2.31280040465136,2.55598667761113));
#5908=CARTESIAN_POINT('',(-0.62693064901197,-3.128645,1.39289441343285));
#5909=CARTESIAN_POINT('',(-0.57693718192518,-3.128645,8.6058006416611E-15));
#5910=CARTESIAN_POINT('',(-0.51115766799543,-3.128645,-1.83271780914923));
#5911=CARTESIAN_POINT('',(-0.46632780696602,-1.83271780914923,-3.128645));
#5912=CARTESIAN_POINT('',(-0.40054829303628,1.45470594360645E-15,-3.12864499999999));
#5913=CARTESIAN_POINT('',(-0.33476877910654,1.83271780914922,-3.128645));
#5914=CARTESIAN_POINT('',(-0.28993891807714,3.128645,-1.83271780914923));
#5915=CARTESIAN_POINT('',(-0.2241594041474,3.128645,1.49842766634348E-15));
#5916=CARTESIAN_POINT('',(-0.15837989021766,3.128645,1.83271780914924));
#5917=CARTESIAN_POINT('',(-0.11355002918826,1.83271780914923,3.12864500000001));
#5918=CARTESIAN_POINT('',(-0.0477705152585195,-8.06534383150948E-16,3.12864500000001));
#5919=CARTESIAN_POINT('',(0.0180089986712204,-1.83271780914922,3.12864500000001));
#5920=CARTESIAN_POINT('',(0.0628388597006404,-3.128645,1.83271780914924));
#5921=CARTESIAN_POINT('',(0.12861837363038,-3.128645,1.19064070929982E-14));
#5922=CARTESIAN_POINT('',(0.19439788756013,-3.128645,-1.83271780914923));
#5923=CARTESIAN_POINT('',(0.23922774858954,-1.83271780914923,-3.128645));
#5924=CARTESIAN_POINT('',(0.30500726251928,3.74420009513944E-16,-3.12864499999999));
#5925=CARTESIAN_POINT('',(0.37078677644902,1.83271780914922,-3.12864499999999));
#5926=CARTESIAN_POINT('',(0.41561663747842,3.128645,-1.83271780914922));
#5927=CARTESIAN_POINT('',(0.48139615140816,3.128645,2.85451943631406E-15));
#5928=CARTESIAN_POINT('',(0.54717566533789,3.128645,1.83271780914924));
#5929=CARTESIAN_POINT('',(0.5920055263673,1.83271780914923,3.12864500000001));
#5930=CARTESIAN_POINT('',(0.65778504029705,5.76943641230577E-17,3.12864500000001));
#5931=CARTESIAN_POINT('',(0.72356455422678,-1.83271780914922,3.12864500000001));
#5932=CARTESIAN_POINT('',(0.76839441525619,-3.128645,1.83271780914924));
#5933=CARTESIAN_POINT('',(0.83417392918593,-3.128645,1.49909563575168E-14));
#5934=CARTESIAN_POINT('',(0.89995344311568,-3.128645,-1.83271780914922));
#5935=CARTESIAN_POINT('',(0.94478330414512,-1.83271780914923,-3.12864499999999));
#5936=CARTESIAN_POINT('',(1.01056281807485,-2.73751550941559E-16,-3.12864499999999));
#5937=CARTESIAN_POINT('',(1.07634233200459,1.83271780914922,-3.12864499999999));
#5938=CARTESIAN_POINT('',(1.12117219303399,3.128645,-1.83271780914922));
#5939=CARTESIAN_POINT('',(1.18695170696372,3.128645,4.85878276674017E-15));
#5940=CARTESIAN_POINT('',(1.25273122089345,3.128645,1.83271780914924));
#5941=CARTESIAN_POINT('',(1.29756108192285,1.83271780914923,3.12864500000001));
#5942=CARTESIAN_POINT('',(1.36334059585261,4.8980873776006E-16,3.12864500000001));
#5943=CARTESIAN_POINT('',(1.42912010978235,-1.83271780914922,3.12864500000001));
#5944=CARTESIAN_POINT('',(1.47394997081176,-3.128645,1.83271780914924));
#5945=CARTESIAN_POINT('',(1.53972948474149,-3.128645,1.85076199956723E-14));
#5946=CARTESIAN_POINT('',(1.60550899867124,-3.128645,-1.83271780914922));
#5947=CARTESIAN_POINT('',(1.65033885970065,-1.83271780914923,-3.12864499999999));
#5948=CARTESIAN_POINT('',(1.71611837363041,-9.21923111397061E-16,-3.12864499999999));
#5949=CARTESIAN_POINT('',(1.78189788756015,1.83271780914922,-3.12864499999999));
#5950=CARTESIAN_POINT('',(1.82672774858955,3.128645,-1.83271780914923));
#5951=CARTESIAN_POINT('',(1.89250726251928,3.128645,6.21487453671075E-15));
#5952=CARTESIAN_POINT('',(1.95828677644903,3.128645,1.83271780914924));
#5953=CARTESIAN_POINT('',(2.00311663747841,1.83271780914924,3.12864500000002));
#5954=CARTESIAN_POINT('',(2.06889615140817,1.23729540127776E-14,3.12864500000001));
#5955=CARTESIAN_POINT('',(2.13467566533791,-1.83271780914922,3.12864500000002));
#5956=CARTESIAN_POINT('',(2.17950552636732,-3.128645,1.83271780914926));
#5957=CARTESIAN_POINT('',(2.24528504029705,-3.128645,2.15921692601909E-14));
#5958=CARTESIAN_POINT('',(2.31106455422683,-3.128645,-1.83271780914922));
#5959=CARTESIAN_POINT('',(2.35589441525621,-1.83271780914923,-3.12864499999999));
#5960=CARTESIAN_POINT('',(2.42167392918597,-2.00220904548957E-15,-3.12864499999998));
#5961=CARTESIAN_POINT('',(2.48745344311571,1.83271780914923,-3.12864499999999));
#5962=CARTESIAN_POINT('',(2.53228330414511,3.128645,-1.83271780914922));
#5963=CARTESIAN_POINT('',(2.59806281807484,3.128645,1.9021997208062E-14));
#5964=CARTESIAN_POINT('',(2.63250168718914,3.128645,0.959519537042005));
#5965=CARTESIAN_POINT('',(2.66415870378055,2.71476150066896,1.85651057650789));
#5966=CARTESIAN_POINT('',(2.70065746088848,1.91222502098408,2.47625019033771));
#5974=CARTESIAN_POINT('',(-0.719452539111538,2.07552023828031,2.34107566655029));
#5975=CARTESIAN_POINT('',(-0.690843259397126,1.48103769372105,2.86812422382964));
#5976=CARTESIAN_POINT('',(-0.665017141873747,0.752054509472658,3.128645));
#5977=CARTESIAN_POINT('',(-0.63802456296453,-8.06534383150948E-16,3.128645));
#5978=CARTESIAN_POINT('',(-0.57224504903479,-1.83271780914922,3.12864500000001));
#5979=CARTESIAN_POINT('',(-0.52741518800537,-3.128645,1.83271780914924));
#5980=CARTESIAN_POINT('',(-0.46163567407563,-3.128645,9.86818091755327E-15));
#5981=CARTESIAN_POINT('',(-0.39585616014588,-3.128645,-1.83271780914923));
#5982=CARTESIAN_POINT('',(-0.35102629911647,-1.83271780914923,-3.128645));
#5983=CARTESIAN_POINT('',(-0.28524678518673,3.74420009513944E-16,-3.12864499999999));
#5984=CARTESIAN_POINT('',(-0.21946727125699,1.83271780914922,-3.128645));
#5985=CARTESIAN_POINT('',(-0.17463741022758,3.128645,-1.83271780914923));
#5986=CARTESIAN_POINT('',(-0.10885789629785,3.128645,8.16293260869149E-16));
#5987=CARTESIAN_POINT('',(-0.0430783823681198,3.128645,1.83271780914924));
#5988=CARTESIAN_POINT('',(0.00175147866129022,1.83271780914923,3.12864500000001));
#5989=CARTESIAN_POINT('',(0.0675309925910301,5.76943641230577E-17,3.12864500000001));
#5990=CARTESIAN_POINT('',(0.13331050652077,-1.83271780914922,3.12864500000001));
#5991=CARTESIAN_POINT('',(0.17814036755018,-3.128645,1.83271780914924));
#5992=CARTESIAN_POINT('',(0.24391988147993,-3.128645,1.29527301820719E-14));
#5993=CARTESIAN_POINT('',(0.30969939540968,-3.128645,-1.83271780914923));
#5994=CARTESIAN_POINT('',(0.35452925643909,-1.83271780914923,-3.128645));
#5995=CARTESIAN_POINT('',(0.42030877036883,-2.73751550941559E-16,-3.12864499999999));
#5996=CARTESIAN_POINT('',(0.48608828429857,1.83271780914922,-3.12864499999999));
#5997=CARTESIAN_POINT('',(0.53091814532798,3.128645,-1.83271780914922));
#5998=CARTESIAN_POINT('',(0.59669765925771,3.128645,2.82055659129526E-15));
#5999=CARTESIAN_POINT('',(0.66247717318745,3.128645,1.83271780914924));
#6000=CARTESIAN_POINT('',(0.70730703421685,1.83271780914923,3.12864500000001));
#6001=CARTESIAN_POINT('',(0.77308654814658,4.8980873776006E-16,3.12864500000001));
#6002=CARTESIAN_POINT('',(0.83886606207634,-1.83271780914922,3.12864500000001));
#6003=CARTESIAN_POINT('',(0.88369592310575,-3.128645,1.83271780914924));
#6004=CARTESIAN_POINT('',(0.94947543703549,-3.128645,1.64693938202275E-14));
#6005=CARTESIAN_POINT('',(1.01525495096524,-3.128645,-1.83271780914922));
#6006=CARTESIAN_POINT('',(1.06008481199465,-1.83271780914923,-3.12864499999999));
#6007=CARTESIAN_POINT('',(1.12586432592438,-9.21923111397061E-16,-3.12864499999999));
#6008=CARTESIAN_POINT('',(1.19164383985412,1.83271780914922,-3.12864499999999));
#6009=CARTESIAN_POINT('',(1.23647370088354,3.128645,-1.83271780914923));
#6010=CARTESIAN_POINT('',(1.30225321481327,3.128645,4.17664836126586E-15));
#6011=CARTESIAN_POINT('',(1.368032728743,3.128645,1.83271780914923));
#6012=CARTESIAN_POINT('',(1.41286258977241,1.83271780914924,3.12864500000001));
#6013=CARTESIAN_POINT('',(1.47864210370214,1.23729540127776E-14,3.12864500000001));
#6014=CARTESIAN_POINT('',(1.54442161763188,-1.83271780914922,3.12864500000001));
#6015=CARTESIAN_POINT('',(1.58925147866132,-3.128645,1.83271780914925));
#6016=CARTESIAN_POINT('',(1.65503099259105,-3.128645,1.95539430847461E-14));
#6017=CARTESIAN_POINT('',(1.7208105065208,-3.128645,-1.83271780914922));
#6018=CARTESIAN_POINT('',(1.76564036755021,-1.83271780914923,-3.12864499999999));
#6019=CARTESIAN_POINT('',(1.83141988147994,-2.00220904548957E-15,-3.12864499999999));
#6020=CARTESIAN_POINT('',(1.89719939540968,1.83271780914923,-3.12864499999999));
#6021=CARTESIAN_POINT('',(1.94202925643911,3.128645,-1.83271780914922));
#6022=CARTESIAN_POINT('',(2.00780877036884,3.128645,1.6983771032617E-14));
#6023=CARTESIAN_POINT('',(2.07358828429857,3.128645,1.83271780914924));
#6024=CARTESIAN_POINT('',(2.11841814532797,1.83271780914924,3.12864500000002));
#6025=CARTESIAN_POINT('',(2.1841976592577,1.34532399468701E-14,3.12864500000001));
#6026=CARTESIAN_POINT('',(2.24997717318744,-1.83271780914922,3.12864500000002));
#6027=CARTESIAN_POINT('',(2.29480703421688,-3.128645,1.83271780914926));
#6028=CARTESIAN_POINT('',(2.36058654814661,-3.128645,2.26384923492647E-14));
#6029=CARTESIAN_POINT('',(2.42636606207636,-3.128645,-1.83271780914922));
#6030=CARTESIAN_POINT('',(2.47119592310577,-1.83271780914923,-3.12864499999999));
#6031=CARTESIAN_POINT('',(2.5369754370355,-2.65038060594508E-15,-3.12864499999998));
#6032=CARTESIAN_POINT('',(2.59646778338057,1.65754770962793,-3.12864499999999));
#6033=CARTESIAN_POINT('',(2.64027467844592,2.91785055965529,-2.02954227571809));
#6034=CARTESIAN_POINT('',(2.70065746088848,3.10857558035043,-0.353804179277132));
#6041=COLOUR_RGB('',0.764705896377563,0.705882370471954,0.239215686917305);
#6042=CARTESIAN_POINT('',(0.94947543703549,-3.128645,1.30081145816425E-14));
#6044=CARTESIAN_POINT('',(-0.719452539111538,2.07552023828031,2.34107566655029));
#6045=CARTESIAN_POINT('',(-0.690843259397126,1.48103769372105,2.86812422382964));
#6046=CARTESIAN_POINT('',(-0.665017141873747,0.752054509472658,3.128645));
#6047=CARTESIAN_POINT('',(-0.63802456296453,-8.06534383150948E-16,3.128645));
#6048=CARTESIAN_POINT('',(-0.57224504903479,-1.83271780914922,3.12864500000001));
#6049=CARTESIAN_POINT('',(-0.52741518800537,-3.128645,1.83271780914924));
#6050=CARTESIAN_POINT('',(-0.46163567407563,-3.128645,9.86818091755327E-15));
#6051=CARTESIAN_POINT('',(-0.39585616014588,-3.128645,-1.83271780914923));
#6052=CARTESIAN_POINT('',(-0.35102629911647,-1.83271780914923,-3.128645));
#6053=CARTESIAN_POINT('',(-0.28524678518673,3.74420009513944E-16,-3.12864499999999));
#6054=CARTESIAN_POINT('',(-0.21946727125699,1.83271780914922,-3.128645));
#6055=CARTESIAN_POINT('',(-0.17463741022758,3.128645,-1.83271780914923));
#6056=CARTESIAN_POINT('',(-0.10885789629785,3.128645,8.16293260869149E-16));
#6057=CARTESIAN_POINT('',(-0.0430783823681198,3.128645,1.83271780914924));
#6058=CARTESIAN_POINT('',(0.00175147866129022,1.83271780914923,3.12864500000001));
#6059=CARTESIAN_POINT('',(0.0675309925910301,5.76943641230577E-17,3.12864500000001));
#6060=CARTESIAN_POINT('',(0.13331050652077,-1.83271780914922,3.12864500000001));
#6061=CARTESIAN_POINT('',(0.17814036755018,-3.128645,1.83271780914924));
#6062=CARTESIAN_POINT('',(0.24391988147993,-3.128645,1.29527301820719E-14));
#6063=CARTESIAN_POINT('',(0.30969939540968,-3.128645,-1.83271780914923));
#6064=CARTESIAN_POINT('',(0.35452925643909,-1.83271780914923,-3.128645));
#6065=CARTESIAN_POINT('',(0.42030877036883,-2.73751550941559E-16,-3.12864499999999));
#6066=CARTESIAN_POINT('',(0.48608828429857,1.83271780914922,-3.12864499999999));
#6067=CARTESIAN_POINT('',(0.53091814532798,3.128645,-1.83271780914922));
#6068=CARTESIAN_POINT('',(0.59669765925771,3.128645,2.82055659129526E-15));
#6069=CARTESIAN_POINT('',(0.66247717318745,3.128645,1.83271780914924));
#6070=CARTESIAN_POINT('',(0.70730703421685,1.83271780914923,3.12864500000001));
#6071=CARTESIAN_POINT('',(0.77308654814658,4.8980873776006E-16,3.12864500000001));
#6072=CARTESIAN_POINT('',(0.83886606207634,-1.83271780914922,3.12864500000001));
#6073=CARTESIAN_POINT('',(0.88369592310575,-3.128645,1.83271780914924));
#6074=CARTESIAN_POINT('',(0.94947543703549,-3.128645,1.64693938202275E-14));
#6075=CARTESIAN_POINT('',(1.01525495096524,-3.128645,-1.83271780914922));
#6076=CARTESIAN_POINT('',(1.06008481199465,-1.83271780914923,-3.12864499999999));
#6077=CARTESIAN_POINT('',(1.12586432592438,-9.21923111397061E-16,-3.12864499999999));
#6078=CARTESIAN_POINT('',(1.19164383985412,1.83271780914922,-3.12864499999999));
#6079=CARTESIAN_POINT('',(1.23647370088354,3.128645,-1.83271780914923));
#6080=CARTESIAN_POINT('',(1.30225321481327,3.128645,4.17664836126586E-15));
#6081=CARTESIAN_POINT('',(1.368032728743,3.128645,1.83271780914923));
#6082=CARTESIAN_POINT('',(1.41286258977241,1.83271780914924,3.12864500000001));
#6083=CARTESIAN_POINT('',(1.47864210370214,1.23729540127776E-14,3.12864500000001));
#6084=CARTESIAN_POINT('',(1.54442161763188,-1.83271780914922,3.12864500000001));
#6085=CARTESIAN_POINT('',(1.58925147866132,-3.128645,1.83271780914925));
#6086=CARTESIAN_POINT('',(1.65503099259105,-3.128645,1.95539430847461E-14));
#6087=CARTESIAN_POINT('',(1.7208105065208,-3.128645,-1.83271780914922));
#6088=CARTESIAN_POINT('',(1.76564036755021,-1.83271780914923,-3.12864499999999));
#6089=CARTESIAN_POINT('',(1.83141988147994,-2.00220904548957E-15,-3.12864499999999));
#6090=CARTESIAN_POINT('',(1.89719939540968,1.83271780914923,-3.12864499999999));
#6091=CARTESIAN_POINT('',(1.94202925643911,3.128645,-1.83271780914922));
#6092=CARTESIAN_POINT('',(2.00780877036884,3.128645,1.6983771032617E-14));
#6093=CARTESIAN_POINT('',(2.07358828429857,3.128645,1.83271780914924));
#6094=CARTESIAN_POINT('',(2.11841814532797,1.83271780914924,3.12864500000002));
#6095=CARTESIAN_POINT('',(2.1841976592577,1.34532399468701E-14,3.12864500000001));
#6096=CARTESIAN_POINT('',(2.24997717318744,-1.83271780914922,3.12864500000002));
#6097=CARTESIAN_POINT('',(2.29480703421688,-3.128645,1.83271780914926));
#6098=CARTESIAN_POINT('',(2.36058654814661,-3.128645,2.26384923492647E-14));
#6099=CARTESIAN_POINT('',(2.42636606207636,-3.128645,-1.83271780914922));
#6100=CARTESIAN_POINT('',(2.47119592310577,-1.83271780914923,-3.12864499999999));
#6101=CARTESIAN_POINT('',(2.5369754370355,-2.65038060594508E-15,-3.12864499999998));
#6102=CARTESIAN_POINT('',(2.59646778338057,1.65754770962793,-3.12864499999999));
#6103=CARTESIAN_POINT('',(2.64027467844592,2.91785055965529,-2.02954227571809));
#6104=CARTESIAN_POINT('',(2.70065746088848,3.10857558035043,-0.353804179277132));
#6111=CARTESIAN_POINT('',(0.83417392918593,-3.128645,1.20698200859781E-14));
#6112=CARTESIAN_POINT('',(0.99060246088847,-3.128645,9.68885245731724E-15));
#6113=VECTOR('',#7852,1.0);
#6115=CARTESIAN_POINT('',(-0.719452539111537,-0.931454223474879,2.98677293505814));
#6116=CARTESIAN_POINT('',(-0.66761640648683,-2.31280040465136,2.55598667761113));
#6117=CARTESIAN_POINT('',(-0.62693064901197,-3.128645,1.39289441343285));
#6118=CARTESIAN_POINT('',(-0.57693718192518,-3.128645,8.6058006416611E-15));
#6119=CARTESIAN_POINT('',(-0.51115766799543,-3.128645,-1.83271780914923));
#6120=CARTESIAN_POINT('',(-0.46632780696602,-1.83271780914923,-3.128645));
#6121=CARTESIAN_POINT('',(-0.40054829303628,1.45470594360645E-15,-3.12864499999999));
#6122=CARTESIAN_POINT('',(-0.33476877910654,1.83271780914922,-3.128645));
#6123=CARTESIAN_POINT('',(-0.28993891807714,3.128645,-1.83271780914923));
#6124=CARTESIAN_POINT('',(-0.2241594041474,3.128645,1.49842766634348E-15));
#6125=CARTESIAN_POINT('',(-0.15837989021766,3.128645,1.83271780914924));
#6126=CARTESIAN_POINT('',(-0.11355002918826,1.83271780914923,3.12864500000001));
#6127=CARTESIAN_POINT('',(-0.0477705152585195,-8.06534383150948E-16,3.12864500000001));
#6128=CARTESIAN_POINT('',(0.0180089986712204,-1.83271780914922,3.12864500000001));
#6129=CARTESIAN_POINT('',(0.0628388597006404,-3.128645,1.83271780914924));
#6130=CARTESIAN_POINT('',(0.12861837363038,-3.128645,1.19064070929982E-14));
#6131=CARTESIAN_POINT('',(0.19439788756013,-3.128645,-1.83271780914923));
#6132=CARTESIAN_POINT('',(0.23922774858954,-1.83271780914923,-3.128645));
#6133=CARTESIAN_POINT('',(0.30500726251928,3.74420009513944E-16,-3.12864499999999));
#6134=CARTESIAN_POINT('',(0.37078677644902,1.83271780914922,-3.12864499999999));
#6135=CARTESIAN_POINT('',(0.41561663747842,3.128645,-1.83271780914922));
#6136=CARTESIAN_POINT('',(0.48139615140816,3.128645,2.85451943631406E-15));
#6137=CARTESIAN_POINT('',(0.54717566533789,3.128645,1.83271780914924));
#6138=CARTESIAN_POINT('',(0.5920055263673,1.83271780914923,3.12864500000001));
#6139=CARTESIAN_POINT('',(0.65778504029705,5.76943641230577E-17,3.12864500000001));
#6140=CARTESIAN_POINT('',(0.72356455422678,-1.83271780914922,3.12864500000001));
#6141=CARTESIAN_POINT('',(0.76839441525619,-3.128645,1.83271780914924));
#6142=CARTESIAN_POINT('',(0.83417392918593,-3.128645,1.49909563575168E-14));
#6143=CARTESIAN_POINT('',(0.89995344311568,-3.128645,-1.83271780914922));
#6144=CARTESIAN_POINT('',(0.94478330414512,-1.83271780914923,-3.12864499999999));
#6145=CARTESIAN_POINT('',(1.01056281807485,-2.73751550941559E-16,-3.12864499999999));
#6146=CARTESIAN_POINT('',(1.07634233200459,1.83271780914922,-3.12864499999999));
#6147=CARTESIAN_POINT('',(1.12117219303399,3.128645,-1.83271780914922));
#6148=CARTESIAN_POINT('',(1.18695170696372,3.128645,4.85878276674017E-15));
#6149=CARTESIAN_POINT('',(1.25273122089345,3.128645,1.83271780914924));
#6150=CARTESIAN_POINT('',(1.29756108192285,1.83271780914923,3.12864500000001));
#6151=CARTESIAN_POINT('',(1.36334059585261,4.8980873776006E-16,3.12864500000001));
#6152=CARTESIAN_POINT('',(1.42912010978235,-1.83271780914922,3.12864500000001));
#6153=CARTESIAN_POINT('',(1.47394997081176,-3.128645,1.83271780914924));
#6154=CARTESIAN_POINT('',(1.53972948474149,-3.128645,1.85076199956723E-14));
#6155=CARTESIAN_POINT('',(1.60550899867124,-3.128645,-1.83271780914922));
#6156=CARTESIAN_POINT('',(1.65033885970065,-1.83271780914923,-3.12864499999999));
#6157=CARTESIAN_POINT('',(1.71611837363041,-9.21923111397061E-16,-3.12864499999999));
#6158=CARTESIAN_POINT('',(1.78189788756015,1.83271780914922,-3.12864499999999));
#6159=CARTESIAN_POINT('',(1.82672774858955,3.128645,-1.83271780914923));
#6160=CARTESIAN_POINT('',(1.89250726251928,3.128645,6.21487453671075E-15));
#6161=CARTESIAN_POINT('',(1.95828677644903,3.128645,1.83271780914924));
#6162=CARTESIAN_POINT('',(2.00311663747841,1.83271780914924,3.12864500000002));
#6163=CARTESIAN_POINT('',(2.06889615140817,1.23729540127776E-14,3.12864500000001));
#6164=CARTESIAN_POINT('',(2.13467566533791,-1.83271780914922,3.12864500000002));
#6165=CARTESIAN_POINT('',(2.17950552636732,-3.128645,1.83271780914926));
#6166=CARTESIAN_POINT('',(2.24528504029705,-3.128645,2.15921692601909E-14));
#6167=CARTESIAN_POINT('',(2.31106455422683,-3.128645,-1.83271780914922));
#6168=CARTESIAN_POINT('',(2.35589441525621,-1.83271780914923,-3.12864499999999));
#6169=CARTESIAN_POINT('',(2.42167392918597,-2.00220904548957E-15,-3.12864499999998));
#6170=CARTESIAN_POINT('',(2.48745344311571,1.83271780914923,-3.12864499999999));
#6171=CARTESIAN_POINT('',(2.53228330414511,3.128645,-1.83271780914922));
#6172=CARTESIAN_POINT('',(2.59806281807484,3.128645,1.9021997208062E-14));
#6173=CARTESIAN_POINT('',(2.63250168718914,3.128645,0.959519537042005));
#6174=CARTESIAN_POINT('',(2.66415870378055,2.71476150066896,1.85651057650789));
#6175=CARTESIAN_POINT('',(2.70065746088848,1.91222502098408,2.47625019033771));
#6182=COLOUR_RGB('',0.764705896377563,0.705882370471954,0.239215686917305);
#6183=CARTESIAN_POINT('',(0.48139615140816,3.128645,5.77565570785279E-15));
#6184=CARTESIAN_POINT('',(0.59669765925771,3.128645,5.95775004965249E-15));
#6185=CARTESIAN_POINT('',(0.99060246088847,3.128645,1.04551494743009E-14));
#6186=VECTOR('',#7853,1.0);
#6188=CARTESIAN_POINT('',(-0.719452539111537,-0.931454223474879,2.98677293505814));
#6189=CARTESIAN_POINT('',(-0.66761640648683,-2.31280040465136,2.55598667761113));
#6190=CARTESIAN_POINT('',(-0.62693064901197,-3.128645,1.39289441343285));
#6191=CARTESIAN_POINT('',(-0.57693718192518,-3.128645,8.6058006416611E-15));
#6192=CARTESIAN_POINT('',(-0.51115766799543,-3.128645,-1.83271780914923));
#6193=CARTESIAN_POINT('',(-0.46632780696602,-1.83271780914923,-3.128645));
#6194=CARTESIAN_POINT('',(-0.40054829303628,1.45470594360645E-15,-3.12864499999999));
#6195=CARTESIAN_POINT('',(-0.33476877910654,1.83271780914922,-3.128645));
#6196=CARTESIAN_POINT('',(-0.28993891807714,3.128645,-1.83271780914923));
#6197=CARTESIAN_POINT('',(-0.2241594041474,3.128645,1.49842766634348E-15));
#6198=CARTESIAN_POINT('',(-0.15837989021766,3.128645,1.83271780914924));
#6199=CARTESIAN_POINT('',(-0.11355002918826,1.83271780914923,3.12864500000001));
#6200=CARTESIAN_POINT('',(-0.0477705152585195,-8.06534383150948E-16,3.12864500000001));
#6201=CARTESIAN_POINT('',(0.0180089986712204,-1.83271780914922,3.12864500000001));
#6202=CARTESIAN_POINT('',(0.0628388597006404,-3.128645,1.83271780914924));
#6203=CARTESIAN_POINT('',(0.12861837363038,-3.128645,1.19064070929982E-14));
#6204=CARTESIAN_POINT('',(0.19439788756013,-3.128645,-1.83271780914923));
#6205=CARTESIAN_POINT('',(0.23922774858954,-1.83271780914923,-3.128645));
#6206=CARTESIAN_POINT('',(0.30500726251928,3.74420009513944E-16,-3.12864499999999));
#6207=CARTESIAN_POINT('',(0.37078677644902,1.83271780914922,-3.12864499999999));
#6208=CARTESIAN_POINT('',(0.41561663747842,3.128645,-1.83271780914922));
#6209=CARTESIAN_POINT('',(0.48139615140816,3.128645,2.85451943631406E-15));
#6210=CARTESIAN_POINT('',(0.54717566533789,3.128645,1.83271780914924));
#6211=CARTESIAN_POINT('',(0.5920055263673,1.83271780914923,3.12864500000001));
#6212=CARTESIAN_POINT('',(0.65778504029705,5.76943641230577E-17,3.12864500000001));
#6213=CARTESIAN_POINT('',(0.72356455422678,-1.83271780914922,3.12864500000001));
#6214=CARTESIAN_POINT('',(0.76839441525619,-3.128645,1.83271780914924));
#6215=CARTESIAN_POINT('',(0.83417392918593,-3.128645,1.49909563575168E-14));
#6216=CARTESIAN_POINT('',(0.89995344311568,-3.128645,-1.83271780914922));
#6217=CARTESIAN_POINT('',(0.94478330414512,-1.83271780914923,-3.12864499999999));
#6218=CARTESIAN_POINT('',(1.01056281807485,-2.73751550941559E-16,-3.12864499999999));
#6219=CARTESIAN_POINT('',(1.07634233200459,1.83271780914922,-3.12864499999999));
#6220=CARTESIAN_POINT('',(1.12117219303399,3.128645,-1.83271780914922));
#6221=CARTESIAN_POINT('',(1.18695170696372,3.128645,4.85878276674017E-15));
#6222=CARTESIAN_POINT('',(1.25273122089345,3.128645,1.83271780914924));
#6223=CARTESIAN_POINT('',(1.29756108192285,1.83271780914923,3.12864500000001));
#6224=CARTESIAN_POINT('',(1.36334059585261,4.8980873776006E-16,3.12864500000001));
#6225=CARTESIAN_POINT('',(1.42912010978235,-1.83271780914922,3.12864500000001));
#6226=CARTESIAN_POINT('',(1.47394997081176,-3.128645,1.83271780914924));
#6227=CARTESIAN_POINT('',(1.53972948474149,-3.128645,1.85076199956723E-14));
#6228=CARTESIAN_POINT('',(1.60550899867124,-3.128645,-1.83271780914922));
#6229=CARTESIAN_POINT('',(1.65033885970065,-1.83271780914923,-3.12864499999999));
#6230=CARTESIAN_POINT('',(1.71611837363041,-9.21923111397061E-16,-3.12864499999999));
#6231=CARTESIAN_POINT('',(1.78189788756015,1.83271780914922,-3.12864499999999));
#6232=CARTESIAN_POINT('',(1.82672774858955,3.128645,-1.83271780914923));
#6233=CARTESIAN_POINT('',(1.89250726251928,3.128645,6.21487453671075E-15));
#6234=CARTESIAN_POINT('',(1.95828677644903,3.128645,1.83271780914924));
#6235=CARTESIAN_POINT('',(2.00311663747841,1.83271780914924,3.12864500000002));
#6236=CARTESIAN_POINT('',(2.06889615140817,1.23729540127776E-14,3.12864500000001));
#6237=CARTESIAN_POINT('',(2.13467566533791,-1.83271780914922,3.12864500000002));
#6238=CARTESIAN_POINT('',(2.17950552636732,-3.128645,1.83271780914926));
#6239=CARTESIAN_POINT('',(2.24528504029705,-3.128645,2.15921692601909E-14));
#6240=CARTESIAN_POINT('',(2.31106455422683,-3.128645,-1.83271780914922));
#6241=CARTESIAN_POINT('',(2.35589441525621,-1.83271780914923,-3.12864499999999));
#6242=CARTESIAN_POINT('',(2.42167392918597,-2.00220904548957E-15,-3.12864499999998));
#6243=CARTESIAN_POINT('',(2.48745344311571,1.83271780914923,-3.12864499999999));
#6244=CARTESIAN_POINT('',(2.53228330414511,3.128645,-1.83271780914922));
#6245=CARTESIAN_POINT('',(2.59806281807484,3.128645,1.9021997208062E-14));
#6246=CARTESIAN_POINT('',(2.63250168718914,3.128645,0.959519537042005));
#6247=CARTESIAN_POINT('',(2.66415870378055,2.71476150066896,1.85651057650789));
#6248=CARTESIAN_POINT('',(2.70065746088848,1.91222502098408,2.47625019033771));
#6256=CARTESIAN_POINT('',(-0.719452539111538,2.07552023828031,2.34107566655029));
#6257=CARTESIAN_POINT('',(-0.690843259397126,1.48103769372105,2.86812422382964));
#6258=CARTESIAN_POINT('',(-0.665017141873747,0.752054509472658,3.128645));
#6259=CARTESIAN_POINT('',(-0.63802456296453,-8.06534383150948E-16,3.128645));
#6260=CARTESIAN_POINT('',(-0.57224504903479,-1.83271780914922,3.12864500000001));
#6261=CARTESIAN_POINT('',(-0.52741518800537,-3.128645,1.83271780914924));
#6262=CARTESIAN_POINT('',(-0.46163567407563,-3.128645,9.86818091755327E-15));
#6263=CARTESIAN_POINT('',(-0.39585616014588,-3.128645,-1.83271780914923));
#6264=CARTESIAN_POINT('',(-0.35102629911647,-1.83271780914923,-3.128645));
#6265=CARTESIAN_POINT('',(-0.28524678518673,3.74420009513944E-16,-3.12864499999999));
#6266=CARTESIAN_POINT('',(-0.21946727125699,1.83271780914922,-3.128645));
#6267=CARTESIAN_POINT('',(-0.17463741022758,3.128645,-1.83271780914923));
#6268=CARTESIAN_POINT('',(-0.10885789629785,3.128645,8.16293260869149E-16));
#6269=CARTESIAN_POINT('',(-0.0430783823681198,3.128645,1.83271780914924));
#6270=CARTESIAN_POINT('',(0.00175147866129022,1.83271780914923,3.12864500000001));
#6271=CARTESIAN_POINT('',(0.0675309925910301,5.76943641230577E-17,3.12864500000001));
#6272=CARTESIAN_POINT('',(0.13331050652077,-1.83271780914922,3.12864500000001));
#6273=CARTESIAN_POINT('',(0.17814036755018,-3.128645,1.83271780914924));
#6274=CARTESIAN_POINT('',(0.24391988147993,-3.128645,1.29527301820719E-14));
#6275=CARTESIAN_POINT('',(0.30969939540968,-3.128645,-1.83271780914923));
#6276=CARTESIAN_POINT('',(0.35452925643909,-1.83271780914923,-3.128645));
#6277=CARTESIAN_POINT('',(0.42030877036883,-2.73751550941559E-16,-3.12864499999999));
#6278=CARTESIAN_POINT('',(0.48608828429857,1.83271780914922,-3.12864499999999));
#6279=CARTESIAN_POINT('',(0.53091814532798,3.128645,-1.83271780914922));
#6280=CARTESIAN_POINT('',(0.59669765925771,3.128645,2.82055659129526E-15));
#6281=CARTESIAN_POINT('',(0.66247717318745,3.128645,1.83271780914924));
#6282=CARTESIAN_POINT('',(0.70730703421685,1.83271780914923,3.12864500000001));
#6283=CARTESIAN_POINT('',(0.77308654814658,4.8980873776006E-16,3.12864500000001));
#6284=CARTESIAN_POINT('',(0.83886606207634,-1.83271780914922,3.12864500000001));
#6285=CARTESIAN_POINT('',(0.88369592310575,-3.128645,1.83271780914924));
#6286=CARTESIAN_POINT('',(0.94947543703549,-3.128645,1.64693938202275E-14));
#6287=CARTESIAN_POINT('',(1.01525495096524,-3.128645,-1.83271780914922));
#6288=CARTESIAN_POINT('',(1.06008481199465,-1.83271780914923,-3.12864499999999));
#6289=CARTESIAN_POINT('',(1.12586432592438,-9.21923111397061E-16,-3.12864499999999));
#6290=CARTESIAN_POINT('',(1.19164383985412,1.83271780914922,-3.12864499999999));
#6291=CARTESIAN_POINT('',(1.23647370088354,3.128645,-1.83271780914923));
#6292=CARTESIAN_POINT('',(1.30225321481327,3.128645,4.17664836126586E-15));
#6293=CARTESIAN_POINT('',(1.368032728743,3.128645,1.83271780914923));
#6294=CARTESIAN_POINT('',(1.41286258977241,1.83271780914924,3.12864500000001));
#6295=CARTESIAN_POINT('',(1.47864210370214,1.23729540127776E-14,3.12864500000001));
#6296=CARTESIAN_POINT('',(1.54442161763188,-1.83271780914922,3.12864500000001));
#6297=CARTESIAN_POINT('',(1.58925147866132,-3.128645,1.83271780914925));
#6298=CARTESIAN_POINT('',(1.65503099259105,-3.128645,1.95539430847461E-14));
#6299=CARTESIAN_POINT('',(1.7208105065208,-3.128645,-1.83271780914922));
#6300=CARTESIAN_POINT('',(1.76564036755021,-1.83271780914923,-3.12864499999999));
#6301=CARTESIAN_POINT('',(1.83141988147994,-2.00220904548957E-15,-3.12864499999999));
#6302=CARTESIAN_POINT('',(1.89719939540968,1.83271780914923,-3.12864499999999));
#6303=CARTESIAN_POINT('',(1.94202925643911,3.128645,-1.83271780914922));
#6304=CARTESIAN_POINT('',(2.00780877036884,3.128645,1.6983771032617E-14));
#6305=CARTESIAN_POINT('',(2.07358828429857,3.128645,1.83271780914924));
#6306=CARTESIAN_POINT('',(2.11841814532797,1.83271780914924,3.12864500000002));
#6307=CARTESIAN_POINT('',(2.1841976592577,1.34532399468701E-14,3.12864500000001));
#6308=CARTESIAN_POINT('',(2.24997717318744,-1.83271780914922,3.12864500000002));
#6309=CARTESIAN_POINT('',(2.29480703421688,-3.128645,1.83271780914926));
#6310=CARTESIAN_POINT('',(2.36058654814661,-3.128645,2.26384923492647E-14));
#6311=CARTESIAN_POINT('',(2.42636606207636,-3.128645,-1.83271780914922));
#6312=CARTESIAN_POINT('',(2.47119592310577,-1.83271780914923,-3.12864499999999));
#6313=CARTESIAN_POINT('',(2.5369754370355,-2.65038060594508E-15,-3.12864499999998));
#6314=CARTESIAN_POINT('',(2.59646778338057,1.65754770962793,-3.12864499999999));
#6315=CARTESIAN_POINT('',(2.64027467844592,2.91785055965529,-2.02954227571809));
#6316=CARTESIAN_POINT('',(2.70065746088848,3.10857558035043,-0.353804179277132));
#6323=COLOUR_RGB('',0.764705896377563,0.705882370471954,0.239215686917305);
#6324=CARTESIAN_POINT('',(0.24391988147993,-3.128645,1.00315939105332E-14));
#6326=CARTESIAN_POINT('',(-0.719452539111538,2.07552023828031,2.34107566655029));
#6327=CARTESIAN_POINT('',(-0.690843259397126,1.48103769372105,2.86812422382964));
#6328=CARTESIAN_POINT('',(-0.665017141873747,0.752054509472658,3.128645));
#6329=CARTESIAN_POINT('',(-0.63802456296453,-8.06534383150948E-16,3.128645));
#6330=CARTESIAN_POINT('',(-0.57224504903479,-1.83271780914922,3.12864500000001));
#6331=CARTESIAN_POINT('',(-0.52741518800537,-3.128645,1.83271780914924));
#6332=CARTESIAN_POINT('',(-0.46163567407563,-3.128645,9.86818091755327E-15));
#6333=CARTESIAN_POINT('',(-0.39585616014588,-3.128645,-1.83271780914923));
#6334=CARTESIAN_POINT('',(-0.35102629911647,-1.83271780914923,-3.128645));
#6335=CARTESIAN_POINT('',(-0.28524678518673,3.74420009513944E-16,-3.12864499999999));
#6336=CARTESIAN_POINT('',(-0.21946727125699,1.83271780914922,-3.128645));
#6337=CARTESIAN_POINT('',(-0.17463741022758,3.128645,-1.83271780914923));
#6338=CARTESIAN_POINT('',(-0.10885789629785,3.128645,8.16293260869149E-16));
#6339=CARTESIAN_POINT('',(-0.0430783823681198,3.128645,1.83271780914924));
#6340=CARTESIAN_POINT('',(0.00175147866129022,1.83271780914923,3.12864500000001));
#6341=CARTESIAN_POINT('',(0.0675309925910301,5.76943641230577E-17,3.12864500000001));
#6342=CARTESIAN_POINT('',(0.13331050652077,-1.83271780914922,3.12864500000001));
#6343=CARTESIAN_POINT('',(0.17814036755018,-3.128645,1.83271780914924));
#6344=CARTESIAN_POINT('',(0.24391988147993,-3.128645,1.29527301820719E-14));
#6345=CARTESIAN_POINT('',(0.30969939540968,-3.128645,-1.83271780914923));
#6346=CARTESIAN_POINT('',(0.35452925643909,-1.83271780914923,-3.128645));
#6347=CARTESIAN_POINT('',(0.42030877036883,-2.73751550941559E-16,-3.12864499999999));
#6348=CARTESIAN_POINT('',(0.48608828429857,1.83271780914922,-3.12864499999999));
#6349=CARTESIAN_POINT('',(0.53091814532798,3.128645,-1.83271780914922));
#6350=CARTESIAN_POINT('',(0.59669765925771,3.128645,2.82055659129526E-15));
#6351=CARTESIAN_POINT('',(0.66247717318745,3.128645,1.83271780914924));
#6352=CARTESIAN_POINT('',(0.70730703421685,1.83271780914923,3.12864500000001));
#6353=CARTESIAN_POINT('',(0.77308654814658,4.8980873776006E-16,3.12864500000001));
#6354=CARTESIAN_POINT('',(0.83886606207634,-1.83271780914922,3.12864500000001));
#6355=CARTESIAN_POINT('',(0.88369592310575,-3.128645,1.83271780914924));
#6356=CARTESIAN_POINT('',(0.94947543703549,-3.128645,1.64693938202275E-14));
#6357=CARTESIAN_POINT('',(1.01525495096524,-3.128645,-1.83271780914922));
#6358=CARTESIAN_POINT('',(1.06008481199465,-1.83271780914923,-3.12864499999999));
#6359=CARTESIAN_POINT('',(1.12586432592438,-9.21923111397061E-16,-3.12864499999999));
#6360=CARTESIAN_POINT('',(1.19164383985412,1.83271780914922,-3.12864499999999));
#6361=CARTESIAN_POINT('',(1.23647370088354,3.128645,-1.83271780914923));
#6362=CARTESIAN_POINT('',(1.30225321481327,3.128645,4.17664836126586E-15));
#6363=CARTESIAN_POINT('',(1.368032728743,3.128645,1.83271780914923));
#6364=CARTESIAN_POINT('',(1.41286258977241,1.83271780914924,3.12864500000001));
#6365=CARTESIAN_POINT('',(1.47864210370214,1.23729540127776E-14,3.12864500000001));
#6366=CARTESIAN_POINT('',(1.54442161763188,-1.83271780914922,3.12864500000001));
#6367=CARTESIAN_POINT('',(1.58925147866132,-3.128645,1.83271780914925));
#6368=CARTESIAN_POINT('',(1.65503099259105,-3.128645,1.95539430847461E-14));
#6369=CARTESIAN_POINT('',(1.7208105065208,-3.128645,-1.83271780914922));
#6370=CARTESIAN_POINT('',(1.76564036755021,-1.83271780914923,-3.12864499999999));
#6371=CARTESIAN_POINT('',(1.83141988147994,-2.00220904548957E-15,-3.12864499999999));
#6372=CARTESIAN_POINT('',(1.89719939540968,1.83271780914923,-3.12864499999999));
#6373=CARTESIAN_POINT('',(1.94202925643911,3.128645,-1.83271780914922));
#6374=CARTESIAN_POINT('',(2.00780877036884,3.128645,1.6983771032617E-14));
#6375=CARTESIAN_POINT('',(2.07358828429857,3.128645,1.83271780914924));
#6376=CARTESIAN_POINT('',(2.11841814532797,1.83271780914924,3.12864500000002));
#6377=CARTESIAN_POINT('',(2.1841976592577,1.34532399468701E-14,3.12864500000001));
#6378=CARTESIAN_POINT('',(2.24997717318744,-1.83271780914922,3.12864500000002));
#6379=CARTESIAN_POINT('',(2.29480703421688,-3.128645,1.83271780914926));
#6380=CARTESIAN_POINT('',(2.36058654814661,-3.128645,2.26384923492647E-14));
#6381=CARTESIAN_POINT('',(2.42636606207636,-3.128645,-1.83271780914922));
#6382=CARTESIAN_POINT('',(2.47119592310577,-1.83271780914923,-3.12864499999999));
#6383=CARTESIAN_POINT('',(2.5369754370355,-2.65038060594508E-15,-3.12864499999998));
#6384=CARTESIAN_POINT('',(2.59646778338057,1.65754770962793,-3.12864499999999));
#6385=CARTESIAN_POINT('',(2.64027467844592,2.91785055965529,-2.02954227571809));
#6386=CARTESIAN_POINT('',(2.70065746088848,3.10857558035043,-0.353804179277132));
#6393=CARTESIAN_POINT('',(0.12861837363038,-3.128645,9.30935660168725E-15));
#6394=CARTESIAN_POINT('',(0.99060246088847,-3.128645,9.68885245731724E-15));
#6395=VECTOR('',#7854,1.0);
#6397=CARTESIAN_POINT('',(-0.719452539111537,-0.931454223474879,2.98677293505814));
#6398=CARTESIAN_POINT('',(-0.66761640648683,-2.31280040465136,2.55598667761113));
#6399=CARTESIAN_POINT('',(-0.62693064901197,-3.128645,1.39289441343285));
#6400=CARTESIAN_POINT('',(-0.57693718192518,-3.128645,8.6058006416611E-15));
#6401=CARTESIAN_POINT('',(-0.51115766799543,-3.128645,-1.83271780914923));
#6402=CARTESIAN_POINT('',(-0.46632780696602,-1.83271780914923,-3.128645));
#6403=CARTESIAN_POINT('',(-0.40054829303628,1.45470594360645E-15,-3.12864499999999));
#6404=CARTESIAN_POINT('',(-0.33476877910654,1.83271780914922,-3.128645));
#6405=CARTESIAN_POINT('',(-0.28993891807714,3.128645,-1.83271780914923));
#6406=CARTESIAN_POINT('',(-0.2241594041474,3.128645,1.49842766634348E-15));
#6407=CARTESIAN_POINT('',(-0.15837989021766,3.128645,1.83271780914924));
#6408=CARTESIAN_POINT('',(-0.11355002918826,1.83271780914923,3.12864500000001));
#6409=CARTESIAN_POINT('',(-0.0477705152585195,-8.06534383150948E-16,3.12864500000001));
#6410=CARTESIAN_POINT('',(0.0180089986712204,-1.83271780914922,3.12864500000001));
#6411=CARTESIAN_POINT('',(0.0628388597006404,-3.128645,1.83271780914924));
#6412=CARTESIAN_POINT('',(0.12861837363038,-3.128645,1.19064070929982E-14));
#6413=CARTESIAN_POINT('',(0.19439788756013,-3.128645,-1.83271780914923));
#6414=CARTESIAN_POINT('',(0.23922774858954,-1.83271780914923,-3.128645));
#6415=CARTESIAN_POINT('',(0.30500726251928,3.74420009513944E-16,-3.12864499999999));
#6416=CARTESIAN_POINT('',(0.37078677644902,1.83271780914922,-3.12864499999999));
#6417=CARTESIAN_POINT('',(0.41561663747842,3.128645,-1.83271780914922));
#6418=CARTESIAN_POINT('',(0.48139615140816,3.128645,2.85451943631406E-15));
#6419=CARTESIAN_POINT('',(0.54717566533789,3.128645,1.83271780914924));
#6420=CARTESIAN_POINT('',(0.5920055263673,1.83271780914923,3.12864500000001));
#6421=CARTESIAN_POINT('',(0.65778504029705,5.76943641230577E-17,3.12864500000001));
#6422=CARTESIAN_POINT('',(0.72356455422678,-1.83271780914922,3.12864500000001));
#6423=CARTESIAN_POINT('',(0.76839441525619,-3.128645,1.83271780914924));
#6424=CARTESIAN_POINT('',(0.83417392918593,-3.128645,1.49909563575168E-14));
#6425=CARTESIAN_POINT('',(0.89995344311568,-3.128645,-1.83271780914922));
#6426=CARTESIAN_POINT('',(0.94478330414512,-1.83271780914923,-3.12864499999999));
#6427=CARTESIAN_POINT('',(1.01056281807485,-2.73751550941559E-16,-3.12864499999999));
#6428=CARTESIAN_POINT('',(1.07634233200459,1.83271780914922,-3.12864499999999));
#6429=CARTESIAN_POINT('',(1.12117219303399,3.128645,-1.83271780914922));
#6430=CARTESIAN_POINT('',(1.18695170696372,3.128645,4.85878276674017E-15));
#6431=CARTESIAN_POINT('',(1.25273122089345,3.128645,1.83271780914924));
#6432=CARTESIAN_POINT('',(1.29756108192285,1.83271780914923,3.12864500000001));
#6433=CARTESIAN_POINT('',(1.36334059585261,4.8980873776006E-16,3.12864500000001));
#6434=CARTESIAN_POINT('',(1.42912010978235,-1.83271780914922,3.12864500000001));
#6435=CARTESIAN_POINT('',(1.47394997081176,-3.128645,1.83271780914924));
#6436=CARTESIAN_POINT('',(1.53972948474149,-3.128645,1.85076199956723E-14));
#6437=CARTESIAN_POINT('',(1.60550899867124,-3.128645,-1.83271780914922));
#6438=CARTESIAN_POINT('',(1.65033885970065,-1.83271780914923,-3.12864499999999));
#6439=CARTESIAN_POINT('',(1.71611837363041,-9.21923111397061E-16,-3.12864499999999));
#6440=CARTESIAN_POINT('',(1.78189788756015,1.83271780914922,-3.12864499999999));
#6441=CARTESIAN_POINT('',(1.82672774858955,3.128645,-1.83271780914923));
#6442=CARTESIAN_POINT('',(1.89250726251928,3.128645,6.21487453671075E-15));
#6443=CARTESIAN_POINT('',(1.95828677644903,3.128645,1.83271780914924));
#6444=CARTESIAN_POINT('',(2.00311663747841,1.83271780914924,3.12864500000002));
#6445=CARTESIAN_POINT('',(2.06889615140817,1.23729540127776E-14,3.12864500000001));
#6446=CARTESIAN_POINT('',(2.13467566533791,-1.83271780914922,3.12864500000002));
#6447=CARTESIAN_POINT('',(2.17950552636732,-3.128645,1.83271780914926));
#6448=CARTESIAN_POINT('',(2.24528504029705,-3.128645,2.15921692601909E-14));
#6449=CARTESIAN_POINT('',(2.31106455422683,-3.128645,-1.83271780914922));
#6450=CARTESIAN_POINT('',(2.35589441525621,-1.83271780914923,-3.12864499999999));
#6451=CARTESIAN_POINT('',(2.42167392918597,-2.00220904548957E-15,-3.12864499999998));
#6452=CARTESIAN_POINT('',(2.48745344311571,1.83271780914923,-3.12864499999999));
#6453=CARTESIAN_POINT('',(2.53228330414511,3.128645,-1.83271780914922));
#6454=CARTESIAN_POINT('',(2.59806281807484,3.128645,1.9021997208062E-14));
#6455=CARTESIAN_POINT('',(2.63250168718914,3.128645,0.959519537042005));
#6456=CARTESIAN_POINT('',(2.66415870378055,2.71476150066896,1.85651057650789));
#6457=CARTESIAN_POINT('',(2.70065746088848,1.91222502098408,2.47625019033771));
#6464=COLOUR_RGB('',0.764705896377563,0.705882370471954,0.239215686917305);
#6465=CARTESIAN_POINT('',(-0.46163567407563,-3.128645,7.27113042624233E-15));
#6466=CARTESIAN_POINT('',(-0.57693718192518,-3.128645,6.44086452398714E-15));
#6467=CARTESIAN_POINT('',(0.99060246088847,-3.128645,9.68885245731724E-15));
#6468=VECTOR('',#7855,1.0);
#6470=CARTESIAN_POINT('',(-0.719452539111538,2.07552023828031,2.34107566655029));
#6471=CARTESIAN_POINT('',(-0.690843259397126,1.48103769372105,2.86812422382964));
#6472=CARTESIAN_POINT('',(-0.665017141873747,0.752054509472658,3.128645));
#6473=CARTESIAN_POINT('',(-0.63802456296453,-8.06534383150948E-16,3.128645));
#6474=CARTESIAN_POINT('',(-0.57224504903479,-1.83271780914922,3.12864500000001));
#6475=CARTESIAN_POINT('',(-0.52741518800537,-3.128645,1.83271780914924));
#6476=CARTESIAN_POINT('',(-0.46163567407563,-3.128645,9.86818091755327E-15));
#6477=CARTESIAN_POINT('',(-0.39585616014588,-3.128645,-1.83271780914923));
#6478=CARTESIAN_POINT('',(-0.35102629911647,-1.83271780914923,-3.128645));
#6479=CARTESIAN_POINT('',(-0.28524678518673,3.74420009513944E-16,-3.12864499999999));
#6480=CARTESIAN_POINT('',(-0.21946727125699,1.83271780914922,-3.128645));
#6481=CARTESIAN_POINT('',(-0.17463741022758,3.128645,-1.83271780914923));
#6482=CARTESIAN_POINT('',(-0.10885789629785,3.128645,8.16293260869149E-16));
#6483=CARTESIAN_POINT('',(-0.0430783823681198,3.128645,1.83271780914924));
#6484=CARTESIAN_POINT('',(0.00175147866129022,1.83271780914923,3.12864500000001));
#6485=CARTESIAN_POINT('',(0.0675309925910301,5.76943641230577E-17,3.12864500000001));
#6486=CARTESIAN_POINT('',(0.13331050652077,-1.83271780914922,3.12864500000001));
#6487=CARTESIAN_POINT('',(0.17814036755018,-3.128645,1.83271780914924));
#6488=CARTESIAN_POINT('',(0.24391988147993,-3.128645,1.29527301820719E-14));
#6489=CARTESIAN_POINT('',(0.30969939540968,-3.128645,-1.83271780914923));
#6490=CARTESIAN_POINT('',(0.35452925643909,-1.83271780914923,-3.128645));
#6491=CARTESIAN_POINT('',(0.42030877036883,-2.73751550941559E-16,-3.12864499999999));
#6492=CARTESIAN_POINT('',(0.48608828429857,1.83271780914922,-3.12864499999999));
#6493=CARTESIAN_POINT('',(0.53091814532798,3.128645,-1.83271780914922));
#6494=CARTESIAN_POINT('',(0.59669765925771,3.128645,2.82055659129526E-15));
#6495=CARTESIAN_POINT('',(0.66247717318745,3.128645,1.83271780914924));
#6496=CARTESIAN_POINT('',(0.70730703421685,1.83271780914923,3.12864500000001));
#6497=CARTESIAN_POINT('',(0.77308654814658,4.8980873776006E-16,3.12864500000001));
#6498=CARTESIAN_POINT('',(0.83886606207634,-1.83271780914922,3.12864500000001));
#6499=CARTESIAN_POINT('',(0.88369592310575,-3.128645,1.83271780914924));
#6500=CARTESIAN_POINT('',(0.94947543703549,-3.128645,1.64693938202275E-14));
#6501=CARTESIAN_POINT('',(1.01525495096524,-3.128645,-1.83271780914922));
#6502=CARTESIAN_POINT('',(1.06008481199465,-1.83271780914923,-3.12864499999999));
#6503=CARTESIAN_POINT('',(1.12586432592438,-9.21923111397061E-16,-3.12864499999999));
#6504=CARTESIAN_POINT('',(1.19164383985412,1.83271780914922,-3.12864499999999));
#6505=CARTESIAN_POINT('',(1.23647370088354,3.128645,-1.83271780914923));
#6506=CARTESIAN_POINT('',(1.30225321481327,3.128645,4.17664836126586E-15));
#6507=CARTESIAN_POINT('',(1.368032728743,3.128645,1.83271780914923));
#6508=CARTESIAN_POINT('',(1.41286258977241,1.83271780914924,3.12864500000001));
#6509=CARTESIAN_POINT('',(1.47864210370214,1.23729540127776E-14,3.12864500000001));
#6510=CARTESIAN_POINT('',(1.54442161763188,-1.83271780914922,3.12864500000001));
#6511=CARTESIAN_POINT('',(1.58925147866132,-3.128645,1.83271780914925));
#6512=CARTESIAN_POINT('',(1.65503099259105,-3.128645,1.95539430847461E-14));
#6513=CARTESIAN_POINT('',(1.7208105065208,-3.128645,-1.83271780914922));
#6514=CARTESIAN_POINT('',(1.76564036755021,-1.83271780914923,-3.12864499999999));
#6515=CARTESIAN_POINT('',(1.83141988147994,-2.00220904548957E-15,-3.12864499999999));
#6516=CARTESIAN_POINT('',(1.89719939540968,1.83271780914923,-3.12864499999999));
#6517=CARTESIAN_POINT('',(1.94202925643911,3.128645,-1.83271780914922));
#6518=CARTESIAN_POINT('',(2.00780877036884,3.128645,1.6983771032617E-14));
#6519=CARTESIAN_POINT('',(2.07358828429857,3.128645,1.83271780914924));
#6520=CARTESIAN_POINT('',(2.11841814532797,1.83271780914924,3.12864500000002));
#6521=CARTESIAN_POINT('',(2.1841976592577,1.34532399468701E-14,3.12864500000001));
#6522=CARTESIAN_POINT('',(2.24997717318744,-1.83271780914922,3.12864500000002));
#6523=CARTESIAN_POINT('',(2.29480703421688,-3.128645,1.83271780914926));
#6524=CARTESIAN_POINT('',(2.36058654814661,-3.128645,2.26384923492647E-14));
#6525=CARTESIAN_POINT('',(2.42636606207636,-3.128645,-1.83271780914922));
#6526=CARTESIAN_POINT('',(2.47119592310577,-1.83271780914923,-3.12864499999999));
#6527=CARTESIAN_POINT('',(2.5369754370355,-2.65038060594508E-15,-3.12864499999998));
#6528=CARTESIAN_POINT('',(2.59646778338057,1.65754770962793,-3.12864499999999));
#6529=CARTESIAN_POINT('',(2.64027467844592,2.91785055965529,-2.02954227571809));
#6530=CARTESIAN_POINT('',(2.70065746088848,3.10857558035043,-0.353804179277132));
#6538=CARTESIAN_POINT('',(-0.719452539111537,-0.931454223474879,2.98677293505814));
#6539=CARTESIAN_POINT('',(-0.66761640648683,-2.31280040465136,2.55598667761113));
#6540=CARTESIAN_POINT('',(-0.62693064901197,-3.128645,1.39289441343285));
#6541=CARTESIAN_POINT('',(-0.57693718192518,-3.128645,8.6058006416611E-15));
#6542=CARTESIAN_POINT('',(-0.51115766799543,-3.128645,-1.83271780914923));
#6543=CARTESIAN_POINT('',(-0.46632780696602,-1.83271780914923,-3.128645));
#6544=CARTESIAN_POINT('',(-0.40054829303628,1.45470594360645E-15,-3.12864499999999));
#6545=CARTESIAN_POINT('',(-0.33476877910654,1.83271780914922,-3.128645));
#6546=CARTESIAN_POINT('',(-0.28993891807714,3.128645,-1.83271780914923));
#6547=CARTESIAN_POINT('',(-0.2241594041474,3.128645,1.49842766634348E-15));
#6548=CARTESIAN_POINT('',(-0.15837989021766,3.128645,1.83271780914924));
#6549=CARTESIAN_POINT('',(-0.11355002918826,1.83271780914923,3.12864500000001));
#6550=CARTESIAN_POINT('',(-0.0477705152585195,-8.06534383150948E-16,3.12864500000001));
#6551=CARTESIAN_POINT('',(0.0180089986712204,-1.83271780914922,3.12864500000001));
#6552=CARTESIAN_POINT('',(0.0628388597006404,-3.128645,1.83271780914924));
#6553=CARTESIAN_POINT('',(0.12861837363038,-3.128645,1.19064070929982E-14));
#6554=CARTESIAN_POINT('',(0.19439788756013,-3.128645,-1.83271780914923));
#6555=CARTESIAN_POINT('',(0.23922774858954,-1.83271780914923,-3.128645));
#6556=CARTESIAN_POINT('',(0.30500726251928,3.74420009513944E-16,-3.12864499999999));
#6557=CARTESIAN_POINT('',(0.37078677644902,1.83271780914922,-3.12864499999999));
#6558=CARTESIAN_POINT('',(0.41561663747842,3.128645,-1.83271780914922));
#6559=CARTESIAN_POINT('',(0.48139615140816,3.128645,2.85451943631406E-15));
#6560=CARTESIAN_POINT('',(0.54717566533789,3.128645,1.83271780914924));
#6561=CARTESIAN_POINT('',(0.5920055263673,1.83271780914923,3.12864500000001));
#6562=CARTESIAN_POINT('',(0.65778504029705,5.76943641230577E-17,3.12864500000001));
#6563=CARTESIAN_POINT('',(0.72356455422678,-1.83271780914922,3.12864500000001));
#6564=CARTESIAN_POINT('',(0.76839441525619,-3.128645,1.83271780914924));
#6565=CARTESIAN_POINT('',(0.83417392918593,-3.128645,1.49909563575168E-14));
#6566=CARTESIAN_POINT('',(0.89995344311568,-3.128645,-1.83271780914922));
#6567=CARTESIAN_POINT('',(0.94478330414512,-1.83271780914923,-3.12864499999999));
#6568=CARTESIAN_POINT('',(1.01056281807485,-2.73751550941559E-16,-3.12864499999999));
#6569=CARTESIAN_POINT('',(1.07634233200459,1.83271780914922,-3.12864499999999));
#6570=CARTESIAN_POINT('',(1.12117219303399,3.128645,-1.83271780914922));
#6571=CARTESIAN_POINT('',(1.18695170696372,3.128645,4.85878276674017E-15));
#6572=CARTESIAN_POINT('',(1.25273122089345,3.128645,1.83271780914924));
#6573=CARTESIAN_POINT('',(1.29756108192285,1.83271780914923,3.12864500000001));
#6574=CARTESIAN_POINT('',(1.36334059585261,4.8980873776006E-16,3.12864500000001));
#6575=CARTESIAN_POINT('',(1.42912010978235,-1.83271780914922,3.12864500000001));
#6576=CARTESIAN_POINT('',(1.47394997081176,-3.128645,1.83271780914924));
#6577=CARTESIAN_POINT('',(1.53972948474149,-3.128645,1.85076199956723E-14));
#6578=CARTESIAN_POINT('',(1.60550899867124,-3.128645,-1.83271780914922));
#6579=CARTESIAN_POINT('',(1.65033885970065,-1.83271780914923,-3.12864499999999));
#6580=CARTESIAN_POINT('',(1.71611837363041,-9.21923111397061E-16,-3.12864499999999));
#6581=CARTESIAN_POINT('',(1.78189788756015,1.83271780914922,-3.12864499999999));
#6582=CARTESIAN_POINT('',(1.82672774858955,3.128645,-1.83271780914923));
#6583=CARTESIAN_POINT('',(1.89250726251928,3.128645,6.21487453671075E-15));
#6584=CARTESIAN_POINT('',(1.95828677644903,3.128645,1.83271780914924));
#6585=CARTESIAN_POINT('',(2.00311663747841,1.83271780914924,3.12864500000002));
#6586=CARTESIAN_POINT('',(2.06889615140817,1.23729540127776E-14,3.12864500000001));
#6587=CARTESIAN_POINT('',(2.13467566533791,-1.83271780914922,3.12864500000002));
#6588=CARTESIAN_POINT('',(2.17950552636732,-3.128645,1.83271780914926));
#6589=CARTESIAN_POINT('',(2.24528504029705,-3.128645,2.15921692601909E-14));
#6590=CARTESIAN_POINT('',(2.31106455422683,-3.128645,-1.83271780914922));
#6591=CARTESIAN_POINT('',(2.35589441525621,-1.83271780914923,-3.12864499999999));
#6592=CARTESIAN_POINT('',(2.42167392918597,-2.00220904548957E-15,-3.12864499999998));
#6593=CARTESIAN_POINT('',(2.48745344311571,1.83271780914923,-3.12864499999999));
#6594=CARTESIAN_POINT('',(2.53228330414511,3.128645,-1.83271780914922));
#6595=CARTESIAN_POINT('',(2.59806281807484,3.128645,1.9021997208062E-14));
#6596=CARTESIAN_POINT('',(2.63250168718914,3.128645,0.959519537042005));
#6597=CARTESIAN_POINT('',(2.66415870378055,2.71476150066896,1.85651057650789));
#6598=CARTESIAN_POINT('',(2.70065746088848,1.91222502098408,2.47625019033771));
#6605=COLOUR_RGB('',0.764705896377563,0.705882370471954,0.239215686917305);
#6606=CARTESIAN_POINT('',(-0.2241594041474,3.128645,3.87942097083595E-15));
#6607=CARTESIAN_POINT('',(-0.10885789629785,3.128645,3.73742953240788E-15));
#6608=CARTESIAN_POINT('',(0.99060246088847,3.128645,1.04551494743009E-14));
#6609=VECTOR('',#7856,1.0);
#6611=CARTESIAN_POINT('',(-0.719452539111537,-0.931454223474879,2.98677293505814));
#6612=CARTESIAN_POINT('',(-0.66761640648683,-2.31280040465136,2.55598667761113));
#6613=CARTESIAN_POINT('',(-0.62693064901197,-3.128645,1.39289441343285));
#6614=CARTESIAN_POINT('',(-0.57693718192518,-3.128645,8.6058006416611E-15));
#6615=CARTESIAN_POINT('',(-0.51115766799543,-3.128645,-1.83271780914923));
#6616=CARTESIAN_POINT('',(-0.46632780696602,-1.83271780914923,-3.128645));
#6617=CARTESIAN_POINT('',(-0.40054829303628,1.45470594360645E-15,-3.12864499999999));
#6618=CARTESIAN_POINT('',(-0.33476877910654,1.83271780914922,-3.128645));
#6619=CARTESIAN_POINT('',(-0.28993891807714,3.128645,-1.83271780914923));
#6620=CARTESIAN_POINT('',(-0.2241594041474,3.128645,1.49842766634348E-15));
#6621=CARTESIAN_POINT('',(-0.15837989021766,3.128645,1.83271780914924));
#6622=CARTESIAN_POINT('',(-0.11355002918826,1.83271780914923,3.12864500000001));
#6623=CARTESIAN_POINT('',(-0.0477705152585195,-8.06534383150948E-16,3.12864500000001));
#6624=CARTESIAN_POINT('',(0.0180089986712204,-1.83271780914922,3.12864500000001));
#6625=CARTESIAN_POINT('',(0.0628388597006404,-3.128645,1.83271780914924));
#6626=CARTESIAN_POINT('',(0.12861837363038,-3.128645,1.19064070929982E-14));
#6627=CARTESIAN_POINT('',(0.19439788756013,-3.128645,-1.83271780914923));
#6628=CARTESIAN_POINT('',(0.23922774858954,-1.83271780914923,-3.128645));
#6629=CARTESIAN_POINT('',(0.30500726251928,3.74420009513944E-16,-3.12864499999999));
#6630=CARTESIAN_POINT('',(0.37078677644902,1.83271780914922,-3.12864499999999));
#6631=CARTESIAN_POINT('',(0.41561663747842,3.128645,-1.83271780914922));
#6632=CARTESIAN_POINT('',(0.48139615140816,3.128645,2.85451943631406E-15));
#6633=CARTESIAN_POINT('',(0.54717566533789,3.128645,1.83271780914924));
#6634=CARTESIAN_POINT('',(0.5920055263673,1.83271780914923,3.12864500000001));
#6635=CARTESIAN_POINT('',(0.65778504029705,5.76943641230577E-17,3.12864500000001));
#6636=CARTESIAN_POINT('',(0.72356455422678,-1.83271780914922,3.12864500000001));
#6637=CARTESIAN_POINT('',(0.76839441525619,-3.128645,1.83271780914924));
#6638=CARTESIAN_POINT('',(0.83417392918593,-3.128645,1.49909563575168E-14));
#6639=CARTESIAN_POINT('',(0.89995344311568,-3.128645,-1.83271780914922));
#6640=CARTESIAN_POINT('',(0.94478330414512,-1.83271780914923,-3.12864499999999));
#6641=CARTESIAN_POINT('',(1.01056281807485,-2.73751550941559E-16,-3.12864499999999));
#6642=CARTESIAN_POINT('',(1.07634233200459,1.83271780914922,-3.12864499999999));
#6643=CARTESIAN_POINT('',(1.12117219303399,3.128645,-1.83271780914922));
#6644=CARTESIAN_POINT('',(1.18695170696372,3.128645,4.85878276674017E-15));
#6645=CARTESIAN_POINT('',(1.25273122089345,3.128645,1.83271780914924));
#6646=CARTESIAN_POINT('',(1.29756108192285,1.83271780914923,3.12864500000001));
#6647=CARTESIAN_POINT('',(1.36334059585261,4.8980873776006E-16,3.12864500000001));
#6648=CARTESIAN_POINT('',(1.42912010978235,-1.83271780914922,3.12864500000001));
#6649=CARTESIAN_POINT('',(1.47394997081176,-3.128645,1.83271780914924));
#6650=CARTESIAN_POINT('',(1.53972948474149,-3.128645,1.85076199956723E-14));
#6651=CARTESIAN_POINT('',(1.60550899867124,-3.128645,-1.83271780914922));
#6652=CARTESIAN_POINT('',(1.65033885970065,-1.83271780914923,-3.12864499999999));
#6653=CARTESIAN_POINT('',(1.71611837363041,-9.21923111397061E-16,-3.12864499999999));
#6654=CARTESIAN_POINT('',(1.78189788756015,1.83271780914922,-3.12864499999999));
#6655=CARTESIAN_POINT('',(1.82672774858955,3.128645,-1.83271780914923));
#6656=CARTESIAN_POINT('',(1.89250726251928,3.128645,6.21487453671075E-15));
#6657=CARTESIAN_POINT('',(1.95828677644903,3.128645,1.83271780914924));
#6658=CARTESIAN_POINT('',(2.00311663747841,1.83271780914924,3.12864500000002));
#6659=CARTESIAN_POINT('',(2.06889615140817,1.23729540127776E-14,3.12864500000001));
#6660=CARTESIAN_POINT('',(2.13467566533791,-1.83271780914922,3.12864500000002));
#6661=CARTESIAN_POINT('',(2.17950552636732,-3.128645,1.83271780914926));
#6662=CARTESIAN_POINT('',(2.24528504029705,-3.128645,2.15921692601909E-14));
#6663=CARTESIAN_POINT('',(2.31106455422683,-3.128645,-1.83271780914922));
#6664=CARTESIAN_POINT('',(2.35589441525621,-1.83271780914923,-3.12864499999999));
#6665=CARTESIAN_POINT('',(2.42167392918597,-2.00220904548957E-15,-3.12864499999998));
#6666=CARTESIAN_POINT('',(2.48745344311571,1.83271780914923,-3.12864499999999));
#6667=CARTESIAN_POINT('',(2.53228330414511,3.128645,-1.83271780914922));
#6668=CARTESIAN_POINT('',(2.59806281807484,3.128645,1.9021997208062E-14));
#6669=CARTESIAN_POINT('',(2.63250168718914,3.128645,0.959519537042005));
#6670=CARTESIAN_POINT('',(2.66415870378055,2.71476150066896,1.85651057650789));
#6671=CARTESIAN_POINT('',(2.70065746088848,1.91222502098408,2.47625019033771));
#6679=CARTESIAN_POINT('',(-0.719452539111538,2.07552023828031,2.34107566655029));
#6680=CARTESIAN_POINT('',(-0.690843259397126,1.48103769372105,2.86812422382964));
#6681=CARTESIAN_POINT('',(-0.665017141873747,0.752054509472658,3.128645));
#6682=CARTESIAN_POINT('',(-0.63802456296453,-8.06534383150948E-16,3.128645));
#6683=CARTESIAN_POINT('',(-0.57224504903479,-1.83271780914922,3.12864500000001));
#6684=CARTESIAN_POINT('',(-0.52741518800537,-3.128645,1.83271780914924));
#6685=CARTESIAN_POINT('',(-0.46163567407563,-3.128645,9.86818091755327E-15));
#6686=CARTESIAN_POINT('',(-0.39585616014588,-3.128645,-1.83271780914923));
#6687=CARTESIAN_POINT('',(-0.35102629911647,-1.83271780914923,-3.128645));
#6688=CARTESIAN_POINT('',(-0.28524678518673,3.74420009513944E-16,-3.12864499999999));
#6689=CARTESIAN_POINT('',(-0.21946727125699,1.83271780914922,-3.128645));
#6690=CARTESIAN_POINT('',(-0.17463741022758,3.128645,-1.83271780914923));
#6691=CARTESIAN_POINT('',(-0.10885789629785,3.128645,8.16293260869149E-16));
#6692=CARTESIAN_POINT('',(-0.0430783823681198,3.128645,1.83271780914924));
#6693=CARTESIAN_POINT('',(0.00175147866129022,1.83271780914923,3.12864500000001));
#6694=CARTESIAN_POINT('',(0.0675309925910301,5.76943641230577E-17,3.12864500000001));
#6695=CARTESIAN_POINT('',(0.13331050652077,-1.83271780914922,3.12864500000001));
#6696=CARTESIAN_POINT('',(0.17814036755018,-3.128645,1.83271780914924));
#6697=CARTESIAN_POINT('',(0.24391988147993,-3.128645,1.29527301820719E-14));
#6698=CARTESIAN_POINT('',(0.30969939540968,-3.128645,-1.83271780914923));
#6699=CARTESIAN_POINT('',(0.35452925643909,-1.83271780914923,-3.128645));
#6700=CARTESIAN_POINT('',(0.42030877036883,-2.73751550941559E-16,-3.12864499999999));
#6701=CARTESIAN_POINT('',(0.48608828429857,1.83271780914922,-3.12864499999999));
#6702=CARTESIAN_POINT('',(0.53091814532798,3.128645,-1.83271780914922));
#6703=CARTESIAN_POINT('',(0.59669765925771,3.128645,2.82055659129526E-15));
#6704=CARTESIAN_POINT('',(0.66247717318745,3.128645,1.83271780914924));
#6705=CARTESIAN_POINT('',(0.70730703421685,1.83271780914923,3.12864500000001));
#6706=CARTESIAN_POINT('',(0.77308654814658,4.8980873776006E-16,3.12864500000001));
#6707=CARTESIAN_POINT('',(0.83886606207634,-1.83271780914922,3.12864500000001));
#6708=CARTESIAN_POINT('',(0.88369592310575,-3.128645,1.83271780914924));
#6709=CARTESIAN_POINT('',(0.94947543703549,-3.128645,1.64693938202275E-14));
#6710=CARTESIAN_POINT('',(1.01525495096524,-3.128645,-1.83271780914922));
#6711=CARTESIAN_POINT('',(1.06008481199465,-1.83271780914923,-3.12864499999999));
#6712=CARTESIAN_POINT('',(1.12586432592438,-9.21923111397061E-16,-3.12864499999999));
#6713=CARTESIAN_POINT('',(1.19164383985412,1.83271780914922,-3.12864499999999));
#6714=CARTESIAN_POINT('',(1.23647370088354,3.128645,-1.83271780914923));
#6715=CARTESIAN_POINT('',(1.30225321481327,3.128645,4.17664836126586E-15));
#6716=CARTESIAN_POINT('',(1.368032728743,3.128645,1.83271780914923));
#6717=CARTESIAN_POINT('',(1.41286258977241,1.83271780914924,3.12864500000001));
#6718=CARTESIAN_POINT('',(1.47864210370214,1.23729540127776E-14,3.12864500000001));
#6719=CARTESIAN_POINT('',(1.54442161763188,-1.83271780914922,3.12864500000001));
#6720=CARTESIAN_POINT('',(1.58925147866132,-3.128645,1.83271780914925));
#6721=CARTESIAN_POINT('',(1.65503099259105,-3.128645,1.95539430847461E-14));
#6722=CARTESIAN_POINT('',(1.7208105065208,-3.128645,-1.83271780914922));
#6723=CARTESIAN_POINT('',(1.76564036755021,-1.83271780914923,-3.12864499999999));
#6724=CARTESIAN_POINT('',(1.83141988147994,-2.00220904548957E-15,-3.12864499999999));
#6725=CARTESIAN_POINT('',(1.89719939540968,1.83271780914923,-3.12864499999999));
#6726=CARTESIAN_POINT('',(1.94202925643911,3.128645,-1.83271780914922));
#6727=CARTESIAN_POINT('',(2.00780877036884,3.128645,1.6983771032617E-14));
#6728=CARTESIAN_POINT('',(2.07358828429857,3.128645,1.83271780914924));
#6729=CARTESIAN_POINT('',(2.11841814532797,1.83271780914924,3.12864500000002));
#6730=CARTESIAN_POINT('',(2.1841976592577,1.34532399468701E-14,3.12864500000001));
#6731=CARTESIAN_POINT('',(2.24997717318744,-1.83271780914922,3.12864500000002));
#6732=CARTESIAN_POINT('',(2.29480703421688,-3.128645,1.83271780914926));
#6733=CARTESIAN_POINT('',(2.36058654814661,-3.128645,2.26384923492647E-14));
#6734=CARTESIAN_POINT('',(2.42636606207636,-3.128645,-1.83271780914922));
#6735=CARTESIAN_POINT('',(2.47119592310577,-1.83271780914923,-3.12864499999999));
#6736=CARTESIAN_POINT('',(2.5369754370355,-2.65038060594508E-15,-3.12864499999998));
#6737=CARTESIAN_POINT('',(2.59646778338057,1.65754770962793,-3.12864499999999));
#6738=CARTESIAN_POINT('',(2.64027467844592,2.91785055965529,-2.02954227571809));
#6739=CARTESIAN_POINT('',(2.70065746088848,3.10857558035043,-0.353804179277132));
#6746=COLOUR_RGB('',0.764705896377563,0.705882370471954,0.239215686917305);
#6747=CARTESIAN_POINT('',(2.46088847664952E-06,-2.39516420977239E-16,-1.95579999999999));
#6748=CARTESIAN_POINT('',(0.127002460888477,-2.39516420977239E-16,-1.95579999999999));
#6749=CARTESIAN_POINT('',(0.0635024608884752,-2.39516420977239E-16,-1.95579999999999));
#6750=VECTOR('',#7857,1.0);
#6751=CARTESIAN_POINT('',(2.46088846034276E-06,0.0,1.95580000000001));
#6752=AXIS2_PLACEMENT_3D('',#7858,#7859,#7860);
#6753=CARTESIAN_POINT('',(0.127002460888463,-2.39516420977239E-16,1.95580000000001));
#6754=CARTESIAN_POINT('',(0.0635024608884617,2.39516420977239E-16,1.95580000000001));
#6755=VECTOR('',#7861,1.0);
#6756=AXIS2_PLACEMENT_3D('',#7862,#7863,#7864);
#6757=COLOUR_RGB('',0.764705896377563,0.705882370471954,0.239215686917305);
#6758=CARTESIAN_POINT('',(6.83260246088848,-2.39516420977239E-16,-1.95579999999997));
#6759=CARTESIAN_POINT('',(7.08660246088848,0.0,-1.95579999999997));
#6760=CARTESIAN_POINT('',(6.95960246088848,-2.39516420977239E-16,-1.95579999999997));
#6761=VECTOR('',#7865,1.0);
#6762=CARTESIAN_POINT('',(6.83260246088846,2.39516420977239E-16,1.95580000000003));
#6763=AXIS2_PLACEMENT_3D('',#7866,#7867,#7868);
#6764=CARTESIAN_POINT('',(7.08660246088846,2.39516420977239E-16,1.95580000000003));
#6765=CARTESIAN_POINT('',(6.95960246088846,2.39516420977239E-16,1.95580000000003));
#6766=VECTOR('',#7869,1.0);
#6767=AXIS2_PLACEMENT_3D('',#7870,#7871,#7872);
#6768=COLOUR_RGB('',0.764705896377563,0.709803938865662,0.243137255311012);
#6769=CARTESIAN_POINT('',(2.7937600000011,-5.47532226990809E-15,0.4826));
#6770=CARTESIAN_POINT('',(3.1747600000011,-5.92164676381403E-15,0.4826));
#6771=CARTESIAN_POINT('',(2.9842600000011,-5.69848451686106E-15,0.4826));
#6772=VECTOR('',#7873,1.0);
#6773=CARTESIAN_POINT('',(2.7937600000011,0.101293507740738,0.471817010671608));
#6774=AXIS2_PLACEMENT_3D('',#7874,#7875,#7876);
#6775=CARTESIAN_POINT('',(2.7937600000011,0.101293507740738,-0.471817010671608));
#6776=AXIS2_PLACEMENT_3D('',#7877,#7878,#7879);
#6777=CARTESIAN_POINT('',(2.7937600000011,-5.59352517896179E-15,-0.4826));
#6778=AXIS2_PLACEMENT_3D('',#7880,#7881,#7882);
#6779=CARTESIAN_POINT('',(3.1747600000011,-6.03984967286773E-15,-0.4826));
#6780=CARTESIAN_POINT('',(2.9842600000011,-5.81668742591476E-15,-0.4826));
#6781=VECTOR('',#7883,1.0);
#6782=CARTESIAN_POINT('',(3.1747600000011,0.482599999999994,-3.59273090499045E-16));
#6783=AXIS2_PLACEMENT_3D('',#7884,#7885,#7886);
#6784=AXIS2_PLACEMENT_3D('',#7887,#7888,#7889);
#6785=COLOUR_RGB('',0.764705896377563,0.709803938865662,0.243137255311012);
#6786=CARTESIAN_POINT('',(2.83538827787586,-5.5054243221238E-15,0.635));
#6787=CARTESIAN_POINT('',(2.7937600000011,-5.45665865268908E-15,0.635));
#6788=CARTESIAN_POINT('',(2.81455944795626,-5.48102427757652E-15,0.635));
#6789=VECTOR('',#7890,1.0);
#6790=CARTESIAN_POINT('',(2.83538827787586,-5.66095446561552E-15,-0.635));
#6791=AXIS2_PLACEMENT_3D('',#7891,#7892,#7893);
#6792=CARTESIAN_POINT('',(2.7937600000011,-5.6121887961808E-15,-0.635));
#6793=CARTESIAN_POINT('',(2.81455944795626,-5.63655442106823E-15,-0.635));
#6794=VECTOR('',#7894,1.0);
#6795=CARTESIAN_POINT('',(2.7937600000011,0.101309537486902,-0.626836552366453));
#6796=AXIS2_PLACEMENT_3D('',#7895,#7896,#7897);
#6797=AXIS2_PLACEMENT_3D('',#7898,#7899,#7900);
#6798=COLOUR_RGB('',0.764705896377563,0.709803938865662,0.243137255311012);
#6799=CARTESIAN_POINT('',(7.4927600000011,-1.09613274108624E-14,0.635));
#6800=CARTESIAN_POINT('',(6.83071472208262,-1.01857709184482E-14,0.635));
#6801=CARTESIAN_POINT('',(7.16173736104186,-1.05735491646553E-14,0.635));
#6802=VECTOR('',#7901,1.0);
#6803=CARTESIAN_POINT('',(7.4927600000011,-1.10390924826082E-14,-0.635000000000001));
#6804=AXIS2_PLACEMENT_3D('',#7902,#7903,#7904);
#6805=CARTESIAN_POINT('',(6.83071472208262,-1.01857709184482E-14,-0.635));
#6806=CARTESIAN_POINT('',(7.16173736104186,-1.0729079308147E-14,-0.635));
#6807=VECTOR('',#7905,1.0);
#6808=AXIS2_PLACEMENT_3D('',#7906,#7907,#7908);
#6809=COLOUR_RGB('',0.764705896377563,0.709803938865662,0.243137255311012);
#6810=CARTESIAN_POINT('',(7.5943600000011,-1.10927896873833E-14,0.5334));
#6811=CARTESIAN_POINT('',(7.5943600000011,-1.10927896873833E-14,0.5334));
#6812=VECTOR('',#7909,1.0);
#6813=CARTESIAN_POINT('',(7.5943600000011,-1.11581123476498E-14,-0.5334));
#6814=AXIS2_PLACEMENT_3D('',#7910,#7911,#7912);
#6815=CARTESIAN_POINT('',(7.5943600000011,-1.12234350079163E-14,-0.5334));
#6816=VECTOR('',#7913,1.0);
#6817=COLOUR_RGB('',0.764705896377563,0.709803938865662,0.243137255311012);
#6818=CARTESIAN_POINT('',(3.45338923991201,-6.25163878493281E-15,-3.42213097083772E-16));
#6819=CARTESIAN_POINT('',(3.1747600000011,0.482599999999994,-4.18374545025896E-16));
#6820=VECTOR('',#7914,1.0);
#6821=CARTESIAN_POINT('',(3.1747600000011,-0.482600000000006,-3.00171635972193E-16));
#6822=CARTESIAN_POINT('',(3.1747600000011,-0.482600000000006,-3.00171635972193E-16));
#6823=VECTOR('',#7915,1.0);
#6824=AXIS2_PLACEMENT_3D('',#7916,#7917,#7918);
#6825=COLOUR_RGB('',0.988235294818878,0.988235294818878,0.992156863212585);
#6826=CARTESIAN_POINT('',(2.83538827787586,0.6477,1.57061086765418E-14));
#6827=CARTESIAN_POINT('',(0.12700246088847,0.6477,6.51952551762025E-15));
#6828=CARTESIAN_POINT('',(1.84955671156015,0.6477,1.23622631993406E-14));
#6829=VECTOR('',#7919,1.0);
#6830=CARTESIAN_POINT('',(2.83538827787586,-0.6477,1.55474679301802E-14));
#6831=AXIS2_PLACEMENT_3D('',#7920,#7921,#7922);
#6832=CARTESIAN_POINT('',(0.12700246088847,-0.6477,6.4402051444395E-15));
#6833=CARTESIAN_POINT('',(1.84955671156015,-0.6477,1.22036224529791E-14));
#6834=VECTOR('',#7923,1.0);
#6835=AXIS2_PLACEMENT_3D('',#7924,#7925,#7926);
#6836=COLOUR_RGB('',0.988235294818878,0.988235294818878,0.992156863212585);
#6837=AXIS2_PLACEMENT_3D('',#7927,#7928,#7929);
#6838=AXIS2_PLACEMENT_3D('',#7930,#7931,#7932);
#6839=COLOUR_RGB('',0.988235294818878,0.988235294818878,0.992156863212585);
#6840=CARTESIAN_POINT('',(6.83071472208262,-0.6477,2.92643887893906E-14));
#6841=CARTESIAN_POINT('',(6.83260246088847,0.6477,2.91056324523648E-14));
#6842=AXIS2_PLACEMENT_3D('',#7933,#7934,#7935);
#6843=AXIS2_PLACEMENT_3D('',#7936,#7937,#7938);
#6844=AXIS2_PLACEMENT_3D('',#7939,#7940,#7941);
#6845=COLOUR_RGB('',0.988235294818878,0.988235294818878,0.992156863212585);
#6846=CARTESIAN_POINT('',(2.83538827787586,0.0,-0.647699999999984));
#6847=AXIS2_PLACEMENT_3D('',#7942,#7943,#7944);
#6848=AXIS2_PLACEMENT_3D('',#7945,#7946,#7947);
#6849=AXIS2_PLACEMENT_3D('',#7948,#7949,#7950);
#6850=COLOUR_RGB('',0.988235294818878,0.988235294818878,0.992156863212585);
#6851=AXIS2_PLACEMENT_3D('',#7951,#7952,#7953);
#6852=COLOUR_RGB('',0.988235294818878,0.988235294818878,0.992156863212585);
#6853=COLOUR_RGB('',0.764705896377563,0.709803938865662,0.243137255311012);
#6854=AXIS2_PLACEMENT_3D('',#7954,#7955,#7956);
#6855=COLOUR_RGB('',0.764705896377563,0.709803938865662,0.243137255311012);
#6856=AXIS2_PLACEMENT_3D('',#7957,#7958,#7959);
#6857=AXIS2_PLACEMENT_3D('',#7960,#7961,#7962);
#6858=COLOUR_RGB('',0.764705896377563,0.709803938865662,0.243137255311012);
#6859=COLOUR_RGB('',0.764705896377563,0.709803938865662,0.243137255311012);
#6860=CARTESIAN_POINT('',(0.13995892752507,-0.0356053623801637,0.575297383967642));
#6861=CARTESIAN_POINT('',(0.13995892752507,-0.0356053623801637,0.626819304106056));
#6862=CARTESIAN_POINT('',(0.13995892752507,-0.0356053623801637,6.03972564206303E-18));
#6863=VECTOR('',#7963,1000.0);
#6864=CARTESIAN_POINT('',(0.13995892752507,-0.0356053623801637,-0.575297383967642));
#6865=AXIS2_PLACEMENT_3D('',#7964,#7965,#7966);
#6866=CARTESIAN_POINT('',(0.13995892752507,-0.0356053623801637,-0.626819304106056));
#6867=CARTESIAN_POINT('',(0.13995892752507,-0.0356053623801637,6.03972564206303E-18));
#6868=VECTOR('',#7967,1000.0);
#6869=AXIS2_PLACEMENT_3D('',#7968,#7969,#7970);
#6870=COLOUR_RGB('',0.764705896377563,0.709803938865662,0.243137255311012);
#6871=CARTESIAN_POINT('',(2.7937600000011,-0.10129350774075,-0.626819304106056));
#6872=CARTESIAN_POINT('',(0.13995892752507,-0.0356053623801637,-0.626819304106056));
#6873=VECTOR('',#7971,1000.0);
#6874=CARTESIAN_POINT('',(0.24152781742028,-0.0381194438133005,-0.47178406077357));
#6875=AXIS2_PLACEMENT_3D('',#7972,#7973,#7974);
#6876=CARTESIAN_POINT('',(2.7937600000011,-0.10129350774075,-0.471817010671608));
#6877=CARTESIAN_POINT('',(0.13995892752507,-0.0356053623801637,-0.47178406077357));
#6878=VECTOR('',#7975,1000.0);
#6879=CARTESIAN_POINT('',(2.7937600000011,-0.10129350774075,-1.60202592737492E-16));
#6880=VECTOR('',#7976,1000.0);
#6881=COLOUR_RGB('',0.764705896377563,0.709803938865662,0.243137255311012);
#6882=CARTESIAN_POINT('',(2.7937600000011,-0.10129350774075,0.471817010671608));
#6883=CARTESIAN_POINT('',(0.24152781742028,-0.0381194438133004,0.471784060773571));
#6884=CARTESIAN_POINT('',(0.13995892752507,-0.0356053623801637,0.471784060773571));
#6885=VECTOR('',#7977,1000.0);
#6886=AXIS2_PLACEMENT_3D('',#7978,#7979,#7980);
#6887=CARTESIAN_POINT('',(2.7937600000011,-0.10129350774075,0.626819304106056));
#6888=CARTESIAN_POINT('',(0.13995892752507,-0.0356053623801637,0.626819304106056));
#6889=VECTOR('',#7981,1000.0);
#6890=CARTESIAN_POINT('',(2.7937600000011,-0.10129350774075,-1.60202592737492E-16));
#6891=VECTOR('',#7982,1000.0);
#6892=COLOUR_RGB('',0.764705896377563,0.709803938865662,0.243137255311012);
#6893=AXIS2_PLACEMENT_3D('',#7983,#7984,#7985);
#6894=COLOUR_RGB('',0.764705896377563,0.709803938865662,0.243137255311012);
#6895=CARTESIAN_POINT('',(0.13995892752507,0.0356053623801588,0.626819304106056));
#6896=CARTESIAN_POINT('',(0.13995892752528,0.0356053623800918,0.575297383967575));
#6897=CARTESIAN_POINT('',(0.13995892752507,0.0356053623801589,-2.10353618719099E-17));
#6898=VECTOR('',#7986,1000.0);
#6899=CARTESIAN_POINT('',(0.13995892752507,0.0356053623801593,-0.626819304106056));
#6900=AXIS2_PLACEMENT_3D('',#7987,#7988,#7989);
#6901=CARTESIAN_POINT('',(0.13995892752528,0.0356053623800918,-0.575297383967575));
#6902=CARTESIAN_POINT('',(0.13995892752507,0.0356053623801589,-2.10353618719099E-17));
#6903=VECTOR('',#7990,1000.0);
#6904=AXIS2_PLACEMENT_3D('',#7991,#7992,#7993);
#6905=COLOUR_RGB('',0.764705896377563,0.709803938865662,0.243137255311012);
#6906=CARTESIAN_POINT('',(2.7937600000011,0.101293507740737,0.626819304106056));
#6907=AXIS2_PLACEMENT_3D('',#7994,#7995,#7996);
#6908=CARTESIAN_POINT('',(0.13995892752507,0.0356053623801593,-0.626819304106056));
#6909=VECTOR('',#7997,1000.0);
#6910=CARTESIAN_POINT('',(0.13995892752507,0.0356053623801588,0.626819304106056));
#6911=VECTOR('',#7998,1000.0);
#6912=COLOUR_RGB('',0.764705896377563,0.709803938865662,0.243137255311012);
#6913=CARTESIAN_POINT('',(0.24152781742028,0.0381194438132954,-0.47178406077357));
#6914=AXIS2_PLACEMENT_3D('',#7999,#8000,#8001);
#6915=CARTESIAN_POINT('',(2.7937600000011,0.101293507740738,-1.6021993289182E-16));
#6916=VECTOR('',#8002,1000.0);
#6917=CARTESIAN_POINT('',(0.13995892752507,0.0356053623801589,-0.47178406077357));
#6918=VECTOR('',#8003,1000.0);
#6919=COLOUR_RGB('',0.764705896377563,0.709803938865662,0.243137255311012);
#6920=CARTESIAN_POINT('',(0.24152781742028,0.038119443813295,0.471784060773571));
#6921=CARTESIAN_POINT('',(0.13995892752507,0.0356053623801585,0.471784060773571));
#6922=VECTOR('',#8004,1000.0);
#6923=AXIS2_PLACEMENT_3D('',#8005,#8006,#8007);
#6924=COLOUR_RGB('',0.764705896377563,0.709803938865662,0.243137255311012);
#6925=AXIS2_PLACEMENT_3D('',#8008,#8009,#8010);
#6926=COLOUR_RGB('',0.764705896377563,0.709803938865662,0.243137255311012);
#6927=CARTESIAN_POINT('',(2.7937600000011,0.101293507740738,-1.6021993289182E-16));
#6928=VECTOR('',#8011,1000.0);
#6929=COLOUR_RGB('',0.764705896377563,0.709803938865662,0.243137255311012);
#6930=AXIS2_PLACEMENT_3D('',#8012,#8013,#8014);
#6931=AXIS2_PLACEMENT_3D('',#8015,#8016,#8017);
#6932=AXIS2_PLACEMENT_3D('',#8018,#8019,#8020);
#6933=COLOUR_RGB('',0.764705896377563,0.709803938865662,0.243137255311012);
#6934=AXIS2_PLACEMENT_3D('',#8021,#8022,#8023);
#6935=COLOUR_RGB('',0.764705896377563,0.709803938865662,0.243137255311012);
#6936=AXIS2_PLACEMENT_3D('',#8024,#8025,#8026);
#6937=COLOUR_RGB('',0.764705896377563,0.709803938865662,0.243137255311012);
#6938=COLOUR_RGB('',0.764705896377563,0.709803938865662,0.243137255311012);
#6939=COLOUR_RGB('',0.764705896377563,0.709803938865662,0.243137255311012);
#6940=COLOUR_RGB('',0.764705896377563,0.705882370471954,0.239215686917305);
#6941=AXIS2_PLACEMENT_3D('',#8027,#8028,#8029);
#6942=COLOUR_RGB('',0.764705896377563,0.705882370471954,0.239215686917305);
#6943=AXIS2_PLACEMENT_3D('',#8030,#8031,#8032);
#6944=COLOUR_RGB('',0.764705896377563,0.705882370471954,0.239215686917305);
#6946=CARTESIAN_POINT('',(-0.719452539111538,2.07552023828031,2.34107566655029));
#6947=CARTESIAN_POINT('',(-0.690843259397126,1.48103769372105,2.86812422382964));
#6948=CARTESIAN_POINT('',(-0.665017141873747,0.752054509472658,3.128645));
#6949=CARTESIAN_POINT('',(-0.63802456296453,-8.06534383150948E-16,3.128645));
#6950=CARTESIAN_POINT('',(-0.57224504903479,-1.83271780914922,3.12864500000001));
#6951=CARTESIAN_POINT('',(-0.52741518800537,-3.128645,1.83271780914924));
#6952=CARTESIAN_POINT('',(-0.46163567407563,-3.128645,9.86818091755327E-15));
#6953=CARTESIAN_POINT('',(-0.39585616014588,-3.128645,-1.83271780914923));
#6954=CARTESIAN_POINT('',(-0.35102629911647,-1.83271780914923,-3.128645));
#6955=CARTESIAN_POINT('',(-0.28524678518673,3.74420009513944E-16,-3.12864499999999));
#6956=CARTESIAN_POINT('',(-0.21946727125699,1.83271780914922,-3.128645));
#6957=CARTESIAN_POINT('',(-0.17463741022758,3.128645,-1.83271780914923));
#6958=CARTESIAN_POINT('',(-0.10885789629785,3.128645,8.16293260869149E-16));
#6959=CARTESIAN_POINT('',(-0.0430783823681198,3.128645,1.83271780914924));
#6960=CARTESIAN_POINT('',(0.00175147866129022,1.83271780914923,3.12864500000001));
#6961=CARTESIAN_POINT('',(0.0675309925910301,5.76943641230577E-17,3.12864500000001));
#6962=CARTESIAN_POINT('',(0.13331050652077,-1.83271780914922,3.12864500000001));
#6963=CARTESIAN_POINT('',(0.17814036755018,-3.128645,1.83271780914924));
#6964=CARTESIAN_POINT('',(0.24391988147993,-3.128645,1.29527301820719E-14));
#6965=CARTESIAN_POINT('',(0.30969939540968,-3.128645,-1.83271780914923));
#6966=CARTESIAN_POINT('',(0.35452925643909,-1.83271780914923,-3.128645));
#6967=CARTESIAN_POINT('',(0.42030877036883,-2.73751550941559E-16,-3.12864499999999));
#6968=CARTESIAN_POINT('',(0.48608828429857,1.83271780914922,-3.12864499999999));
#6969=CARTESIAN_POINT('',(0.53091814532798,3.128645,-1.83271780914922));
#6970=CARTESIAN_POINT('',(0.59669765925771,3.128645,2.82055659129526E-15));
#6971=CARTESIAN_POINT('',(0.66247717318745,3.128645,1.83271780914924));
#6972=CARTESIAN_POINT('',(0.70730703421685,1.83271780914923,3.12864500000001));
#6973=CARTESIAN_POINT('',(0.77308654814658,4.8980873776006E-16,3.12864500000001));
#6974=CARTESIAN_POINT('',(0.83886606207634,-1.83271780914922,3.12864500000001));
#6975=CARTESIAN_POINT('',(0.88369592310575,-3.128645,1.83271780914924));
#6976=CARTESIAN_POINT('',(0.94947543703549,-3.128645,1.64693938202275E-14));
#6977=CARTESIAN_POINT('',(1.01525495096524,-3.128645,-1.83271780914922));
#6978=CARTESIAN_POINT('',(1.06008481199465,-1.83271780914923,-3.12864499999999));
#6979=CARTESIAN_POINT('',(1.12586432592438,-9.21923111397061E-16,-3.12864499999999));
#6980=CARTESIAN_POINT('',(1.19164383985412,1.83271780914922,-3.12864499999999));
#6981=CARTESIAN_POINT('',(1.23647370088354,3.128645,-1.83271780914923));
#6982=CARTESIAN_POINT('',(1.30225321481327,3.128645,4.17664836126586E-15));
#6983=CARTESIAN_POINT('',(1.368032728743,3.128645,1.83271780914923));
#6984=CARTESIAN_POINT('',(1.41286258977241,1.83271780914924,3.12864500000001));
#6985=CARTESIAN_POINT('',(1.47864210370214,1.23729540127776E-14,3.12864500000001));
#6986=CARTESIAN_POINT('',(1.54442161763188,-1.83271780914922,3.12864500000001));
#6987=CARTESIAN_POINT('',(1.58925147866132,-3.128645,1.83271780914925));
#6988=CARTESIAN_POINT('',(1.65503099259105,-3.128645,1.95539430847461E-14));
#6989=CARTESIAN_POINT('',(1.7208105065208,-3.128645,-1.83271780914922));
#6990=CARTESIAN_POINT('',(1.76564036755021,-1.83271780914923,-3.12864499999999));
#6991=CARTESIAN_POINT('',(1.83141988147994,-2.00220904548957E-15,-3.12864499999999));
#6992=CARTESIAN_POINT('',(1.89719939540968,1.83271780914923,-3.12864499999999));
#6993=CARTESIAN_POINT('',(1.94202925643911,3.128645,-1.83271780914922));
#6994=CARTESIAN_POINT('',(2.00780877036884,3.128645,1.6983771032617E-14));
#6995=CARTESIAN_POINT('',(2.07358828429857,3.128645,1.83271780914924));
#6996=CARTESIAN_POINT('',(2.11841814532797,1.83271780914924,3.12864500000002));
#6997=CARTESIAN_POINT('',(2.1841976592577,1.34532399468701E-14,3.12864500000001));
#6998=CARTESIAN_POINT('',(2.24997717318744,-1.83271780914922,3.12864500000002));
#6999=CARTESIAN_POINT('',(2.29480703421688,-3.128645,1.83271780914926));
#7000=CARTESIAN_POINT('',(2.36058654814661,-3.128645,2.26384923492647E-14));
#7001=CARTESIAN_POINT('',(2.42636606207636,-3.128645,-1.83271780914922));
#7002=CARTESIAN_POINT('',(2.47119592310577,-1.83271780914923,-3.12864499999999));
#7003=CARTESIAN_POINT('',(2.5369754370355,-2.65038060594508E-15,-3.12864499999998));
#7004=CARTESIAN_POINT('',(2.59646778338057,1.65754770962793,-3.12864499999999));
#7005=CARTESIAN_POINT('',(2.64027467844592,2.91785055965529,-2.02954227571809));
#7006=CARTESIAN_POINT('',(2.70065746088848,3.10857558035043,-0.353804179277132));
#7014=CARTESIAN_POINT('',(-0.719452539111537,-0.931454223474879,2.98677293505814));
#7015=CARTESIAN_POINT('',(-0.66761640648683,-2.31280040465136,2.55598667761113));
#7016=CARTESIAN_POINT('',(-0.62693064901197,-3.128645,1.39289441343285));
#7017=CARTESIAN_POINT('',(-0.57693718192518,-3.128645,8.6058006416611E-15));
#7018=CARTESIAN_POINT('',(-0.51115766799543,-3.128645,-1.83271780914923));
#7019=CARTESIAN_POINT('',(-0.46632780696602,-1.83271780914923,-3.128645));
#7020=CARTESIAN_POINT('',(-0.40054829303628,1.45470594360645E-15,-3.12864499999999));
#7021=CARTESIAN_POINT('',(-0.33476877910654,1.83271780914922,-3.128645));
#7022=CARTESIAN_POINT('',(-0.28993891807714,3.128645,-1.83271780914923));
#7023=CARTESIAN_POINT('',(-0.2241594041474,3.128645,1.49842766634348E-15));
#7024=CARTESIAN_POINT('',(-0.15837989021766,3.128645,1.83271780914924));
#7025=CARTESIAN_POINT('',(-0.11355002918826,1.83271780914923,3.12864500000001));
#7026=CARTESIAN_POINT('',(-0.0477705152585195,-8.06534383150948E-16,3.12864500000001));
#7027=CARTESIAN_POINT('',(0.0180089986712204,-1.83271780914922,3.12864500000001));
#7028=CARTESIAN_POINT('',(0.0628388597006404,-3.128645,1.83271780914924));
#7029=CARTESIAN_POINT('',(0.12861837363038,-3.128645,1.19064070929982E-14));
#7030=CARTESIAN_POINT('',(0.19439788756013,-3.128645,-1.83271780914923));
#7031=CARTESIAN_POINT('',(0.23922774858954,-1.83271780914923,-3.128645));
#7032=CARTESIAN_POINT('',(0.30500726251928,3.74420009513944E-16,-3.12864499999999));
#7033=CARTESIAN_POINT('',(0.37078677644902,1.83271780914922,-3.12864499999999));
#7034=CARTESIAN_POINT('',(0.41561663747842,3.128645,-1.83271780914922));
#7035=CARTESIAN_POINT('',(0.48139615140816,3.128645,2.85451943631406E-15));
#7036=CARTESIAN_POINT('',(0.54717566533789,3.128645,1.83271780914924));
#7037=CARTESIAN_POINT('',(0.5920055263673,1.83271780914923,3.12864500000001));
#7038=CARTESIAN_POINT('',(0.65778504029705,5.76943641230577E-17,3.12864500000001));
#7039=CARTESIAN_POINT('',(0.72356455422678,-1.83271780914922,3.12864500000001));
#7040=CARTESIAN_POINT('',(0.76839441525619,-3.128645,1.83271780914924));
#7041=CARTESIAN_POINT('',(0.83417392918593,-3.128645,1.49909563575168E-14));
#7042=CARTESIAN_POINT('',(0.89995344311568,-3.128645,-1.83271780914922));
#7043=CARTESIAN_POINT('',(0.94478330414512,-1.83271780914923,-3.12864499999999));
#7044=CARTESIAN_POINT('',(1.01056281807485,-2.73751550941559E-16,-3.12864499999999));
#7045=CARTESIAN_POINT('',(1.07634233200459,1.83271780914922,-3.12864499999999));
#7046=CARTESIAN_POINT('',(1.12117219303399,3.128645,-1.83271780914922));
#7047=CARTESIAN_POINT('',(1.18695170696372,3.128645,4.85878276674017E-15));
#7048=CARTESIAN_POINT('',(1.25273122089345,3.128645,1.83271780914924));
#7049=CARTESIAN_POINT('',(1.29756108192285,1.83271780914923,3.12864500000001));
#7050=CARTESIAN_POINT('',(1.36334059585261,4.8980873776006E-16,3.12864500000001));
#7051=CARTESIAN_POINT('',(1.42912010978235,-1.83271780914922,3.12864500000001));
#7052=CARTESIAN_POINT('',(1.47394997081176,-3.128645,1.83271780914924));
#7053=CARTESIAN_POINT('',(1.53972948474149,-3.128645,1.85076199956723E-14));
#7054=CARTESIAN_POINT('',(1.60550899867124,-3.128645,-1.83271780914922));
#7055=CARTESIAN_POINT('',(1.65033885970065,-1.83271780914923,-3.12864499999999));
#7056=CARTESIAN_POINT('',(1.71611837363041,-9.21923111397061E-16,-3.12864499999999));
#7057=CARTESIAN_POINT('',(1.78189788756015,1.83271780914922,-3.12864499999999));
#7058=CARTESIAN_POINT('',(1.82672774858955,3.128645,-1.83271780914923));
#7059=CARTESIAN_POINT('',(1.89250726251928,3.128645,6.21487453671075E-15));
#7060=CARTESIAN_POINT('',(1.95828677644903,3.128645,1.83271780914924));
#7061=CARTESIAN_POINT('',(2.00311663747841,1.83271780914924,3.12864500000002));
#7062=CARTESIAN_POINT('',(2.06889615140817,1.23729540127776E-14,3.12864500000001));
#7063=CARTESIAN_POINT('',(2.13467566533791,-1.83271780914922,3.12864500000002));
#7064=CARTESIAN_POINT('',(2.17950552636732,-3.128645,1.83271780914926));
#7065=CARTESIAN_POINT('',(2.24528504029705,-3.128645,2.15921692601909E-14));
#7066=CARTESIAN_POINT('',(2.31106455422683,-3.128645,-1.83271780914922));
#7067=CARTESIAN_POINT('',(2.35589441525621,-1.83271780914923,-3.12864499999999));
#7068=CARTESIAN_POINT('',(2.42167392918597,-2.00220904548957E-15,-3.12864499999998));
#7069=CARTESIAN_POINT('',(2.48745344311571,1.83271780914923,-3.12864499999999));
#7070=CARTESIAN_POINT('',(2.53228330414511,3.128645,-1.83271780914922));
#7071=CARTESIAN_POINT('',(2.59806281807484,3.128645,1.9021997208062E-14));
#7072=CARTESIAN_POINT('',(2.63250168718914,3.128645,0.959519537042005));
#7073=CARTESIAN_POINT('',(2.66415870378055,2.71476150066896,1.85651057650789));
#7074=CARTESIAN_POINT('',(2.70065746088848,1.91222502098408,2.47625019033771));
#7081=COLOUR_RGB('',0.764705896377563,0.705882370471954,0.239215686917305);
#7083=CARTESIAN_POINT('',(-1.10362753911154,2.49775727484522,1.13724411489257));
#7084=CARTESIAN_POINT('',(-1.05726021991585,2.02813689066942,2.16868293759559));
#7085=CARTESIAN_POINT('',(-1.01937020737857,1.08125497375648,2.74447000000001));
#7086=CARTESIAN_POINT('',(-0.975129610480007,8.10196275499402E-16,2.74447));
#7087=CARTESIAN_POINT('',(-0.90935009655026,-1.60767330447391,2.74447000000001));
#7088=CARTESIAN_POINT('',(-0.86452023552086,-2.74447,1.60767330447393));
#7089=CARTESIAN_POINT('',(-0.79874072159111,-2.74447,7.35673285632771E-15));
#7090=CARTESIAN_POINT('',(-0.73296120766136,-2.74447,-1.6076733044739));
#7091=CARTESIAN_POINT('',(-0.68813134663195,-1.60767330447391,-2.74447));
#7092=CARTESIAN_POINT('',(-0.62235183270221,1.27459990386435E-15,-2.74447));
#7093=CARTESIAN_POINT('',(-0.55657231877246,1.60767330447391,-2.74447));
#7094=CARTESIAN_POINT('',(-0.51174245774306,2.74447,-1.60767330447392));
#7095=CARTESIAN_POINT('',(-0.44596294381332,2.74447,1.26872139545935E-15));
#7096=CARTESIAN_POINT('',(-0.38018342988358,2.74447,1.60767330447392));
#7097=CARTESIAN_POINT('',(-0.33535356885419,1.60767330447391,2.74447000000001));
#7098=CARTESIAN_POINT('',(-0.26957405492444,-7.06019127674234E-16,2.74447000000001));
#7099=CARTESIAN_POINT('',(-0.2037945409947,-1.60767330447391,2.74447000000001));
#7100=CARTESIAN_POINT('',(-0.15896467996529,-2.74447,1.60767330447393));
#7101=CARTESIAN_POINT('',(-0.0931851660355398,-2.74447,1.05512182619777E-14));
#7102=CARTESIAN_POINT('',(-0.0274056521057899,-2.74447,-1.6076733044739));
#7103=CARTESIAN_POINT('',(0.0174242089236198,-1.60767330447391,-2.74447));
#7104=CARTESIAN_POINT('',(0.08320372285336,3.26965276880823E-16,-2.74446999999999));
#7105=CARTESIAN_POINT('',(0.1489832367831,1.60767330447391,-2.74447));
#7106=CARTESIAN_POINT('',(0.19381309781251,2.74447,-1.60767330447392));
#7107=CARTESIAN_POINT('',(0.25959261174224,2.74447,2.75746447253893E-15));
#7108=CARTESIAN_POINT('',(0.32537212567197,2.74447,1.60767330447392));
#7109=CARTESIAN_POINT('',(0.37020198670138,1.60767330447391,2.74447000000001));
#7110=CARTESIAN_POINT('',(0.43598150063112,5.20885739125846E-17,2.74447000000001));
#7111=CARTESIAN_POINT('',(0.50176101456086,-1.60767330447391,2.74447000000001));
#7112=CARTESIAN_POINT('',(0.54659087559027,-2.74447,1.60767330447393));
#7113=CARTESIAN_POINT('',(0.61237038952001,-2.74447,1.35561767422308E-14));
#7114=CARTESIAN_POINT('',(0.67814990344975,-2.74447,-1.6076733044739));
#7115=CARTESIAN_POINT('',(0.72297976447919,-1.60767330447391,-2.74446999999999));
#7116=CARTESIAN_POINT('',(0.78875927840893,-2.41615499309289E-16,-2.74446999999999));
#7117=CARTESIAN_POINT('',(0.85453879233867,1.60767330447391,-2.74446999999999));
#7118=CARTESIAN_POINT('',(0.89936865336807,2.74447,-1.60767330447391));
#7119=CARTESIAN_POINT('',(0.96514816729779,2.74447,4.81478832580861E-15));
#7120=CARTESIAN_POINT('',(1.03092768122752,2.74447,1.60767330447392));
#7121=CARTESIAN_POINT('',(1.07575754225695,1.60767330447391,2.74447000000001));
#7122=CARTESIAN_POINT('',(1.14153705618669,4.31142424705994E-16,2.74447000000001));
#7123=CARTESIAN_POINT('',(1.20731657011643,-1.60767330447391,2.74447000000001));
#7124=CARTESIAN_POINT('',(1.25214643114584,-2.74447,1.60767330447393));
#7125=CARTESIAN_POINT('',(1.31792594507557,-2.74447,1.69401890732775E-14));
#7126=CARTESIAN_POINT('',(1.38370545900532,-2.74447,-1.6076733044739));
#7127=CARTESIAN_POINT('',(1.42853532003475,-1.60767330447391,-2.74446999999999));
#7128=CARTESIAN_POINT('',(1.49431483396449,-8.10196275499402E-16,-2.74446999999999));
#7129=CARTESIAN_POINT('',(1.56009434789422,1.60767330447391,-2.74446999999999));
#7130=CARTESIAN_POINT('',(1.60492420892363,2.74447,-1.60767330447391));
#7131=CARTESIAN_POINT('',(1.67070372285335,2.74447,6.30353140288818E-15));
#7132=CARTESIAN_POINT('',(1.73648323678309,2.74447,1.60767330447391));
#7133=CARTESIAN_POINT('',(1.78131309781251,1.60767330447392,2.74447000000002));
#7134=CARTESIAN_POINT('',(1.84709261174225,1.08551233215247E-14,2.74447000000001));
#7135=CARTESIAN_POINT('',(1.91287212567198,-1.60767330447391,2.74447000000002));
#7136=CARTESIAN_POINT('',(1.9577019867014,-2.74447,1.60767330447394));
#7137=CARTESIAN_POINT('',(2.02348150063114,-2.74447,1.99451475535307E-14));
#7138=CARTESIAN_POINT('',(2.08926101456088,-2.74447,-1.60767330447389));
#7139=CARTESIAN_POINT('',(2.13409087559032,-1.60767330447391,-2.74446999999998));
#7140=CARTESIAN_POINT('',(2.19987038952005,-1.75783090248292E-15,-2.74446999999999));
#7141=CARTESIAN_POINT('',(2.26564990344979,1.60767330447391,-2.74446999999998));
#7142=CARTESIAN_POINT('',(2.31047976447919,2.74447,-1.60767330447389));
#7143=CARTESIAN_POINT('',(2.37625927840891,2.74447,1.78372015259931E-14));
#7144=CARTESIAN_POINT('',(2.44203879233865,2.74447,1.60767330447392));
#7145=CARTESIAN_POINT('',(2.48686865336805,1.60767330447392,2.74447000000002));
#7146=CARTESIAN_POINT('',(2.55264816729781,1.18027579485083E-14,2.74447000000002));
#7147=CARTESIAN_POINT('',(2.61842768122755,-1.60767330447391,2.74447000000002));
#7148=CARTESIAN_POINT('',(2.66325754225696,-2.74447,1.60767330447394));
#7149=CARTESIAN_POINT('',(2.7290370561867,-2.74447,2.29501060337839E-14));
#7150=CARTESIAN_POINT('',(2.79481657011644,-2.74447,-1.60767330447389));
#7151=CARTESIAN_POINT('',(2.83964643114585,-1.60767330447391,-2.74446999999998));
#7152=CARTESIAN_POINT('',(2.9054259450756,-2.32641167867304E-15,-2.74446999999998));
#7153=CARTESIAN_POINT('',(2.97120545900535,1.60767330447391,-2.74446999999998));
#7154=CARTESIAN_POINT('',(3.01603532003475,2.74447,-1.60767330447389));
#7155=CARTESIAN_POINT('',(3.08181483396448,2.74447,1.98945253792628E-14));
#7156=CARTESIAN_POINT('',(3.08281936120432,2.74447,0.0245509814626865));
#7157=CARTESIAN_POINT('',(3.0838251479729,2.7441405830712,0.0491446676062236));
#7158=CARTESIAN_POINT('',(3.08483246088847,2.74347820026367,0.0737763212557237));
#7166=CARTESIAN_POINT('',(-1.10362753911154,-0.442448700460326,2.70857060612438));
#7167=CARTESIAN_POINT('',(-1.0454859306779,-1.84874535769676,2.47885013029515));
#7168=CARTESIAN_POINT('',(-1.00233079853333,-2.74447,1.39170860423823));
#7169=CARTESIAN_POINT('',(-0.945387689965272,-2.74447,6.85010600024628E-15));
#7170=CARTESIAN_POINT('',(-0.87960817603552,-2.74447,-1.6076733044739));
#7171=CARTESIAN_POINT('',(-0.83477831500611,-1.60767330447391,-2.74447));
#7172=CARTESIAN_POINT('',(-0.76899880107637,1.27483516356195E-15,-2.74447));
#7173=CARTESIAN_POINT('',(-0.70321928714663,1.60767330447391,-2.74447));
#7174=CARTESIAN_POINT('',(-0.65838942611722,2.74447,-1.60767330447392));
#7175=CARTESIAN_POINT('',(-0.59260991218749,2.74447,7.62565058773106E-16));
#7176=CARTESIAN_POINT('',(-0.52683039825776,2.74447,1.60767330447392));
#7177=CARTESIAN_POINT('',(-0.48200053722835,1.60767330447391,2.74447000000001));
#7178=CARTESIAN_POINT('',(-0.41622102329861,-7.06254387371839E-16,2.74447));
#7179=CARTESIAN_POINT('',(-0.35044150936887,-1.60767330447391,2.74447000000001));
#7180=CARTESIAN_POINT('',(-0.30561164833945,-2.74447,1.60767330447393));
#7181=CARTESIAN_POINT('',(-0.23983213440971,-2.74447,1.00445914058962E-14));
#7182=CARTESIAN_POINT('',(-0.17405262047997,-2.74447,-1.6076733044739));
#7183=CARTESIAN_POINT('',(-0.12922275945055,-1.60767330447391,-2.74447));
#7184=CARTESIAN_POINT('',(-0.06344324552081,3.27200536578431E-16,-2.74447));
#7185=CARTESIAN_POINT('',(0.00233626840892986,1.60767330447391,-2.74447));
#7186=CARTESIAN_POINT('',(0.0471661294383403,2.74447,-1.60767330447392));
#7187=CARTESIAN_POINT('',(0.11294564336807,2.74447,2.25130813585268E-15));
#7188=CARTESIAN_POINT('',(0.1787251572978,2.74447,1.60767330447392));
#7189=CARTESIAN_POINT('',(0.22355501832721,1.60767330447391,2.74447000000001));
#7190=CARTESIAN_POINT('',(0.28933453225695,5.18533142149772E-17,2.74447000000001));
#7191=CARTESIAN_POINT('',(0.35511404618669,-1.60767330447391,2.74447000000001));
#7192=CARTESIAN_POINT('',(0.3999439072161,-2.74447,1.60767330447393));
#7193=CARTESIAN_POINT('',(0.46572342114585,-2.74447,1.30495498861494E-14));
#7194=CARTESIAN_POINT('',(0.5315029350756,-2.74447,-1.6076733044739));
#7195=CARTESIAN_POINT('',(0.57633279610501,-1.60767330447391,-2.74446999999999));
#7196=CARTESIAN_POINT('',(0.64211231003474,-2.41380239611682E-16,-2.74446999999999));
#7197=CARTESIAN_POINT('',(0.70789182396448,1.60767330447391,-2.74446999999999));
#7198=CARTESIAN_POINT('',(0.75272168499391,2.74447,-1.60767330447391));
#7199=CARTESIAN_POINT('',(0.81850119892364,2.74447,4.30863198912241E-15));
#7200=CARTESIAN_POINT('',(0.88428071285337,2.74447,1.60767330447392));
#7201=CARTESIAN_POINT('',(0.92911057388277,1.60767330447391,2.74447000000001));
#7202=CARTESIAN_POINT('',(0.9948900878125,4.30907165008386E-16,2.74447000000001));
#7203=CARTESIAN_POINT('',(1.06066960174224,-1.60767330447391,2.74447000000001));
#7204=CARTESIAN_POINT('',(1.10549946277168,-2.74447,1.60767330447393));
#7205=CARTESIAN_POINT('',(1.17127897670142,-2.74447,1.64335622171961E-14));
#7206=CARTESIAN_POINT('',(1.23705849063116,-2.74447,-1.6076733044739));
#7207=CARTESIAN_POINT('',(1.28188835166057,-1.60767330447391,-2.74446999999999));
#7208=CARTESIAN_POINT('',(1.3476678655903,-8.09961015801794E-16,-2.74446999999999));
#7209=CARTESIAN_POINT('',(1.41344737952007,1.60767330447391,-2.74446999999999));
#7210=CARTESIAN_POINT('',(1.45827724054947,2.74447,-1.60767330447391));
#7211=CARTESIAN_POINT('',(1.52405675447919,2.74447,5.79737506620199E-15));
#7212=CARTESIAN_POINT('',(1.58983626840893,2.74447,1.60767330447391));
#7213=CARTESIAN_POINT('',(1.63466612943833,1.60767330447392,2.74447000000001));
#7214=CARTESIAN_POINT('',(1.70044564336807,1.08548880618271E-14,2.74447000000001));
#7215=CARTESIAN_POINT('',(1.76622515729783,-1.60767330447391,2.74447000000002));
#7216=CARTESIAN_POINT('',(1.81105501832724,-2.74447,1.60767330447394));
#7217=CARTESIAN_POINT('',(1.87683453225697,-2.74447,1.94385206974493E-14));
#7218=CARTESIAN_POINT('',(1.94261404618672,-2.74447,-1.60767330447389));
#7219=CARTESIAN_POINT('',(1.98744390721613,-1.60767330447391,-2.74446999999998));
#7220=CARTESIAN_POINT('',(2.05322342114589,-1.75759564278532E-15,-2.74446999999999));
#7221=CARTESIAN_POINT('',(2.11900293507563,1.60767330447391,-2.74446999999998));
#7222=CARTESIAN_POINT('',(2.16383279610503,2.74447,-1.60767330447389));
#7223=CARTESIAN_POINT('',(2.22961231003476,2.74447,1.73310451893069E-14));
#7224=CARTESIAN_POINT('',(2.29539182396449,2.74447,1.60767330447392));
#7225=CARTESIAN_POINT('',(2.34022168499389,1.60767330447392,2.74447000000002));
#7226=CARTESIAN_POINT('',(2.40600119892365,1.18025226888106E-14,2.74447000000002));
#7227=CARTESIAN_POINT('',(2.47178071285339,-1.60767330447391,2.74447000000002));
#7228=CARTESIAN_POINT('',(2.5166105738828,-2.74447,1.60767330447394));
#7229=CARTESIAN_POINT('',(2.58239008781254,-2.74447,2.24434791777025E-14));
#7230=CARTESIAN_POINT('',(2.64816960174228,-2.74447,-1.60767330447389));
#7231=CARTESIAN_POINT('',(2.69299946277169,-1.60767330447391,-2.74446999999998));
#7232=CARTESIAN_POINT('',(2.75877897670145,-2.32617641897543E-15,-2.74446999999998));
#7233=CARTESIAN_POINT('',(2.82455849063119,1.60767330447391,-2.74446999999998));
#7234=CARTESIAN_POINT('',(2.8693883516606,2.74447,-1.60767330447389));
#7235=CARTESIAN_POINT('',(2.93516786559031,2.74447,1.93883690425765E-14));
#7236=CARTESIAN_POINT('',(2.98824923933282,2.74447,1.29732651447987));
#7237=CARTESIAN_POINT('',(3.030156662774,1.95010244026926,2.35030557803727));
#7238=CARTESIAN_POINT('',(3.08483246088846,0.648350086109429,2.66678790809131));
#7245=COLOUR_RGB('',0.764705896377563,0.705882370471954,0.239215686917305);
#7246=AXIS2_PLACEMENT_3D('',#8033,#8034,#8035);
#7247=COLOUR_RGB('',0.764705896377563,0.705882370471954,0.239215686917305);
#7248=AXIS2_PLACEMENT_3D('',#8036,#8037,#8038);
#7249=COLOUR_RGB('',0.764705896377563,0.705882370471954,0.239215686917305);
#7250=AXIS2_PLACEMENT_3D('',#8039,#8040,#8041);
#7251=COLOUR_RGB('',0.764705896377563,0.705882370471954,0.239215686917305);
#7252=AXIS2_PLACEMENT_3D('',#8042,#8043,#8044);
#7253=COLOUR_RGB('',0.764705896377563,0.705882370471954,0.239215686917305);
#7254=AXIS2_PLACEMENT_3D('',#8045,#8046,#8047);
#7255=COLOUR_RGB('',0.764705896377563,0.705882370471954,0.239215686917305);
#7256=CARTESIAN_POINT('',(-0.7796553454233,3.0684421936882,4.03853279677702E-15));
#7257=CARTESIAN_POINT('',(-0.78090967103978,3.06718786807171,-0.0540636091235491));
#7258=CARTESIAN_POINT('',(-0.78216645998769,3.06450130753651,-0.108218672708183));
#7259=CARTESIAN_POINT('',(-0.78342538157447,3.06036868768642,-0.162354330381158));
#7260=CARTESIAN_POINT('',(-0.78468429839966,3.0562360834671,-0.21648978329773));
#7261=CARTESIAN_POINT('',(-0.78594532765273,3.05065741504511,-0.270604873221619));
#7262=CARTESIAN_POINT('',(-0.78720796945513,3.0436311106852,-0.32458376366258));
#7263=CARTESIAN_POINT('',(-0.78847060864405,3.03660482086871,-0.378562542375277));
#7264=CARTESIAN_POINT('',(-0.78973483934444,3.02813098193623,-0.432404130887317));
#7265=CARTESIAN_POINT('',(-0.79100003971168,3.01822095871443,-0.485991116393749));
#7266=CARTESIAN_POINT('',(-0.79226523951691,3.00831093989477,-0.539578078096421));
#7267=CARTESIAN_POINT('',(-0.79353138750454,2.99696491319133,-0.592909441646808));
#7268=CARTESIAN_POINT('',(-0.79479778476741,2.98420710086317,-0.645869467489819));
#7269=CARTESIAN_POINT('',(-0.79606418350209,2.97144927370793,-0.698829554882889));
#7270=CARTESIAN_POINT('',(-0.79733080996113,2.95727992227803,-0.751417333218603));
#7271=CARTESIAN_POINT('',(-0.79859693411412,2.94173530303879,-0.803521839597248));
#7272=CARTESIAN_POINT('',(-0.79986306184937,2.92619063981893,-0.85562649339587));
#7273=CARTESIAN_POINT('',(-0.80112866610896,2.90927104776265,-0.907246956107103));
#7274=CARTESIAN_POINT('',(-0.80239303611211,2.89102323727244,-0.958280001429378));
#7275=CARTESIAN_POINT('',(-0.80365741626515,2.87277528029553,-1.00931345642611));
#7276=CARTESIAN_POINT('',(-0.80492052315791,2.85319980884854,-1.05975791430912));
#7277=CARTESIAN_POINT('',(-0.80744330345807,2.81149713550962,-1.15929846774779));
#7278=CARTESIAN_POINT('',(-0.80870936179957,2.78926361269654,-1.20864650846978));
#7279=CARTESIAN_POINT('',(-0.80997924337016,2.7656755115829,-1.25745844605268));
#7280=CARTESIAN_POINT('',(-0.81124911907044,2.74208751951026,-1.30627015799194));
#7281=CARTESIAN_POINT('',(-0.81252279714811,2.71714528098861,-1.3545448578029));
#7282=CARTESIAN_POINT('',(-0.81379940655531,2.6908877652185,-1.40217266847968));
#7283=CARTESIAN_POINT('',(-0.81507601239396,2.66463032284675,-1.44980034602118));
#7284=CARTESIAN_POINT('',(-0.81635552757036,2.63705804234512,-1.49678021780231));
#7285=CARTESIAN_POINT('',(-0.81763697304788,2.60822309981479,-1.54300469994723));
#7286=CARTESIAN_POINT('',(-0.81891841713027,2.57938818867726,-1.58922913176725));
#7287=CARTESIAN_POINT('',(-0.82020176886905,2.54929114848281,-1.63469727863112));
#7288=CARTESIAN_POINT('',(-0.82148599245046,2.51799625328636,-1.67930709604224));
#7289=CARTESIAN_POINT('',(-0.8227702167662,2.48670134019536,-1.72391693896143));
#7290=CARTESIAN_POINT('',(-0.82405529009344,2.45420918376337,-1.76766760461776));
#7291=CARTESIAN_POINT('',(-0.82534017035876,2.42059438554772,-1.81046539072248));
#7292=CARTESIAN_POINT('',(-0.82662505353134,2.38697951127279,-1.85326327366461));
#7293=CARTESIAN_POINT('',(-0.82790972110328,2.35224266800183,-1.89510750164429));
#7294=CARTESIAN_POINT('',(-0.82919317768775,2.31646635070686,-1.9359150780616));
#7295=CARTESIAN_POINT('',(-0.83047663947974,2.28068988825276,-1.97672282005193));
#7296=CARTESIAN_POINT('',(-0.83175886856301,2.24387466459225,-2.01649323216717));
#7297=CARTESIAN_POINT('',(-0.83303897460536,2.20610794528437,-2.05515592623896));
#7298=CARTESIAN_POINT('',(-0.83559476570423,2.13070493815193,-2.13234778855268));
#7299=CARTESIAN_POINT('',(-0.83816123967995,2.05094577754511,-2.20570843004162));
#7300=CARTESIAN_POINT('',(-0.84074233653664,1.96704776525597,-2.27484250084609));
#7301=CARTESIAN_POINT('',(-0.84175095883697,1.93426270880617,-2.30185821137469));
#7302=CARTESIAN_POINT('',(-0.84276117217054,1.90086636575926,-2.32821052966079));
#7303=CARTESIAN_POINT('',(-0.84377246913062,1.86690015928503,-2.35385915495748));
#7304=CARTESIAN_POINT('',(-0.84478376507561,1.83293398690472,-2.37950775450909));
#7305=CARTESIAN_POINT('',(-0.84579613775305,1.79839819265493,-2.40445246299003));
#7306=CARTESIAN_POINT('',(-0.846809063749,1.76333816292459,-2.42865622011788));
#7307=CARTESIAN_POINT('',(-0.84782198939773,1.72827814521221,-2.45285996894911));
#7308=CARTESIAN_POINT('',(-0.84883546137699,1.69269415032825,-2.47632258328929));
#7309=CARTESIAN_POINT('',(-0.84984895629572,1.65663479225227,-2.49901095024727));
#7310=CARTESIAN_POINT('',(-0.85086245152828,1.62057542301035,-2.52169932423082));
#7311=CARTESIAN_POINT('',(-0.8518759627084,1.58404096105724,-2.54361328596665));
#7312=CARTESIAN_POINT('',(-0.85288898221004,1.54708240800969,-2.56472421951415));
#7313=CARTESIAN_POINT('',(-0.85390200269663,1.51012381902726,-2.58583517358783));
#7314=CARTESIAN_POINT('',(-0.85491452459947,1.47274141674737,-2.60614295591316));
#7315=CARTESIAN_POINT('',(-0.85592607209724,1.43498764483197,-2.62562383962246));
#7316=CARTESIAN_POINT('',(-0.85693762127757,1.39723381011895,-2.64510475573522));
#7317=CARTESIAN_POINT('',(-0.85794818932931,1.359108885574,-2.6637586537845));
#7318=CARTESIAN_POINT('',(-0.85895734916046,1.32066570268575,-2.68156692568547));
#7319=CARTESIAN_POINT('',(-0.85996651141319,1.28222242754914,-2.69937524031919));
#7320=CARTESIAN_POINT('',(-0.86097425900724,1.24346116991317,-2.71633783607299));
#7321=CARTESIAN_POINT('',(-0.86198023196263,1.20443398347758,-2.73244128052159));
#7322=CARTESIAN_POINT('',(-0.86298553273313,1.16543287476603,-2.74853396474843));
#7323=CARTESIAN_POINT('',(-0.86399173442117,1.12606283585147,-2.76381268174938));
#7324=CARTESIAN_POINT('',(-0.86500065617268,1.08628531243587,-2.77828206505107));
#7325=CARTESIAN_POINT('',(-0.86600939864542,1.04651485722533,-2.79274887723824));
#7326=CARTESIAN_POINT('',(-0.86702009199341,1.00636689805223,-2.80639437839468));
#7327=CARTESIAN_POINT('',(-0.86803234849323,0.965891624205667,-2.81919171228302));
#7328=CARTESIAN_POINT('',(-0.8690446030136,0.925416429507351,-2.83198902114654));
#7329=CARTESIAN_POINT('',(-0.8700584137515,0.884614208392208,-2.84393804552508));
#7330=CARTESIAN_POINT('',(-0.87107337413203,0.843538835166446,-2.85501578145671));
#7331=CARTESIAN_POINT('',(-0.8720883332597,0.802463512643593,-2.86609350371409));
#7332=CARTESIAN_POINT('',(-0.87310443490676,0.761115343701843,-2.87629983908398));
#7333=CARTESIAN_POINT('',(-0.87412127178031,0.719550951378011,-2.88561627161689));
#7334=CARTESIAN_POINT('',(-0.87513810810343,0.67798658155332,-2.89493269910676));
#7335=CARTESIAN_POINT('',(-0.87615567243076,0.636206305832334,-2.90335914599971));
#7336=CARTESIAN_POINT('',(-0.87819147488234,0.552330730440414,-2.91840489486169));
#7337=CARTESIAN_POINT('',(-0.87920970576117,0.510235754263766,-2.92502414124235));
#7338=CARTESIAN_POINT('',(-0.88022790719018,0.468042751497067,-2.93073133105919));
#7339=CARTESIAN_POINT('',(-0.88124610944913,0.425849714338464,-2.93643852552802));
#7340=CARTESIAN_POINT('',(-0.88226427507576,0.383558974181922,-2.94123363111945));
#7341=CARTESIAN_POINT('',(-0.88328209318664,0.341229402625956,-2.94511343127906));
#7342=CARTESIAN_POINT('',(-0.88429991284272,0.298899766807505,-2.94899323732878));
#7343=CARTESIAN_POINT('',(-0.88531737796733,0.256531617048135,-2.95195772961106));
#7344=CARTESIAN_POINT('',(-0.88633424244363,0.214182449089972,-2.95400875150591));
#7345=CARTESIAN_POINT('',(-0.88735110922718,0.171833185042301,-2.95605977805449));
#7346=CARTESIAN_POINT('',(-0.88836736861874,0.129503207183384,-2.95719735011838));
#7347=CARTESIAN_POINT('',(-0.88938285744407,0.0872475080874629,-2.95742801093227));
#7348=CARTESIAN_POINT('',(-0.89039843125358,0.0449882726990288,-2.95765869104968));
#7349=CARTESIAN_POINT('',(-0.89141251429873,0.00285479475852342,-2.95698612355735));
#7350=CARTESIAN_POINT('',(-0.89243073909209,-0.0394214650752561,-2.95540389470339));
#7351=CARTESIAN_POINT('',(-0.89344847415576,-0.0816773915407584,-2.95382242684492));
#7352=CARTESIAN_POINT('',(-0.89446791634445,-0.123977817196944,-2.95133127189933));
#7353=CARTESIAN_POINT('',(-0.89548888227208,-0.166265609799621,-2.94792361288919));
#7354=CARTESIAN_POINT('',(-0.89650984594709,-0.208553309100626,-2.94451596139754));
#7355=CARTESIAN_POINT('',(-0.89753232626708,-0.250828051781515,-2.94019180344981));
#7356=CARTESIAN_POINT('',(-0.89855606347584,-0.293030454896404,-2.93494941505907));
#7357=CARTESIAN_POINT('',(-0.8995797992139,-0.335232797383204,-2.92970703419956));
#7358=CARTESIAN_POINT('',(-0.90060478447334,-0.377362465651129,-2.92354644604095));
#7359=CARTESIAN_POINT('',(-0.90163070022204,-0.41935900027047,-2.91647130304664));
#7360=CARTESIAN_POINT('',(-0.90265661524772,-0.461355505293004,-2.90939616503849));
#7361=CARTESIAN_POINT('',(-0.90368345322709,-0.503218537480638,-2.90140652053755));
#7362=CARTESIAN_POINT('',(-0.9057382505589,-0.586556843868111,-2.88361641633892));
#7363=CARTESIAN_POINT('',(-0.90676620228573,-0.628031781041635,-2.87381602930759));
#7364=CARTESIAN_POINT('',(-0.90779431748152,-0.669253234390778,-2.86312471669169));
#7365=CARTESIAN_POINT('',(-0.90882243341484,-0.710474717310091,-2.85243339640637));
#7366=CARTESIAN_POINT('',(-0.90985070519604,-0.751442387832043,-2.84085124625088));
#7367=CARTESIAN_POINT('',(-0.91087873233488,-0.792099161151771,-2.82839764491516));
#7368=CARTESIAN_POINT('',(-0.91190676096441,-0.832755993426237,-2.81594402552098));
#7369=CARTESIAN_POINT('',(-0.91293453744505,-0.873101614488247,-2.80261907199448));
#7370=CARTESIAN_POINT('',(-0.91396166823574,-0.913082123785252,-2.78844658259379));
#7371=CARTESIAN_POINT('',(-0.91498880131411,-0.953062722128765,-2.77427406162749));
#7372=CARTESIAN_POINT('',(-0.91601528141385,-0.992677916080515,-2.75925414070285));
#7373=CARTESIAN_POINT('',(-0.91704074181128,-1.03187794439419,-2.74341427000602));
#7374=CARTESIAN_POINT('',(-0.91755347240869,-1.05147797379205,-2.73549432849905));
#7375=CARTESIAN_POINT('',(-0.91806594815451,-1.07097426378067,-2.727369457717));
#7376=CARTESIAN_POINT('',(-0.91909014598247,-1.10974175604189,-2.71071986280475));
#7377=CARTESIAN_POINT('',(-0.91960277482611,-1.12904738021846,-2.70218058402007));
#7378=CARTESIAN_POINT('',(-0.92011619999158,-1.14827970930769,-2.69342318090321));
#7379=CARTESIAN_POINT('',(-0.92114301170464,-1.18674292090367,-2.675909033368));
#7380=CARTESIAN_POINT('',(-0.92217268661703,-1.22490067352674,-2.65752742040118));
#7381=CARTESIAN_POINT('',(-0.92320481421287,-1.26269673830792,-2.63829384247311));
#7382=CARTESIAN_POINT('',(-0.92423693936873,-1.30049271373821,-2.61906031001375));
#7383=CARTESIAN_POINT('',(-0.92527150974335,-1.33792669160718,-2.59897493553074));
#7384=CARTESIAN_POINT('',(-0.92630804793539,-1.37494216243996,-2.57805893662114));
#7385=CARTESIAN_POINT('',(-0.92734458451006,-1.41195757551513,-2.5571429703481));
#7386=CARTESIAN_POINT('',(-0.92838308111743,-1.44855417058072,-2.53539653211132));
#7387=CARTESIAN_POINT('',(-0.92942301287119,-1.48467641010096,-2.51284638356862));
#7388=CARTESIAN_POINT('',(-0.93046294379189,-1.52079862068468,-2.49029625309022));
#7389=CARTESIAN_POINT('',(-0.931504301868268,-1.55644616997826,-2.46694259121726));
#7390=CARTESIAN_POINT('',(-0.933588764053847,-1.62668505789292,-2.41869209262995));
#7391=CARTESIAN_POINT('',(-0.934631860075591,-1.66127610194136,-2.39379545789938));
#7392=CARTESIAN_POINT('',(-0.93567525559321,-1.69528839591316,-2.36816401716945));
#7393=CARTESIAN_POINT('',(-0.936718651811674,-1.72930071273091,-2.34253255922297));
#7394=CARTESIAN_POINT('',(-0.93776233945133,-1.76273400169695,-2.31616651657461));
#7395=CARTESIAN_POINT('',(-0.938805759867662,-1.79554187681219,-2.28910638140512));
#7396=CARTESIAN_POINT('',(-0.940140333051173,-1.83750435871445,-2.25449547081325));
#7397=CARTESIAN_POINT('',(-0.941474446141499,-1.87844264477326,-2.21874943639912));
#7398=CARTESIAN_POINT('',(-0.942807004285224,-1.91827129226893,-2.1819597477974));
#7399=CARTESIAN_POINT('',(-0.944139569155233,-1.95810014080549,-2.14516987349441));
#7400=CARTESIAN_POINT('',(-0.945470553200928,-1.99681860532392,-2.10733719030731));
#7401=CARTESIAN_POINT('',(-0.948126929645769,-2.07187829095016,-2.02979278354772));
#7402=CARTESIAN_POINT('',(-0.949459286822825,-2.10841752348353,-1.98987837669401));
#7403=CARTESIAN_POINT('',(-0.950795295118426,-2.14388085644536,-1.94888049054182));
#7404=CARTESIAN_POINT('',(-0.952131280038267,-2.17934356891521,-1.90788332171813));
#7405=CARTESIAN_POINT('',(-0.953470818958929,-2.21372757981299,-1.86580555786358));
#7406=CARTESIAN_POINT('',(-0.954812782190203,-2.24693918923744,-1.82273447449214));
#7407=CARTESIAN_POINT('',(-0.956154741213046,-2.28015069450948,-1.77966352619268));
#7408=CARTESIAN_POINT('',(-0.957499096503947,-2.31218899847666,-1.73560018373599));
#7409=CARTESIAN_POINT('',(-0.95884464289676,-2.34296893333162,-1.69064451489009));
#7410=CARTESIAN_POINT('',(-0.960190187813544,-2.37374883442187,-1.64568889535927));
#7411=CARTESIAN_POINT('',(-0.961536895089189,-2.40326963951439,-1.59984197101989));
#7412=CARTESIAN_POINT('',(-0.962883551321839,-2.43145772088816,-1.55321379947193));
#7413=CARTESIAN_POINT('',(-0.964230208755329,-2.45964582739777,-1.50658558634477));
#7414=CARTESIAN_POINT('',(-0.96557678636227,-2.48650057980094,-1.45917721156762));
#7415=CARTESIAN_POINT('',(-0.966922127498349,-2.51196205537162,-1.41110537694998));
#7416=CARTESIAN_POINT('',(-0.96826747257666,-2.53742360555163,-1.36303340146825));
#7417=CARTESIAN_POINT('',(-0.969611553024008,-2.56149136569683,-1.31429908091594));
#7418=CARTESIAN_POINT('',(-0.970953335959869,-2.58412043934973,-1.26502186568615));
#7419=CARTESIAN_POINT('',(-0.972295125757846,-2.60674962873177,-1.21574439844385));
#7420=CARTESIAN_POINT('',(-0.973634591226982,-2.62793975419248,-1.16592514096162));
#7421=CARTESIAN_POINT('',(-0.976306529649221,-2.66737307831171,-1.06546378725722));
#7422=CARTESIAN_POINT('',(-0.977645983149071,-2.68572109889623,-1.01455948871975));
#7423=CARTESIAN_POINT('',(-0.978988785618458,-2.70264620731112,-0.963062052762776));
#7424=CARTESIAN_POINT('',(-0.980331551787985,-2.71957085819107,-0.91156600893146));
#7425=CARTESIAN_POINT('',(-0.981677513409867,-2.73507033074667,-0.859482675856618));
#7426=CARTESIAN_POINT('',(-0.983025750963152,-2.7490905085978,-0.806931054502865));
#7427=CARTESIAN_POINT('',(-0.98437398419468,-2.76311064150744,-0.754379601602643));
#7428=CARTESIAN_POINT('',(-0.985724464100344,-2.77565108571718,-0.701361066024293));
#7429=CARTESIAN_POINT('',(-0.987076259075769,-2.78667089171746,-0.648003168257761));
#7430=CARTESIAN_POINT('',(-0.988428052573858,-2.79769068567455,-0.594645328804332));
#7431=CARTESIAN_POINT('',(-0.989781131280595,-2.8071895569283,-0.540949395445733));
#7432=CARTESIAN_POINT('',(-0.991134621270722,-2.81514145929764,-0.487047921729513));
#7433=CARTESIAN_POINT('',(-0.992488112568871,-2.82309336935175,-0.433146395922534));
#7434=CARTESIAN_POINT('',(-0.993841985327884,-2.82949814529092,-0.379040619742159));
#7435=CARTESIAN_POINT('',(-0.995195489298922,-2.83434534700196,-0.324863909588905));
#7436=CARTESIAN_POINT('',(-0.996548997442406,-2.83919256365546,-0.270687032425141));
#7437=CARTESIAN_POINT('',(-0.997902107657209,-2.84248216607414,-0.216440490582432));
#7438=CARTESIAN_POINT('',(-0.999254260880978,-2.84421898424603,-0.162254101824411));
#7439=CARTESIAN_POINT('',(-1.0006064213393,-2.84595581171062,-0.10806742314766));
#7440=CARTESIAN_POINT('',(-1.0019575970346,-2.84613994207693,-0.0539420993246493));
#7441=CARTESIAN_POINT('',(-1.00330749464382,-2.84479004446771,3.65398087717277E-15));
#7442=COLOUR_RGB('',0.764705896377563,0.705882370471954,0.239215686917305);
#7443=COLOUR_RGB('',0.764705896377563,0.705882370471954,0.239215686917305);
#7444=CARTESIAN_POINT('',(3.08291936207779,2.74638309881065,1.76705200924123E-14));
#7445=CARTESIAN_POINT('',(3.08155604851951,2.74774641236893,-0.0525936931674406));
#7446=CARTESIAN_POINT('',(3.08019317087273,2.74759731694597,-0.105303269906134));
#7447=CARTESIAN_POINT('',(3.07883121347397,2.74592934754066,-0.158000320133686));
#7448=CARTESIAN_POINT('',(3.07746925829476,2.74426138085361,-0.210697284483226));
#7449=CARTESIAN_POINT('',(3.07610825354373,2.74107454042801,-0.263380457498712));
#7450=CARTESIAN_POINT('',(3.0733894463464,2.73167998043396,-0.368458395840665));
#7451=CARTESIAN_POINT('',(3.072031674292,2.72547238328266,-0.420851893517529));
#7452=CARTESIAN_POINT('',(3.07067628122692,2.71777780983909,-0.472971643397237));
#7453=CARTESIAN_POINT('',(3.06932088444643,2.7100832153031,-0.525091536148185));
#7454=CARTESIAN_POINT('',(3.06796789657324,2.70090188425482,-0.576936454386329));
#7455=CARTESIAN_POINT('',(3.06661808762826,2.69027098941459,-0.628384396504571));
#7456=CARTESIAN_POINT('',(3.06526848946711,2.67964175467646,-0.679824304601338));
#7457=CARTESIAN_POINT('',(3.06391600516754,2.66751574007418,-0.731098864546025));
#7458=CARTESIAN_POINT('',(3.06256127443647,2.6539015255846,-0.782089179894763));
#7459=CARTESIAN_POINT('',(3.06120655360037,2.64028741053347,-0.833079122809505));
#7460=CARTESIAN_POINT('',(3.05984962553296,2.62518537354964,-0.88378323183066));
#7461=CARTESIAN_POINT('',(3.05849139580842,2.6086192527315,-0.934076845148106));
#7462=CARTESIAN_POINT('',(3.05713317033784,2.59205318379754,-0.984370300948605));
#7463=CARTESIAN_POINT('',(3.05577367285216,2.57402335242517,-1.03425205452343));
#7464=CARTESIAN_POINT('',(3.05441396642914,2.55456898387122,-1.08359746368969));
#7465=CARTESIAN_POINT('',(3.05305426135859,2.53511463466812,-1.13294282377309));
#7466=CARTESIAN_POINT('',(3.05169437772121,2.51423619454894,-1.18175064082154));
#7467=CARTESIAN_POINT('',(3.05033546596178,2.49198764831991,-1.22990045105464));
#7468=CARTESIAN_POINT('',(3.04897655272672,2.469739077932,-1.27805031357184));
#7469=CARTESIAN_POINT('',(3.04761864176704,2.44612095734175,-1.32554101806683));
#7470=CARTESIAN_POINT('',(3.04626290257393,2.42120044947705,-1.37226002149475));
#7471=CARTESIAN_POINT('',(3.04490715901941,2.3962798614431,-1.41897917521766));
#7472=CARTESIAN_POINT('',(3.04355361695141,2.37005753308629,-1.46492556134696));
#7473=CARTESIAN_POINT('',(3.0422033936034,2.34261127386623,-1.50999789086472));
#7474=CARTESIAN_POINT('',(3.04085313264533,2.31516425013849,-1.55507147585929));
#7475=CARTESIAN_POINT('',(3.03950634955305,2.28649684606141,-1.59926580316273));
#7476=CARTESIAN_POINT('',(3.0368202796887,2.22685943878832,-1.68576783169222));
#7477=CARTESIAN_POINT('',(3.03547397739127,2.19573200062775,-1.7283007840179));
#7478=CARTESIAN_POINT('',(3.03412572145222,2.16335767300009,-1.76999903484636));
#7479=CARTESIAN_POINT('',(3.03277747244868,2.13098351190787,-1.81169707117656));
#7480=CARTESIAN_POINT('',(3.03142729716389,2.09736307109741,-1.85255943191042));
#7481=CARTESIAN_POINT('',(3.0300763348295,2.06256574098125,-1.8924823563092));
#7482=CARTESIAN_POINT('',(3.02872537646378,2.02776851308802,-1.93240516342778));
#7483=CARTESIAN_POINT('',(3.02737365971482,1.99179513820506,-1.97138758090349));
#7484=CARTESIAN_POINT('',(3.0260224164355,1.95472874785124,-2.00933186157791));
#7485=CARTESIAN_POINT('',(3.02467117434233,1.91766239003517,-2.04727610894396));
#7486=CARTESIAN_POINT('',(3.02332043493358,1.87950386482506,-2.0841813208611));
#7487=CARTESIAN_POINT('',(3.0219714540462,1.8403478998662,-2.11995919522904));
#7488=CARTESIAN_POINT('',(3.02062247163122,1.80119189056719,-2.15573711011178));
#7489=CARTESIAN_POINT('',(3.01927527681482,1.7610393675812,-2.19038687225859));
#7490=CARTESIAN_POINT('',(3.01793108378271,1.71999382279683,-2.22383233845321));
#7491=CARTESIAN_POINT('',(3.01689601655158,1.68838757475427,-2.24958630775728));
#7492=CARTESIAN_POINT('',(3.01586273881253,1.65625232594578,-2.27462618455656));
#7493=CARTESIAN_POINT('',(3.01483176699817,1.62363768098649,-2.29892278418571));
#7494=CARTESIAN_POINT('',(3.01380079283493,1.59102296172077,-2.32321943917014));
#7495=CARTESIAN_POINT('',(3.01277213199043,1.55792911518114,-2.34677265212872));
#7496=CARTESIAN_POINT('',(3.0117462430943,1.52440646549972,-2.36955860201287));
#7497=CARTESIAN_POINT('',(3.01123329824057,1.50764512740252,-2.38095158596562));
#7498=CARTESIAN_POINT('',(3.01072104585715,1.49077660775558,-2.3921528282634));
#7499=CARTESIAN_POINT('',(3.00969807849163,1.45683944603889,-2.41416579272054));
#7500=CARTESIAN_POINT('',(3.00918632120982,1.43973624576019,-2.42499998790114));
#7501=CARTESIAN_POINT('',(3.00867430097724,1.42250197736734,-2.43565829723099));
#7502=CARTESIAN_POINT('',(3.0076502632715,1.38803353346086,-2.45697485845077));
#7503=CARTESIAN_POINT('',(3.00662518926762,1.35304113332863,-2.47758734413189));
#7504=CARTESIAN_POINT('',(3.00559950066399,1.31756679172069,-2.4974619430404));
#7505=CARTESIAN_POINT('',(3.00457381438146,1.28209253039102,-2.51733649697277));
#7506=CARTESIAN_POINT('',(3.00354752065157,1.24613657663393,-2.53647299093234));
#7507=CARTESIAN_POINT('',(3.00252107779532,1.20974544219597,-2.55484029890059));
#7508=CARTESIAN_POINT('',(3.00149463647259,1.17335436212633,-2.57320757942813));
#7509=CARTESIAN_POINT('',(3.00046805341116,1.13652837364046,-2.59080551464176));
#7510=CARTESIAN_POINT('',(2.99944180366193,1.0993177232487,-2.60760654291742));
#7511=CARTESIAN_POINT('',(2.99841555470097,1.06210710143852,-2.62440755828816));
#7512=CARTESIAN_POINT('',(2.99738964655983,1.02451210739062,-2.64041152461164));
#7513=CARTESIAN_POINT('',(2.99533945958759,0.948659660166916,-2.67077873123702));
#7514=CARTESIAN_POINT('',(2.99431518828097,0.910402508430994,-2.68514184933148));
#7515=CARTESIAN_POINT('',(2.99329219496948,0.871869551739141,-2.69866591358414));
#7516=CARTESIAN_POINT('',(2.99226920101131,0.833336570689088,-2.71218998638589));
#7517=CARTESIAN_POINT('',(2.99124749249346,0.794528092289979,-2.72487490523013));
#7518=CARTESIAN_POINT('',(2.9902274912053,0.755500241212223,-2.73670715806514));
#7519=CARTESIAN_POINT('',(2.98920748854259,0.71647233754138,-2.74853942684509));
#7520=CARTESIAN_POINT('',(2.98818920038123,0.677225369210264,-2.75951895337693));
#7521=CARTESIAN_POINT('',(2.98717299821966,0.637815406063947,-2.76963741135116));
#7522=CARTESIAN_POINT('',(2.98514003606453,0.558973846143714,-2.78987988170602));
#7523=CARTESIAN_POINT('',(2.98311784497428,0.479574802014838,-2.80665537766663));
#7524=CARTESIAN_POINT('',(2.98110200737695,0.399790999932855,-2.82000230137422));
#7525=CARTESIAN_POINT('',(2.98009271277746,0.359844646776936,-2.82668487244825));
#7526=CARTESIAN_POINT('',(2.97908193170584,0.319679712700738,-2.83252759530758));
#7527=CARTESIAN_POINT('',(2.97806987108752,0.279346360345822,-2.83751526729013));
#7528=CARTESIAN_POINT('',(2.9770578127934,0.239013100616949,-2.84250292781845));
#7529=CARTESIAN_POINT('',(2.9760444816837,0.198511705370903,-2.84663547265278));
#7530=CARTESIAN_POINT('',(2.9750301012703,0.157895499876027,-2.84990170251523));
#7531=CARTESIAN_POINT('',(2.97401572242504,0.117279357170612,-2.85316792732833));
#7532=CARTESIAN_POINT('',(2.97300030123206,0.0765487032427732,-2.85556779292176));
#7533=CARTESIAN_POINT('',(2.97198405911446,0.0357590208433606,-2.85709463293473));
#7534=CARTESIAN_POINT('',(2.97096781640014,-0.00503068550677658,-2.8586214738442));
#7535=CARTESIAN_POINT('',(2.96995089813294,-0.0458789609176645,-2.85927512927347));
#7536=CARTESIAN_POINT('',(2.96792004013347,-0.127579942441955,-2.85882851781975));
#7537=CARTESIAN_POINT('',(2.96690559511995,-0.168432102788829,-2.85772876505991));
#7538=CARTESIAN_POINT('',(2.96589239372573,-0.209228968369475,-2.85575567083341));
#7539=CARTESIAN_POINT('',(2.96487919182892,-0.250025854186484,-2.85378257562822));
#7540=CARTESIAN_POINT('',(2.96386724061491,-0.290767137770401,-2.85093615935611));
#7541=CARTESIAN_POINT('',(2.96285682754841,-0.331396627443599,-2.8472244105767));
#7542=CARTESIAN_POINT('',(2.9618464132996,-0.372026164658278,-2.84351265745405));
#7543=CARTESIAN_POINT('',(2.96083754416781,-0.412543607699176,-2.83893561323877));
#7544=CARTESIAN_POINT('',(2.95983051840882,-0.452894547930258,-2.83350591266702));
#7545=CARTESIAN_POINT('',(2.9588234907607,-0.493245563856968,-2.82807620190955));
#7546=CARTESIAN_POINT('',(2.9578183132693,-0.533429789600601,-2.82179389635963));
#7547=CARTESIAN_POINT('',(2.95681527751762,-0.573395567933248,-2.81467585012959));
#7548=CARTESIAN_POINT('',(2.95581222387638,-0.613362059071353,-2.80755767694637));
#7549=CARTESIAN_POINT('',(2.95481138432737,-0.653107225029331,-2.79960439014828));
#7550=CARTESIAN_POINT('',(2.95281392527744,-0.732088245630243,-2.78206202839569));
#7551=CARTESIAN_POINT('',(2.95181340023529,-0.77147852410633,-2.7724379167933));
#7552=CARTESIAN_POINT('',(2.95081153563013,-0.81071079495995,-2.76196633102749));
#7553=CARTESIAN_POINT('',(2.94980967349159,-0.849942969224416,-2.75149477104257));
#7554=CARTESIAN_POINT('',(2.94880647799179,-0.889016867386445,-2.74017577626409));
#7555=CARTESIAN_POINT('',(2.94780229787272,-0.927880235156024,-2.72801786259973));
#7556=CARTESIAN_POINT('',(2.94679811949414,-0.966743535566943,-2.71585997000769));
#7557=CARTESIAN_POINT('',(2.94579296298713,-1.00539602841394,-2.70286322211269));
#7558=CARTESIAN_POINT('',(2.94478723434076,-1.04378487090219,-2.68904095086958));
#7559=CARTESIAN_POINT('',(2.943781506751,-1.08217367305938,-2.67521869414808));
#7560=CARTESIAN_POINT('',(2.94277521370507,-1.12029854498217,-2.66057100044569));
#7561=CARTESIAN_POINT('',(2.94176880205444,-1.15810707889329,-2.64511599456554));
#7562=CARTESIAN_POINT('',(2.94076239080451,-1.19591559775286,-2.62966099483804));
#7563=CARTESIAN_POINT('',(2.93975586773625,-1.23340750140503,-2.61339879036429));
#7564=CARTESIAN_POINT('',(2.93774354214268,-1.3076560385368,-2.57930542089607));
#7565=CARTESIAN_POINT('',(2.9367377464213,-1.34441240247267,-2.56147438240419));
#7566=CARTESIAN_POINT('',(2.93573280024806,-1.38075209152385,-2.54288596730686));
#7567=CARTESIAN_POINT('',(2.93472785318331,-1.41709181281301,-2.5242975357192));
#7568=CARTESIAN_POINT('',(2.93372376240265,-1.45301460206191,-2.50495187080424));
#7569=CARTESIAN_POINT('',(2.93272100487075,-1.48847475551472,-2.48487968190404));
#7570=CARTESIAN_POINT('',(2.93171824577836,-1.52393496414977,-2.46480746176798));
#7571=CARTESIAN_POINT('',(2.93071682651386,-1.558932296877,-2.44400887502866));
#7572=CARTESIAN_POINT('',(2.92971720225706,-1.59342484291723,-2.42251768663236));
#7573=CARTESIAN_POINT('',(2.92871757573475,-1.62791746712929,-2.40102644952974));
#7574=CARTESIAN_POINT('',(2.92771975054709,-1.66190508629063,-2.37884277909307));
#7575=CARTESIAN_POINT('',(2.92672414228835,-1.69535023695108,-2.35600264636467));
#7576=CARTESIAN_POINT('',(2.92473556023895,-1.76215203942705,-2.3103828179316));
#7577=CARTESIAN_POINT('',(2.92274366677957,-1.82720019395956,-2.26186709913648));
#7578=CARTESIAN_POINT('',(2.92074587969588,-1.89033164837458,-2.21050845851177));
#7579=CARTESIAN_POINT('',(2.91944898128577,-1.93131453565414,-2.17716809911316));
#7580=CARTESIAN_POINT('',(2.91815049474556,-1.97146026295163,-2.14265149132557));
#7581=CARTESIAN_POINT('',(2.91685145530532,-2.01067431632441,-2.10702625840205));
#7582=CARTESIAN_POINT('',(2.91555241887929,-2.04988827870618,-2.07140110814215));
#7583=CARTESIAN_POINT('',(2.91425285324086,-2.08816976494853,-2.03466799313904));
#7584=CARTESIAN_POINT('',(2.91295386180593,-2.12543027990749,-1.99690642660667));
#7585=CARTESIAN_POINT('',(2.91165487110399,-2.16269077384142,-1.95914488138204));
#7586=CARTESIAN_POINT('',(2.91035647864665,-2.19892954375485,-1.92035562824111));
#7587=CARTESIAN_POINT('',(2.90905980018421,-2.23406693684547,-1.88062811823363));
#7588=CARTESIAN_POINT('',(2.90776312021629,-2.26920437073214,-1.84090056210077));
#7589=CARTESIAN_POINT('',(2.90646817812043,-2.30323974666712,-1.80023555359547));
#7590=CARTESIAN_POINT('',(2.90517604809994,-2.33610448370826,-1.75872997335173));
#7591=CARTESIAN_POINT('',(2.90388391428495,-2.36896931725998,-1.71722427122271));
#7592=CARTESIAN_POINT('',(2.90259461574829,-2.40066292230814,-1.67487883860816));
#7593=CARTESIAN_POINT('',(2.90130912996539,-2.43112942766761,-1.63179491721801));
#7594=CARTESIAN_POINT('',(2.90002362838085,-2.46159630753253,-1.58871046622451));
#7595=CARTESIAN_POINT('',(2.89874200300164,-2.49083467931956,-1.54488980511931));
#7596=CARTESIAN_POINT('',(2.89618751294266,-2.54678402436645,-1.45595791869262));
#7597=CARTESIAN_POINT('',(2.89490815964127,-2.57363651129123,-1.41061999661709));
#7598=CARTESIAN_POINT('',(2.8936276761458,-2.59929367287246,-1.36449948477045));
#7599=CARTESIAN_POINT('',(2.89234719857882,-2.62495071566437,-1.31837918645582));
#7600=CARTESIAN_POINT('',(2.89106561227666,-2.64941188963382,-1.27147707188192));
#7601=CARTESIAN_POINT('',(2.88978379385634,-2.6726148330316,-1.2238872285009));
#7602=CARTESIAN_POINT('',(2.88850197900283,-2.69581771186426,-1.17629751754462));
#7603=CARTESIAN_POINT('',(2.88721995441621,-2.71776187113539,-1.12802094374746));
#7604=CARTESIAN_POINT('',(2.8859386333755,-2.73839416084376,-1.07916080403323));
#7605=CARTESIAN_POINT('',(2.88465731369334,-2.75902642867649,-1.03030071612359));
#7606=CARTESIAN_POINT('',(2.88337672032631,-2.77834640837727,-0.980857992011333));
#7607=CARTESIAN_POINT('',(2.88209774960719,-2.79631217914731,-0.930942429445124));
#7608=CARTESIAN_POINT('',(2.88081877810875,-2.81427796086444,-0.881026836463853));
#7609=CARTESIAN_POINT('',(2.87954145193483,-2.83088919764429,-0.830639370751244));
#7610=CARTESIAN_POINT('',(2.87826660092333,-2.84611647900254,-0.779893348313273));
#7611=CARTESIAN_POINT('',(2.87699174697627,-2.86134379542408,-0.729147209024416));
#7612=CARTESIAN_POINT('',(2.87571939032787,-2.87518691232692,-0.678043486716866));
#7613=CARTESIAN_POINT('',(2.87445024552004,-2.88762948455165,-0.626695759211726));
#7614=CARTESIAN_POINT('',(2.87318109551366,-2.90007210774215,-0.575347821382199));
#7615=CARTESIAN_POINT('',(2.87191517849262,-2.9111140410795,-0.523756830305457));
#7616=CARTESIAN_POINT('',(2.87065304217842,-2.92075181223844,-0.472033085852345));
#7617=CARTESIAN_POINT('',(2.87002177747564,-2.92557219865587,-0.446163158966879));
#7618=CARTESIAN_POINT('',(2.86939236599772,-2.93003560741978,-0.420297457208714));
#7619=CARTESIAN_POINT('',(2.86876200524828,-2.93416125811787,-0.394331714223298));
#7620=CARTESIAN_POINT('',(2.86813164167901,-2.93828692727162,-0.368365855082913));
#7621=CARTESIAN_POINT('',(2.86750066965671,-2.94207156796445,-0.342313783790919));
#7622=CARTESIAN_POINT('',(2.86686913660855,-2.94551121654554,-0.316188035840536));
#7623=CARTESIAN_POINT('',(2.86560607130334,-2.95239050939889,-0.263936572667202));
#7624=CARTESIAN_POINT('',(2.8643407671287,-2.95788913606547,-0.211390235325075));
#7625=CARTESIAN_POINT('',(2.86307363128888,-2.96198277687322,-0.158655283725908));
#7626=CARTESIAN_POINT('',(2.86180649956409,-2.96607640438694,-0.105920503382391));
#7627=CARTESIAN_POINT('',(2.86053755715598,-2.96876490373213,-0.0529980442158741));
#7628=CARTESIAN_POINT('',(2.85926721285703,-2.97003524803109,1.67986976917571E-14));
#7629=AXIS2_PLACEMENT_3D('',#8048,#8049,#8050);
#7630=COLOUR_RGB('',0.764705896377563,0.705882370471954,0.239215686917305);
#7631=AXIS2_PLACEMENT_3D('',#8051,#8052,#8053);
#7632=COLOUR_RGB('',0.764705896377563,0.705882370471954,0.239215686917305);
#7633=CARTESIAN_POINT('',(7.08660246088847,-3.175,1.57480000000003));
#7634=CARTESIAN_POINT('',(7.59460246088847,-3.175,1.57480000000003));
#7635=CARTESIAN_POINT('',(7.08660246088847,-3.175,1.57480000000003));
#7636=VECTOR('',#8054,1000.0);
#7637=CARTESIAN_POINT('',(7.59460246088846,-3.175,3.17500000000003));
#7638=CARTESIAN_POINT('',(7.59460246088847,-3.175,3.28764962758395E-14));
#7639=VECTOR('',#8055,1000.0);
#7640=CARTESIAN_POINT('',(5.68960246088846,-3.175,3.175));
#7641=CARTESIAN_POINT('',(-1.93039753911154,-3.175,3.175));
#7642=VECTOR('',#8056,1000.0);
#7643=CARTESIAN_POINT('',(5.68960246088848,-3.175,-3.175));
#7644=CARTESIAN_POINT('',(5.68960246088847,-3.175,2.62982764748692E-14));
#7645=VECTOR('',#8057,1000.0);
#7646=CARTESIAN_POINT('',(7.59460246088848,-3.175,-3.17499999999996));
#7647=CARTESIAN_POINT('',(-1.93039753911152,-3.175,-3.175));
#7648=VECTOR('',#8058,1000.0);
#7649=CARTESIAN_POINT('',(7.59460246088848,-3.175,-1.57479999999996));
#7650=CARTESIAN_POINT('',(7.59460246088847,-3.175,3.28764962758395E-14));
#7651=VECTOR('',#8059,1000.0);
#7652=CARTESIAN_POINT('',(7.08660246088848,-3.175,-1.57479999999997));
#7653=CARTESIAN_POINT('',(7.08660246088848,-3.175,-1.57479999999997));
#7654=VECTOR('',#8060,1000.0);
#7655=CARTESIAN_POINT('',(7.08660246088847,-3.175,3.11223043289141E-14));
#7656=VECTOR('',#8061,1000.0);
#7657=COLOUR_RGB('',0.764705896377563,0.705882370471954,0.239215686917305);
#7658=CARTESIAN_POINT('',(7.59460246088848,-1.5748,-3.17499999999996));
#7659=CARTESIAN_POINT('',(7.59460246088848,0.0,-3.17499999999996));
#7660=VECTOR('',#8062,1000.0);
#7661=CARTESIAN_POINT('',(7.59460246088848,-1.5748,-1.57479999999996));
#7662=CARTESIAN_POINT('',(7.59460246088847,-1.5748,3.28764962758395E-14));
#7663=VECTOR('',#8063,1000.0);
#7664=CARTESIAN_POINT('',(7.59460246088848,0.0,-1.57479999999996));
#7665=VECTOR('',#8064,1000.0);
#7666=COLOUR_RGB('',0.764705896377563,0.705882370471954,0.239215686917305);
#7667=CARTESIAN_POINT('',(7.59460246088846,1.5748,3.17500000000003));
#7668=CARTESIAN_POINT('',(7.59460246088846,3.175,3.17500000000003));
#7669=CARTESIAN_POINT('',(7.59460246088846,0.0,3.17500000000003));
#7670=VECTOR('',#8065,1000.0);
#7671=CARTESIAN_POINT('',(7.59460246088847,1.5748,1.57480000000003));
#7672=CARTESIAN_POINT('',(7.59460246088847,1.5748,3.28764962758395E-14));
#7673=VECTOR('',#8066,1000.0);
#7674=CARTESIAN_POINT('',(7.59460246088847,3.175,1.57480000000003));
#7675=CARTESIAN_POINT('',(7.59460246088847,0.0,1.57480000000003));
#7676=VECTOR('',#8067,1000.0);
#7677=CARTESIAN_POINT('',(7.59460246088847,3.175,3.28764962758395E-14));
#7678=VECTOR('',#8068,1000.0);
#7679=COLOUR_RGB('',0.764705896377563,0.705882370471954,0.239215686917305);
#7680=CARTESIAN_POINT('',(7.59460246088848,1.5748,-1.57479999999996));
#7681=CARTESIAN_POINT('',(7.59460246088848,3.175,-1.57479999999996));
#7682=CARTESIAN_POINT('',(7.59460246088848,0.0,-1.57479999999996));
#7683=VECTOR('',#8069,1000.0);
#7684=CARTESIAN_POINT('',(7.59460246088848,1.5748,-3.17499999999996));
#7685=CARTESIAN_POINT('',(7.59460246088847,1.5748,3.28764962758395E-14));
#7686=VECTOR('',#8070,1000.0);
#7687=CARTESIAN_POINT('',(7.59460246088848,3.175,-3.17499999999996));
#7688=CARTESIAN_POINT('',(7.59460246088848,0.0,-3.17499999999996));
#7689=VECTOR('',#8071,1000.0);
#7690=CARTESIAN_POINT('',(7.59460246088847,3.175,3.28764962758395E-14));
#7691=VECTOR('',#8072,1000.0);
#7692=COLOUR_RGB('',0.764705896377563,0.705882370471954,0.239215686917305);
#7693=CARTESIAN_POINT('',(7.59460246088847,-1.5748,1.57480000000003));
#7694=CARTESIAN_POINT('',(7.59460246088847,0.0,1.57480000000003));
#7695=VECTOR('',#8073,1000.0);
#7696=CARTESIAN_POINT('',(7.59460246088846,-1.5748,3.17500000000003));
#7697=CARTESIAN_POINT('',(7.59460246088847,-1.5748,3.28764962758395E-14));
#7698=VECTOR('',#8074,1000.0);
#7699=CARTESIAN_POINT('',(7.59460246088846,0.0,3.17500000000003));
#7700=VECTOR('',#8075,1000.0);
#7701=COLOUR_RGB('',0.764705896377563,0.705882370471954,0.239215686917305);
#7702=CARTESIAN_POINT('',(7.08660246088846,-1.5748,3.175));
#7703=CARTESIAN_POINT('',(7.08660246088847,-1.5748,1.57480000000003));
#7704=CARTESIAN_POINT('',(7.08660246088847,-1.5748,3.11223043289141E-14));
#7705=VECTOR('',#8076,1000.0);
#7706=CARTESIAN_POINT('',(7.08660246088846,-1.5748,3.175));
#7707=VECTOR('',#8077,1000.0);
#7708=CARTESIAN_POINT('',(7.08660246088847,-1.5748,1.57480000000003));
#7709=VECTOR('',#8078,1000.0);
#7710=COLOUR_RGB('',0.764705896377563,0.705882370471954,0.239215686917305);
#7711=CARTESIAN_POINT('',(7.08660246088848,-1.5748,-1.57479999999997));
#7712=CARTESIAN_POINT('',(7.08660246088848,-1.5748,-3.175));
#7713=CARTESIAN_POINT('',(7.08660246088847,-1.5748,3.11223043289141E-14));
#7714=VECTOR('',#8079,1000.0);
#7715=CARTESIAN_POINT('',(7.08660246088848,-1.5748,-1.57479999999997));
#7716=VECTOR('',#8080,1000.0);
#7717=CARTESIAN_POINT('',(7.08660246088848,-1.5748,-3.175));
#7718=VECTOR('',#8081,1000.0);
#7719=COLOUR_RGB('',0.764705896377563,0.705882370471954,0.239215686917305);
#7720=CARTESIAN_POINT('',(7.08660246088848,0.0,-1.57479999999997));
#7721=VECTOR('',#8082,1000.0);
#7722=COLOUR_RGB('',0.764705896377563,0.705882370471954,0.239215686917305);
#7723=COLOUR_RGB('',0.764705896377563,0.705882370471954,0.239215686917305);
#7724=CARTESIAN_POINT('',(5.68960246088848,3.175,-3.175));
#7725=CARTESIAN_POINT('',(5.68960246088848,0.0,-3.175));
#7726=VECTOR('',#8083,1000.0);
#7727=CARTESIAN_POINT('',(-1.93039753911152,3.175,-3.175));
#7728=VECTOR('',#8084,1000.0);
#7729=CARTESIAN_POINT('',(7.08660246088848,1.5748,-3.175));
#7730=CARTESIAN_POINT('',(7.08660246088848,1.5748,-3.175));
#7731=VECTOR('',#8085,1000.0);
#7732=CARTESIAN_POINT('',(7.08660246088848,0.0,-3.175));
#7733=VECTOR('',#8086,1000.0);
#7734=COLOUR_RGB('',0.764705896377563,0.705882370471954,0.239215686917305);
#7735=CARTESIAN_POINT('',(7.08660246088847,0.0,1.57480000000003));
#7736=VECTOR('',#8087,1000.0);
#7737=COLOUR_RGB('',0.764705896377563,0.705882370471954,0.239215686917305);
#7738=CARTESIAN_POINT('',(7.08660246088847,3.175,1.57480000000003));
#7739=CARTESIAN_POINT('',(7.08660246088847,1.5748,1.57480000000003));
#7740=CARTESIAN_POINT('',(7.08660246088847,0.0,1.57480000000003));
#7741=VECTOR('',#8088,1000.0);
#7742=CARTESIAN_POINT('',(7.08660246088847,3.175,1.57480000000003));
#7743=VECTOR('',#8089,1000.0);
#7744=CARTESIAN_POINT('',(7.08660246088847,1.5748,1.57480000000003));
#7745=VECTOR('',#8090,1000.0);
#7746=COLOUR_RGB('',0.764705896377563,0.705882370471954,0.239215686917305);
#7747=CARTESIAN_POINT('',(5.68960246088846,3.175,3.175));
#7748=CARTESIAN_POINT('',(5.68960246088846,0.0,3.175));
#7749=VECTOR('',#8091,1000.0);
#7750=CARTESIAN_POINT('',(5.68960246088847,3.175,2.62982764748692E-14));
#7751=VECTOR('',#8092,1000.0);
#7752=COLOUR_RGB('',0.764705896377563,0.705882370471954,0.239215686917305);
#7753=CARTESIAN_POINT('',(7.08660246088846,1.5748,3.175));
#7754=CARTESIAN_POINT('',(7.08660246088847,1.5748,3.11223043289141E-14));
#7755=VECTOR('',#8093,1000.0);
#7756=CARTESIAN_POINT('',(7.08660246088846,1.5748,3.175));
#7757=VECTOR('',#8094,1000.0);
#7758=COLOUR_RGB('',0.764705896377563,0.705882370471954,0.239215686917305);
#7759=CARTESIAN_POINT('',(7.08660246088848,1.5748,-1.57479999999997));
#7760=CARTESIAN_POINT('',(7.08660246088847,1.5748,3.11223043289141E-14));
#7761=VECTOR('',#8095,1000.0);
#7762=CARTESIAN_POINT('',(7.08660246088848,3.175,-1.57479999999997));
#7763=CARTESIAN_POINT('',(7.08660246088848,0.0,-1.57479999999997));
#7764=VECTOR('',#8096,1000.0);
#7765=CARTESIAN_POINT('',(7.08660246088847,3.175,3.11223043289141E-14));
#7766=VECTOR('',#8097,1000.0);
#7767=CARTESIAN_POINT('',(7.08660246088846,0.0,3.175));
#7768=VECTOR('',#8098,1000.0);
#7769=COLOUR_RGB('',0.764705896377563,0.705882370471954,0.239215686917305);
#7770=CARTESIAN_POINT('',(7.08660246088848,1.5748,-1.57479999999997));
#7771=VECTOR('',#8099,1000.0);
#7772=COLOUR_RGB('',0.764705896377563,0.705882370471954,0.239215686917305);
#7773=CARTESIAN_POINT('',(-1.93039753911154,3.175,3.175));
#7774=VECTOR('',#8100,1000.0);
#7775=COLOUR_RGB('',0.764705896377563,0.705882370471954,0.239215686917305);
#7776=CARTESIAN_POINT('',(7.08660246088848,3.175,-1.57479999999997));
#7777=VECTOR('',#8101,1000.0);
#7778=COLOUR_RGB('',0.764705896377563,0.705882370471954,0.239215686917305);
#7779=COLOUR_RGB('',0.764705896377563,0.705882370471954,0.239215686917305);
#7780=DIRECTION('',(-1.0,-0.0,-3.4531337537902E-15));
#7781=CARTESIAN_POINT('',(5.68960246088847,0.0,2.62982764748692E-14));
#7782=DIRECTION('',(-1.0,0.0,-3.4531337537902E-15));
#7783=DIRECTION('',(0.0,1.0,0.0));
#7784=DIRECTION('',(1.0,0.0,3.4531337537902E-15));
#7785=CARTESIAN_POINT('',(3.14960246088847,0.0,1.75273167402421E-14));
#7786=DIRECTION('',(-1.0,0.0,-3.4531337537902E-15));
#7787=DIRECTION('',(0.0,1.0,0.0));
#7788=DIRECTION('',(0.707106781186548,-0.707106781186547,2.52832989927276E-15));
#7789=CARTESIAN_POINT('',(2.74334005289265,-0.00902791496884461,-0.267186123999753));
#7790=DIRECTION('',(-0.996372284731795,-0.0112976738569804,0.0843482826367251));
#7791=DIRECTION('',(-0.00404534391659226,0.996316100586096,0.0856613267788493));
#7792=CARTESIAN_POINT('',(2.70065746088847,0.0,1.59770496071468E-14));
#7793=DIRECTION('',(-1.0,0.0,-3.4531337537902E-15));
#7794=DIRECTION('',(0.0,1.0,0.0));
#7795=DIRECTION('',(-0.707106781186548,-0.707106781186547,-2.35513868802566E-15));
#7796=DIRECTION('',(0.707106781186548,-0.707106781186547,2.52832989927276E-15));
#7797=CARTESIAN_POINT('',(3.08341159094588,-0.00135105546251102,-0.0712329994900945));
#7798=DIRECTION('',(-0.999664464949412,-0.000850230359081394,0.0258888900059864));
#7799=DIRECTION('',(0.000516932359600779,0.998607276667274,0.05275641921232));
#7800=CARTESIAN_POINT('',(3.08483246088847,0.0,1.73036572670091E-14));
#7801=DIRECTION('',(-1.0,0.0,-3.4531337537902E-15));
#7802=DIRECTION('',(0.0,1.0,0.0));
#7803=CARTESIAN_POINT('',(2.70065746088847,0.0,1.59770496071468E-14));
#7804=DIRECTION('',(-1.0,0.0,-3.4531337537902E-15));
#7805=DIRECTION('',(0.0,1.0,0.0));
#7806=DIRECTION('',(0.707106781186548,0.707106781186547,2.52832989927276E-15));
#7807=CARTESIAN_POINT('',(-1.16839753911153,0.0,2.61668519137601E-15));
#7808=DIRECTION('',(1.0,0.0,3.4531337537902E-15));
#7809=DIRECTION('',(0.0,-1.0,0.0));
#7810=DIRECTION('',(-0.707106781186548,0.707106781186547,-2.35513868802566E-15));
#7811=CARTESIAN_POINT('',(-1.10362753911153,0.0,2.840344664609E-15));
#7812=DIRECTION('',(1.0,0.0,3.4531337537902E-15));
#7813=DIRECTION('',(0.0,-1.0,0.0));
#7814=CARTESIAN_POINT('',(-0.71945253911153,0.0,4.16695232447136E-15));
#7815=DIRECTION('',(1.0,0.0,3.4531337537902E-15));
#7816=DIRECTION('',(0.0,-1.0,0.0));
#7817=DIRECTION('',(-1.0,-0.0,-3.4531337537902E-15));
#7818=DIRECTION('',(1.0,0.0,3.4531337537902E-15));
#7819=CARTESIAN_POINT('',(-1.93039753911153,0.0,-1.46027290121262E-17));
#7820=DIRECTION('',(-1.0,0.0,-3.4531337537902E-15));
#7821=DIRECTION('',(0.0,1.0,0.0));
#7822=DIRECTION('',(0.707106781186545,8.65956056235493E-17,0.70710678118655));
#7823=CARTESIAN_POINT('',(-1.93039753911153,0.0,-1.46027290121262E-17));
#7824=DIRECTION('',(-1.0,0.0,-3.39190343609908E-15));
#7825=DIRECTION('',(-3.39190343609908E-15,0.0,1.0));
#7826=DIRECTION('',(-0.70710678118655,8.65956056235493E-17,0.707106781186545));
#7827=CARTESIAN_POINT('',(-1.82879753911153,0.0,3.3001466009554E-16));
#7828=DIRECTION('',(-1.0,0.0,-3.39477290486895E-15));
#7829=DIRECTION('',(-3.39477290486895E-15,0.0,1.0));
#7830=DIRECTION('',(1.0,0.0,3.39190343609908E-15));
#7831=DIRECTION('',(-1.0,0.0,-3.39190343609908E-15));
#7832=CARTESIAN_POINT('',(2.46088847011272E-06,0.0,6.53312766403355E-15));
#7833=DIRECTION('',(-1.0,0.0,-3.3597563955162E-15));
#7834=DIRECTION('',(-3.3597563955162E-15,0.0,1.0));
#7835=DIRECTION('',(1.0,-0.0,3.4531337537902E-15));
#7836=DIRECTION('',(-1.0,0.0,-3.4531337537902E-15));
#7837=DIRECTION('',(1.0,-0.0,3.4531337537902E-15));
#7838=DIRECTION('',(-1.0,0.0,-3.4531337537902E-15));
#7839=DIRECTION('',(1.0,-0.0,3.4531337537902E-15));
#7840=DIRECTION('',(-1.0,0.0,-3.4531337537902E-15));
#7841=DIRECTION('',(1.0,-0.0,3.4531337537902E-15));
#7842=DIRECTION('',(-1.0,0.0,-3.4531337537902E-15));
#7843=DIRECTION('',(1.0,-0.0,3.4531337537902E-15));
#7844=DIRECTION('',(-1.0,0.0,-3.4531337537902E-15));
#7845=DIRECTION('',(-1.0,0.0,-3.4531337537902E-15));
#7846=DIRECTION('',(1.0,-0.0,3.4531337537902E-15));
#7847=DIRECTION('',(1.0,-0.0,3.4531337537902E-15));
#7848=DIRECTION('',(-1.0,0.0,-3.4531337537902E-15));
#7849=DIRECTION('',(1.0,-0.0,3.4531337537902E-15));
#7850=DIRECTION('',(-1.0,0.0,-3.4531337537902E-15));
#7851=DIRECTION('',(1.0,-0.0,3.4531337537902E-15));
#7852=DIRECTION('',(-1.0,0.0,-3.4531337537902E-15));
#7853=DIRECTION('',(1.0,-0.0,3.4531337537902E-15));
#7854=DIRECTION('',(-1.0,0.0,-3.4531337537902E-15));
#7855=DIRECTION('',(-1.0,0.0,-3.4531337537902E-15));
#7856=DIRECTION('',(1.0,-0.0,3.4531337537902E-15));
#7857=DIRECTION('',(1.0,0.0,3.4531337537902E-15));
#7858=CARTESIAN_POINT('',(2.46088847011272E-06,0.0,6.53312766403355E-15));
#7859=DIRECTION('',(-1.0,0.0,-3.34226329950188E-15));
#7860=DIRECTION('',(-3.34226329950188E-15,0.0,1.0));
#7861=DIRECTION('',(-1.0,0.0,-3.4531337537902E-15));
#7862=CARTESIAN_POINT('',(0.12700246088847,0.0,6.71692554245183E-15));
#7863=DIRECTION('',(1.0,0.0,3.39190343609908E-15));
#7864=DIRECTION('',(3.39190343609908E-15,0.0,-1.0));
#7865=DIRECTION('',(1.0,0.0,3.4531337537902E-15));
#7866=CARTESIAN_POINT('',(6.83260246088847,0.0,2.98722592418674E-14));
#7867=DIRECTION('',(-1.0,0.0,-3.39190343609908E-15));
#7868=DIRECTION('',(3.39190343609908E-15,0.0,-1.0));
#7869=DIRECTION('',(-1.0,0.0,-3.4531337537902E-15));
#7870=CARTESIAN_POINT('',(7.08660246088847,0.0,3.11223043289141E-14));
#7871=DIRECTION('',(1.0,0.0,3.4531337537902E-15));
#7872=DIRECTION('',(3.4531337537902E-15,0.0,-1.0));
#7873=DIRECTION('',(1.0,-1.17145536458252E-15,-6.12323399573676E-17));
#7874=CARTESIAN_POINT('',(2.7937600000011,-5.53442372443494E-15,3.10094614397593E-18));
#7875=DIRECTION('',(-1.0,1.17145536458252E-15,6.12323399573677E-17));
#7876=DIRECTION('',(-6.12323399573676E-17,0.0,-1.0));
#7877=CARTESIAN_POINT('',(2.7937600000011,-5.53442372443494E-15,3.10094614397593E-18));
#7878=DIRECTION('',(-1.0,1.17145536458252E-15,6.12323399573677E-17));
#7879=DIRECTION('',(6.12323399573676E-17,0.0,1.0));
#7880=CARTESIAN_POINT('',(2.7937600000011,-5.53442372443494E-15,3.10094614397593E-18));
#7881=DIRECTION('',(-1.0,1.17145536458252E-15,6.12323399573677E-17));
#7882=DIRECTION('',(-6.12323399573676E-17,0.0,-1.0));
#7883=DIRECTION('',(-1.0,1.17145536458252E-15,6.12323399573676E-17));
#7884=CARTESIAN_POINT('',(3.1747600000011,-5.98074821834088E-15,-3.59273090499045E-16));
#7885=DIRECTION('',(-1.0,1.17145536458252E-15,-6.12282954248703E-17));
#7886=DIRECTION('',(1.17145536458252E-15,1.0,-7.17309531289989E-32));
#7887=CARTESIAN_POINT('',(3.1747600000011,-5.98074821834088E-15,-3.59273090499045E-16));
#7888=DIRECTION('',(-1.0,1.17145536458252E-15,-6.12282954248703E-17));
#7889=DIRECTION('',(1.17145536458252E-15,1.0,-7.17309531289989E-32));
#7890=DIRECTION('',(-1.0,1.17145536458252E-15,6.12323399573676E-17));
#7891=CARTESIAN_POINT('',(2.83538827787586,-5.58318939386966E-15,-1.62749308000905E-16));
#7892=DIRECTION('',(-1.0,0.0,6.12323399573676E-17));
#7893=DIRECTION('',(6.12323399573676E-17,0.0,1.0));
#7894=DIRECTION('',(1.0,-1.17145536458252E-15,-6.12323399573676E-17));
#7895=CARTESIAN_POINT('',(2.7937600000011,-5.53442372443494E-15,3.10094614397593E-18));
#7896=DIRECTION('',(-1.0,1.17145536458252E-15,6.12323399573676E-17));
#7897=DIRECTION('',(-6.12323399573676E-17,0.0,-1.0));
#7898=CARTESIAN_POINT('',(2.7937600000011,-5.53442372443494E-15,3.10094614397593E-18));
#7899=DIRECTION('',(-1.0,1.17145536458252E-15,6.12323399573676E-17));
#7900=DIRECTION('',(-6.12323399573676E-17,0.0,-1.0));
#7901=DIRECTION('',(-1.0,1.17145536458252E-15,6.12323399573676E-17));
#7902=CARTESIAN_POINT('',(7.4927600000011,-1.10390924826082E-14,-9.48893108544558E-17));
#7903=DIRECTION('',(-1.0,1.17145536458252E-15,6.12323399573676E-17));
#7904=DIRECTION('',(-6.12323399573676E-17,0.0,-1.0));
#7905=DIRECTION('',(1.0,-1.17145536458252E-15,-6.12323399573676E-17));
#7906=CARTESIAN_POINT('',(6.83071472208262,-1.02635359901941E-14,-4.07392495073234E-16));
#7907=DIRECTION('',(1.0,0.0,-6.12323399573676E-17));
#7908=DIRECTION('',(6.12323399573676E-17,0.0,1.0));
#7909=DIRECTION('',(-0.707106781186549,9.1493963777721E-16,0.707106781186546));
#7910=CARTESIAN_POINT('',(7.5943600000011,-1.11581123476498E-14,-8.86685160392881E-17));
#7911=DIRECTION('',(-1.0,1.17145536458252E-15,6.12323399573676E-17));
#7912=DIRECTION('',(-6.12323399573676E-17,0.0,-1.0));
#7913=DIRECTION('',(0.707106781186549,-7.41748426530113E-16,0.707106781186546));
#7914=DIRECTION('',(-0.499999999999997,0.866025403784441,-1.36671671584926E-16));
#7915=DIRECTION('',(0.499999999999998,0.86602540378444,-7.54433761600559E-17));
#7916=CARTESIAN_POINT('',(3.1747600000011,-5.98074821834088E-15,-3.59273090499045E-16));
#7917=DIRECTION('',(-1.0,1.17145536458252E-15,-6.12282954248703E-17));
#7918=DIRECTION('',(1.17145536458252E-15,1.0,-7.17309531289989E-32));
#7919=DIRECTION('',(-1.0,-0.0,-3.39190343609908E-15));
#7920=CARTESIAN_POINT('',(2.83538827787586,0.0,1.56267883033611E-14));
#7921=DIRECTION('',(1.0,0.0,-6.12323399573676E-17));
#7922=DIRECTION('',(-6.12323399573676E-17,0.0,-1.0));
#7923=DIRECTION('',(1.0,-0.0,3.39190343609908E-15));
#7924=CARTESIAN_POINT('',(0.12700246088847,0.0,6.4402051444395E-15));
#7925=DIRECTION('',(1.0,0.0,3.39190343609908E-15));
#7926=DIRECTION('',(0.0,-1.0,0.0));
#7927=CARTESIAN_POINT('',(0.12700246088847,0.0,6.4402051444395E-15));
#7928=DIRECTION('',(1.0,0.0,3.39190343609908E-15));
#7929=DIRECTION('',(0.0,-1.0,0.0));
#7930=CARTESIAN_POINT('',(0.12700246088847,0.0,6.71692554245183E-15));
#7931=DIRECTION('',(1.0,0.0,3.39190343609908E-15));
#7932=DIRECTION('',(3.39190343609908E-15,0.0,-1.0));
#7933=CARTESIAN_POINT('',(6.83260246088847,0.0,2.91849528255455E-14));
#7934=DIRECTION('',(1.0,0.0,3.39190343609908E-15));
#7935=DIRECTION('',(0.0,-1.0,0.0));
#7936=CARTESIAN_POINT('',(6.83260246088847,0.0,2.91849528255455E-14));
#7937=DIRECTION('',(1.0,0.0,3.39190343609908E-15));
#7938=DIRECTION('',(0.0,-1.0,0.0));
#7939=CARTESIAN_POINT('',(6.83260246088847,0.0,2.98722592418674E-14));
#7940=DIRECTION('',(-1.0,0.0,-3.39190343609908E-15));
#7941=DIRECTION('',(3.39190343609908E-15,0.0,-1.0));
#7942=CARTESIAN_POINT('',(2.83538827787586,0.0,1.56267883033611E-14));
#7943=DIRECTION('',(1.0,0.0,-6.12323399573676E-17));
#7944=DIRECTION('',(-6.12323399573676E-17,0.0,-1.0));
#7945=CARTESIAN_POINT('',(2.83538827787586,0.0,1.56267883033611E-14));
#7946=DIRECTION('',(1.0,0.0,-6.12323399573676E-17));
#7947=DIRECTION('',(-6.12323399573676E-17,0.0,-1.0));
#7948=CARTESIAN_POINT('',(2.83538827787586,-5.58318939386966E-15,-1.62749308000905E-16));
#7949=DIRECTION('',(-1.0,0.0,6.12323399573676E-17));
#7950=DIRECTION('',(6.12323399573676E-17,0.0,1.0));
#7951=CARTESIAN_POINT('',(6.83071472208262,-1.02635359901941E-14,-4.07392495073234E-16));
#7952=DIRECTION('',(1.0,0.0,-6.12323399573676E-17));
#7953=DIRECTION('',(6.12323399573676E-17,0.0,1.0));
#7954=CARTESIAN_POINT('',(3.1747600000011,-5.98074821834088E-15,-3.59273090499045E-16));
#7955=DIRECTION('',(-1.0,1.17145536458252E-15,-6.12282954248703E-17));
#7956=DIRECTION('',(1.17145536458252E-15,1.0,-7.17309531289989E-32));
#7957=CARTESIAN_POINT('',(7.4927600000011,-1.10390924826082E-14,-9.48893108544558E-17));
#7958=DIRECTION('',(-1.0,1.17145536458252E-15,6.12323399573676E-17));
#7959=DIRECTION('',(-6.12323399573676E-17,0.0,-1.0));
#7960=CARTESIAN_POINT('',(7.5943600000011,-1.11581123476498E-14,-8.86685160392881E-17));
#7961=DIRECTION('',(-1.0,1.17145536458252E-15,6.12323399573676E-17));
#7962=DIRECTION('',(-6.12323399573676E-17,0.0,-1.0));
#7963=DIRECTION('',(-1.79894073607345E-18,1.53765558059426E-18,1.0));
#7964=CARTESIAN_POINT('',(0.14247300895819,0.0659635275150575,5.88807035520576E-18));
#7965=DIRECTION('',(-0.99969379818131,0.0247448959954413,6.12135905035101E-17));
#7966=DIRECTION('',(-6.12323399573676E-17,0.0,-1.0));
#7967=DIRECTION('',(-1.79894073607345E-18,1.53765558059426E-18,1.0));
#7968=CARTESIAN_POINT('',(0.14247300895819,0.0659635275150575,5.88807035520576E-18));
#7969=DIRECTION('',(-0.99969379818131,0.0247448959954413,6.12135905035101E-17));
#7970=DIRECTION('',(-6.12323399573676E-17,-2.40160938171304E-34,-1.0));
#7971=DIRECTION('',(-0.999693798181311,0.0247448959954413,-1.836439024567E-18));
#7972=CARTESIAN_POINT('',(-28.3546715357625,0.669707301403399,27.5028271700032));
#7973=DIRECTION('',(0.0247448965042549,0.999693798168716,-4.99077913515642E-10));
#7974=DIRECTION('',(0.714721299566224,-0.0176911219900517,-0.699185589202968));
#7975=DIRECTION('',(-0.999693798181311,0.0247448959954413,-1.836439024567E-18));
#7976=DIRECTION('',(-6.12323399573676E-17,2.25246346437936E-20,-1.0));
#7977=DIRECTION('',(-0.999693798181311,0.0247448959954413,-1.836439024567E-18));
#7978=CARTESIAN_POINT('',(-28.3546715312194,0.669707301336293,-27.5028271655443));
#7979=DIRECTION('',(0.0247448965050628,0.999693798168696,4.99872049864527E-10));
#7980=DIRECTION('',(0.712182729734217,-0.0176282861042508,0.70177275737759));
#7981=DIRECTION('',(-0.999693798181311,0.0247448959954413,-1.836439024567E-18));
#7982=DIRECTION('',(-6.12323399573676E-17,2.25246346437936E-20,-1.0));
#7983=CARTESIAN_POINT('',(2.7937600000011,0.00033761189291816,3.10094614397593E-18));
#7984=DIRECTION('',(1.0,-1.17145536458252E-15,-6.12323399573677E-17));
#7985=DIRECTION('',(1.17145536458252E-15,1.0,-2.54800139550835E-15));
#7986=DIRECTION('',(1.5628750696956E-17,1.7087903860478E-18,-1.0));
#7987=CARTESIAN_POINT('',(0.14247300895819,-0.0659635275150623,-2.11696298625322E-17));
#7988=DIRECTION('',(-0.999693798181311,-0.0247448959954389,6.12135905035101E-17));
#7989=DIRECTION('',(-6.12323399573677E-17,-2.40160938171281E-34,-1.0));
#7990=DIRECTION('',(1.5628750696956E-17,1.7087903860478E-18,-1.0));
#7991=CARTESIAN_POINT('',(0.14247300895819,-0.0659635275150623,-2.11696298625322E-17));
#7992=DIRECTION('',(-0.999693798181311,-0.0247448959954389,6.12135905035101E-17));
#7993=DIRECTION('',(-6.12323399573676E-17,0.0,-1.0));
#7994=CARTESIAN_POINT('',(2.7937600000011,-0.000337611892929008,3.10094614397593E-18));
#7995=DIRECTION('',(1.0,-1.17145536458252E-15,-6.12323399573676E-17));
#7996=DIRECTION('',(1.17145536458252E-15,1.0,3.10689685271432E-15));
#7997=DIRECTION('',(-0.999693798181311,-0.0247448959954389,-1.56662489854496E-17));
#7998=DIRECTION('',(-0.999693798181311,-0.0247448959954389,-1.56662489854496E-17));
#7999=CARTESIAN_POINT('',(-28.3546715275298,-0.669707301234312,27.5028271619213));
#8000=DIRECTION('',(0.0247448965048716,-0.999693798168701,-4.99686587098846E-10));
#8001=DIRECTION('',(0.712182729734063,0.0176282861039805,-0.701772757377754));
#8002=DIRECTION('',(6.12323399573676E-17,1.93711857936605E-19,1.0));
#8003=DIRECTION('',(-0.999693798181311,-0.0247448959954389,-1.56662489854496E-17));
#8004=DIRECTION('',(-0.999693798181311,-0.0247448959954389,-1.56662489854496E-17));
#8005=CARTESIAN_POINT('',(0.24404189885343,-0.0634494460819257,-1.9577938965612E-17));
#8006=DIRECTION('',(-0.999693798181311,-0.0247448959954389,6.12135905035101E-17));
#8007=DIRECTION('',(-6.12323399573676E-17,0.0,-1.0));
#8008=CARTESIAN_POINT('',(-28.354671532246,-0.669707301347742,-27.5028271665516));
#8009=DIRECTION('',(0.0247448965048127,-0.999693798168702,4.99628776253238E-10));
#8010=DIRECTION('',(0.714721299566357,0.0176911219908393,0.699185589202811));
#8011=DIRECTION('',(6.12323399573676E-17,1.93711857936605E-19,1.0));
#8012=CARTESIAN_POINT('',(2.7937600000011,-5.53442372443494E-15,3.10094614397593E-18));
#8013=DIRECTION('',(-1.0,1.17145536458252E-15,6.12323399573676E-17));
#8014=DIRECTION('',(-6.12323399573676E-17,0.0,-1.0));
#8015=CARTESIAN_POINT('',(2.7937600000011,-5.53442372443494E-15,3.10094614397593E-18));
#8016=DIRECTION('',(-1.0,1.17145536458252E-15,6.12323399573677E-17));
#8017=DIRECTION('',(-6.12323399573676E-17,0.0,-1.0));
#8018=CARTESIAN_POINT('',(2.7937600000011,-5.53442372443494E-15,3.10094614397593E-18));
#8019=DIRECTION('',(-1.0,1.17145536458252E-15,6.12323399573677E-17));
#8020=DIRECTION('',(-6.12323399573676E-17,0.0,-1.0));
#8021=CARTESIAN_POINT('',(0.24404189885343,0.0634494460819206,6.07465256009995E-18));
#8022=DIRECTION('',(-0.99969379818131,0.0247448959954413,6.12135905035101E-17));
#8023=DIRECTION('',(-6.12323399573676E-17,0.0,-1.0));
#8024=CARTESIAN_POINT('',(2.7937600000011,-5.53442372443494E-15,3.10094614397593E-18));
#8025=DIRECTION('',(-1.0,1.17145536458252E-15,6.12323399573677E-17));
#8026=DIRECTION('',(6.12323399573676E-17,0.0,1.0));
#8027=CARTESIAN_POINT('',(7.08660246088847,0.0,3.11223043289141E-14));
#8028=DIRECTION('',(1.0,0.0,3.4531337537902E-15));
#8029=DIRECTION('',(3.4531337537902E-15,0.0,-1.0));
#8030=CARTESIAN_POINT('',(2.46088847011272E-06,0.0,6.53312766403355E-15));
#8031=DIRECTION('',(-1.0,0.0,-3.34226329950188E-15));
#8032=DIRECTION('',(-3.34226329950188E-15,0.0,1.0));
#8033=CARTESIAN_POINT('',(2.46088847011272E-06,0.0,6.53312766403355E-15));
#8034=DIRECTION('',(-1.0,0.0,-3.3597563955162E-15));
#8035=DIRECTION('',(-3.3597563955162E-15,0.0,1.0));
#8036=CARTESIAN_POINT('',(-1.82879753911153,0.0,3.3001466009554E-16));
#8037=DIRECTION('',(-1.0,0.0,-3.39477290486895E-15));
#8038=DIRECTION('',(-3.39477290486895E-15,0.0,1.0));
#8039=CARTESIAN_POINT('',(-1.93039753911153,0.0,-1.46027290121262E-17));
#8040=DIRECTION('',(-1.0,0.0,-3.39190343609908E-15));
#8041=DIRECTION('',(-3.39190343609908E-15,0.0,1.0));
#8042=CARTESIAN_POINT('',(-1.93039753911153,0.0,-1.46027290121262E-17));
#8043=DIRECTION('',(-1.0,0.0,-3.4531337537902E-15));
#8044=DIRECTION('',(0.0,1.0,0.0));
#8045=CARTESIAN_POINT('',(-1.16839753911153,0.0,2.61668519137601E-15));
#8046=DIRECTION('',(1.0,0.0,3.4531337537902E-15));
#8047=DIRECTION('',(0.0,-1.0,0.0));
#8048=CARTESIAN_POINT('',(3.14960246088847,0.0,1.75273167402421E-14));
#8049=DIRECTION('',(-1.0,0.0,-3.4531337537902E-15));
#8050=DIRECTION('',(0.0,1.0,0.0));
#8051=CARTESIAN_POINT('',(5.68960246088847,0.0,2.62982764748692E-14));
#8052=DIRECTION('',(-1.0,0.0,-3.4531337537902E-15));
#8053=DIRECTION('',(0.0,1.0,0.0));
#8054=DIRECTION('',(1.0,0.0,3.4531337537902E-15));
#8055=DIRECTION('',(3.4531337537902E-15,0.0,-1.0));
#8056=DIRECTION('',(-1.0,0.0,-3.4531337537902E-15));
#8057=DIRECTION('',(-3.4531337537902E-15,0.0,1.0));
#8058=DIRECTION('',(1.0,0.0,3.4531337537902E-15));
#8059=DIRECTION('',(3.4531337537902E-15,0.0,-1.0));
#8060=DIRECTION('',(1.0,0.0,3.4531337537902E-15));
#8061=DIRECTION('',(-3.4531337537902E-15,0.0,1.0));
#8062=DIRECTION('',(0.0,1.0,0.0));
#8063=DIRECTION('',(3.4531337537902E-15,0.0,-1.0));
#8064=DIRECTION('',(0.0,1.0,0.0));
#8065=DIRECTION('',(0.0,1.0,0.0));
#8066=DIRECTION('',(-3.4531337537902E-15,0.0,1.0));
#8067=DIRECTION('',(0.0,-1.0,0.0));
#8068=DIRECTION('',(3.4531337537902E-15,0.0,-1.0));
#8069=DIRECTION('',(0.0,1.0,0.0));
#8070=DIRECTION('',(-3.4531337537902E-15,0.0,1.0));
#8071=DIRECTION('',(0.0,1.0,0.0));
#8072=DIRECTION('',(-3.4531337537902E-15,0.0,1.0));
#8073=DIRECTION('',(0.0,-1.0,0.0));
#8074=DIRECTION('',(3.4531337537902E-15,0.0,-1.0));
#8075=DIRECTION('',(0.0,1.0,0.0));
#8076=DIRECTION('',(3.4531337537902E-15,0.0,-1.0));
#8077=DIRECTION('',(1.0,0.0,3.4531337537902E-15));
#8078=DIRECTION('',(1.0,0.0,3.4531337537902E-15));
#8079=DIRECTION('',(3.4531337537902E-15,0.0,-1.0));
#8080=DIRECTION('',(1.0,0.0,3.4531337537902E-15));
#8081=DIRECTION('',(1.0,0.0,3.4531337537902E-15));
#8082=DIRECTION('',(0.0,1.0,0.0));
#8083=DIRECTION('',(0.0,-1.0,0.0));
#8084=DIRECTION('',(-1.0,0.0,-3.4531337537902E-15));
#8085=DIRECTION('',(1.0,0.0,3.4531337537902E-15));
#8086=DIRECTION('',(0.0,-1.0,0.0));
#8087=DIRECTION('',(0.0,-1.0,0.0));
#8088=DIRECTION('',(0.0,-1.0,0.0));
#8089=DIRECTION('',(1.0,0.0,3.4531337537902E-15));
#8090=DIRECTION('',(1.0,0.0,3.4531337537902E-15));
#8091=DIRECTION('',(0.0,1.0,0.0));
#8092=DIRECTION('',(3.4531337537902E-15,0.0,-1.0));
#8093=DIRECTION('',(-3.4531337537902E-15,0.0,1.0));
#8094=DIRECTION('',(1.0,0.0,3.4531337537902E-15));
#8095=DIRECTION('',(-3.4531337537902E-15,0.0,1.0));
#8096=DIRECTION('',(0.0,1.0,0.0));
#8097=DIRECTION('',(3.4531337537902E-15,0.0,-1.0));
#8098=DIRECTION('',(0.0,1.0,0.0));
#8099=DIRECTION('',(1.0,0.0,3.4531337537902E-15));
#8100=DIRECTION('',(-1.0,0.0,-3.4531337537902E-15));
#8101=DIRECTION('',(1.0,0.0,3.4531337537902E-15));
#8102=PRESENTATION_LAYER_ASSIGNMENT('','',(#118,#120,#122,#124,#126,#128,#130,#132,#134,#136,#138,#140,#142,#144,#146,#148,#150,#152,#154,#156,#158,#160,#162,#164,#166,#168,#170,#172,#174,#176,#180,#182,#184,#186,#188,#190,#200,#202,#204,#206,#208,#210,#212,#214,#216,#218,#220,#222,#224,#226,#228,#230,#232,#234,#236,#238,#242,#244,#246,#248,#250,#252,#254,#256,#258,#260,#262,#264,#266,#268,#270,#272,#274,#276,#278,#280,#282,#284,#286,#288,#290,#292,#294,#296,#298,#300,#302,#304,#2066,#2068,#2071,#2072,#2076,#2077,#2078,#2079,#2080,#2083,#2085,#2086,#2087,#2088,#2089,#2093,#2096,#2098,#2102,#2105,#2106,#2108,#2110,#2113,#2114,#2116,#2118,#2121,#2122,#2124,#2126,#2129,#2130,#2132,#2134,#2137,#2138,#2140,#2142,#2145,#2146,#2149,#2150,#2153,#2155,#2157,#2160,#2161,#2163,#2165,#2168,#2169,#2171,#2173,#2176,#2177,#2179,#2181,#2184,#2185,#2188,#2189,#2192,#2199,#2202,#2203,#2204,#2206,#2207,#2212,#2213,#2216,#2221,#2226,#2229,#2231,#2233,#2236,#2237,#2240,#2241,#2247,#2249,#2250,#2253,#2254,#2255,#2256,#2258,#2259,#2260,#2261,#2263,#2264,#2265,#2266,#2268,#2270,#2271,#2272,#2273,#2275,#2276,#2277,#2279,#2280,#2281,#2283,#2284,#2286,#2288,#2290,#2291,#2292,#2294,#2296,#2301,#2303,#2305,#2306,#2308,#2309,#2311,#2313,#2315,#2317,#2319,#2321,#2324,#2325,#2327,#2329,#2330,#2331,#2332,#2333,#2334,#2335,#2336,#2338,#2339,#2340,#2342,#2343,#2344,#2345,#2347,#2348,#2349,#2350,#2352,#2353,#2354,#2356,#2357,#2358,#2360,#2361,#2362,#2364,#2367,#2368,#2369,#2370,#2372,#2374,#2375,#2376,#2378,#2379,#2381,#2382,#2384,#2385,#2386,#2387,#2389,#2391,#2393,#2400,#2402,#2407,#2409,#2413,#2415,#2417,#2419,#2422,#2427,#2429,#2431,#2433,#2435,#2437,#2439,#2445,#2452,#2454,#2460,#2597,#2604,#2615,#2617,#2623,#2634,#2641,#2649,#2653,#2664,#2671,#2677,#2691,#2692,#2694,#2696,#2700,#2702,#2704,#2708,#2709,#2712,#2718,#2719,#2721,#2723,#2727,#2732,#2737,#2784,#2785,#2787,#2789,#2791,#2793,#2795,#2797,#2801,#2803,#2807,#2808,#2810,#2812,#2816,#2817,#2819,#2821,#2825,#2827,#2831,#2832,#2837,#2838,#2846,#2849,#2855,#2856,#2861,#2865,#2869,#2871));
ENDSEC;
END-ISO-10303-21;
